sample_id	mapping_info	bam_link	bai_link
HG03579	R941_minimap2_2.28	https://s3-us-west-2.amazonaws.com/human-pangenomics/submissions/ca366a13-5bad-487b-8a57-97344e9aa0e4--HPRC_RELEASE_2_SUPPLEMENTARY_ASSEMBLY_QC/HG03579/hprc_r2/assembly_qc/read_alignments/ont/HG03579.R941_minimap2_2.28.corrected.bam	https://s3-us-west-2.amazonaws.com/human-pangenomics/submissions/ca366a13-5bad-487b-8a57-97344e9aa0e4--HPRC_RELEASE_2_SUPPLEMENTARY_ASSEMBLY_QC/HG03579/hprc_r2/assembly_qc/read_alignments/ont/HG03579.R941_minimap2_2.28.corrected.bam.bai
HG03540	R941_minimap2_2.28	https://s3-us-west-2.amazonaws.com/human-pangenomics/submissions/ca366a13-5bad-487b-8a57-97344e9aa0e4--HPRC_RELEASE_2_SUPPLEMENTARY_ASSEMBLY_QC/HG03540/hprc_r2/assembly_qc/read_alignments/ont/HG03540.R941_minimap2_2.28.corrected.bam	https://s3-us-west-2.amazonaws.com/human-pangenomics/submissions/ca366a13-5bad-487b-8a57-97344e9aa0e4--HPRC_RELEASE_2_SUPPLEMENTARY_ASSEMBLY_QC/HG03540/hprc_r2/assembly_qc/read_alignments/ont/HG03540.R941_minimap2_2.28.corrected.bam.bai
HG03516	R941_minimap2_2.28	https://s3-us-west-2.amazonaws.com/human-pangenomics/submissions/ca366a13-5bad-487b-8a57-97344e9aa0e4--HPRC_RELEASE_2_SUPPLEMENTARY_ASSEMBLY_QC/HG03516/hprc_r2/assembly_qc/read_alignments/ont/HG03516.R941_minimap2_2.28.corrected.bam	https://s3-us-west-2.amazonaws.com/human-pangenomics/submissions/ca366a13-5bad-487b-8a57-97344e9aa0e4--HPRC_RELEASE_2_SUPPLEMENTARY_ASSEMBLY_QC/HG03516/hprc_r2/assembly_qc/read_alignments/ont/HG03516.R941_minimap2_2.28.corrected.bam.bai
HG03453	R941_minimap2_2.28	https://s3-us-west-2.amazonaws.com/human-pangenomics/submissions/ca366a13-5bad-487b-8a57-97344e9aa0e4--HPRC_RELEASE_2_SUPPLEMENTARY_ASSEMBLY_QC/HG03453/hprc_r2/assembly_qc/read_alignments/ont/HG03453.R941_minimap2_2.28.corrected.bam	https://s3-us-west-2.amazonaws.com/human-pangenomics/submissions/ca366a13-5bad-487b-8a57-97344e9aa0e4--HPRC_RELEASE_2_SUPPLEMENTARY_ASSEMBLY_QC/HG03453/hprc_r2/assembly_qc/read_alignments/ont/HG03453.R941_minimap2_2.28.corrected.bam.bai
HG02886	R941_minimap2_2.28	https://s3-us-west-2.amazonaws.com/human-pangenomics/submissions/ca366a13-5bad-487b-8a57-97344e9aa0e4--HPRC_RELEASE_2_SUPPLEMENTARY_ASSEMBLY_QC/HG02886/hprc_r2/assembly_qc/read_alignments/ont/HG02886.R941_minimap2_2.28.corrected.bam	https://s3-us-west-2.amazonaws.com/human-pangenomics/submissions/ca366a13-5bad-487b-8a57-97344e9aa0e4--HPRC_RELEASE_2_SUPPLEMENTARY_ASSEMBLY_QC/HG02886/hprc_r2/assembly_qc/read_alignments/ont/HG02886.R941_minimap2_2.28.corrected.bam.bai
HG02717	R941_minimap2_2.28	https://s3-us-west-2.amazonaws.com/human-pangenomics/submissions/ca366a13-5bad-487b-8a57-97344e9aa0e4--HPRC_RELEASE_2_SUPPLEMENTARY_ASSEMBLY_QC/HG02717/hprc_r2/assembly_qc/read_alignments/ont/HG02717.R941_minimap2_2.28.corrected.bam	https://s3-us-west-2.amazonaws.com/human-pangenomics/submissions/ca366a13-5bad-487b-8a57-97344e9aa0e4--HPRC_RELEASE_2_SUPPLEMENTARY_ASSEMBLY_QC/HG02717/hprc_r2/assembly_qc/read_alignments/ont/HG02717.R941_minimap2_2.28.corrected.bam.bai
HG02630	R941_minimap2_2.28	https://s3-us-west-2.amazonaws.com/human-pangenomics/submissions/ca366a13-5bad-487b-8a57-97344e9aa0e4--HPRC_RELEASE_2_SUPPLEMENTARY_ASSEMBLY_QC/HG02630/hprc_r2/assembly_qc/read_alignments/ont/HG02630.R941_minimap2_2.28.corrected.bam	https://s3-us-west-2.amazonaws.com/human-pangenomics/submissions/ca366a13-5bad-487b-8a57-97344e9aa0e4--HPRC_RELEASE_2_SUPPLEMENTARY_ASSEMBLY_QC/HG02630/hprc_r2/assembly_qc/read_alignments/ont/HG02630.R941_minimap2_2.28.corrected.bam.bai
HG02622	R941_minimap2_2.28	https://s3-us-west-2.amazonaws.com/human-pangenomics/submissions/ca366a13-5bad-487b-8a57-97344e9aa0e4--HPRC_RELEASE_2_SUPPLEMENTARY_ASSEMBLY_QC/HG02622/hprc_r2/assembly_qc/read_alignments/ont/HG02622.R941_minimap2_2.28.corrected.bam	https://s3-us-west-2.amazonaws.com/human-pangenomics/submissions/ca366a13-5bad-487b-8a57-97344e9aa0e4--HPRC_RELEASE_2_SUPPLEMENTARY_ASSEMBLY_QC/HG02622/hprc_r2/assembly_qc/read_alignments/ont/HG02622.R941_minimap2_2.28.corrected.bam.bai
HG02572	R941_minimap2_2.28	https://s3-us-west-2.amazonaws.com/human-pangenomics/submissions/ca366a13-5bad-487b-8a57-97344e9aa0e4--HPRC_RELEASE_2_SUPPLEMENTARY_ASSEMBLY_QC/HG02572/hprc_r2/assembly_qc/read_alignments/ont/HG02572.R941_minimap2_2.28.corrected.bam	https://s3-us-west-2.amazonaws.com/human-pangenomics/submissions/ca366a13-5bad-487b-8a57-97344e9aa0e4--HPRC_RELEASE_2_SUPPLEMENTARY_ASSEMBLY_QC/HG02572/hprc_r2/assembly_qc/read_alignments/ont/HG02572.R941_minimap2_2.28.corrected.bam.bai
HG02559	R941_minimap2_2.28	https://s3-us-west-2.amazonaws.com/human-pangenomics/submissions/ca366a13-5bad-487b-8a57-97344e9aa0e4--HPRC_RELEASE_2_SUPPLEMENTARY_ASSEMBLY_QC/HG02559/hprc_r2/assembly_qc/read_alignments/ont/HG02559.R941_minimap2_2.28.corrected.bam	https://s3-us-west-2.amazonaws.com/human-pangenomics/submissions/ca366a13-5bad-487b-8a57-97344e9aa0e4--HPRC_RELEASE_2_SUPPLEMENTARY_ASSEMBLY_QC/HG02559/hprc_r2/assembly_qc/read_alignments/ont/HG02559.R941_minimap2_2.28.corrected.bam.bai
HG02486	R941_minimap2_2.28	https://s3-us-west-2.amazonaws.com/human-pangenomics/submissions/ca366a13-5bad-487b-8a57-97344e9aa0e4--HPRC_RELEASE_2_SUPPLEMENTARY_ASSEMBLY_QC/HG02486/hprc_r2/assembly_qc/read_alignments/ont/HG02486.R941_minimap2_2.28.corrected.bam	https://s3-us-west-2.amazonaws.com/human-pangenomics/submissions/ca366a13-5bad-487b-8a57-97344e9aa0e4--HPRC_RELEASE_2_SUPPLEMENTARY_ASSEMBLY_QC/HG02486/hprc_r2/assembly_qc/read_alignments/ont/HG02486.R941_minimap2_2.28.corrected.bam.bai
HG02257	R941_minimap2_2.28	https://s3-us-west-2.amazonaws.com/human-pangenomics/submissions/ca366a13-5bad-487b-8a57-97344e9aa0e4--HPRC_RELEASE_2_SUPPLEMENTARY_ASSEMBLY_QC/HG02257/hprc_r2/assembly_qc/read_alignments/ont/HG02257.R941_minimap2_2.28.corrected.bam	https://s3-us-west-2.amazonaws.com/human-pangenomics/submissions/ca366a13-5bad-487b-8a57-97344e9aa0e4--HPRC_RELEASE_2_SUPPLEMENTARY_ASSEMBLY_QC/HG02257/hprc_r2/assembly_qc/read_alignments/ont/HG02257.R941_minimap2_2.28.corrected.bam.bai
HG02148	R941_minimap2_2.28	https://s3-us-west-2.amazonaws.com/human-pangenomics/submissions/ca366a13-5bad-487b-8a57-97344e9aa0e4--HPRC_RELEASE_2_SUPPLEMENTARY_ASSEMBLY_QC/HG02148/hprc_r2/assembly_qc/read_alignments/ont/HG02148.R941_minimap2_2.28.corrected.bam	https://s3-us-west-2.amazonaws.com/human-pangenomics/submissions/ca366a13-5bad-487b-8a57-97344e9aa0e4--HPRC_RELEASE_2_SUPPLEMENTARY_ASSEMBLY_QC/HG02148/hprc_r2/assembly_qc/read_alignments/ont/HG02148.R941_minimap2_2.28.corrected.bam.bai
HG01978	R941_minimap2_2.28	https://s3-us-west-2.amazonaws.com/human-pangenomics/submissions/ca366a13-5bad-487b-8a57-97344e9aa0e4--HPRC_RELEASE_2_SUPPLEMENTARY_ASSEMBLY_QC/HG01978/hprc_r2/assembly_qc/read_alignments/ont/HG01978.R941_minimap2_2.28.corrected.bam	https://s3-us-west-2.amazonaws.com/human-pangenomics/submissions/ca366a13-5bad-487b-8a57-97344e9aa0e4--HPRC_RELEASE_2_SUPPLEMENTARY_ASSEMBLY_QC/HG01978/hprc_r2/assembly_qc/read_alignments/ont/HG01978.R941_minimap2_2.28.corrected.bam.bai
HG01952	R941_minimap2_2.28	https://s3-us-west-2.amazonaws.com/human-pangenomics/submissions/ca366a13-5bad-487b-8a57-97344e9aa0e4--HPRC_RELEASE_2_SUPPLEMENTARY_ASSEMBLY_QC/HG01952/hprc_r2/assembly_qc/read_alignments/ont/HG01952.R941_minimap2_2.28.corrected.bam	https://s3-us-west-2.amazonaws.com/human-pangenomics/submissions/ca366a13-5bad-487b-8a57-97344e9aa0e4--HPRC_RELEASE_2_SUPPLEMENTARY_ASSEMBLY_QC/HG01952/hprc_r2/assembly_qc/read_alignments/ont/HG01952.R941_minimap2_2.28.corrected.bam.bai
HG01928	R941_minimap2_2.28	https://s3-us-west-2.amazonaws.com/human-pangenomics/submissions/ca366a13-5bad-487b-8a57-97344e9aa0e4--HPRC_RELEASE_2_SUPPLEMENTARY_ASSEMBLY_QC/HG01928/hprc_r2/assembly_qc/read_alignments/ont/HG01928.R941_minimap2_2.28.corrected.bam	https://s3-us-west-2.amazonaws.com/human-pangenomics/submissions/ca366a13-5bad-487b-8a57-97344e9aa0e4--HPRC_RELEASE_2_SUPPLEMENTARY_ASSEMBLY_QC/HG01928/hprc_r2/assembly_qc/read_alignments/ont/HG01928.R941_minimap2_2.28.corrected.bam.bai
HG01891	R941_minimap2_2.28	https://s3-us-west-2.amazonaws.com/human-pangenomics/submissions/ca366a13-5bad-487b-8a57-97344e9aa0e4--HPRC_RELEASE_2_SUPPLEMENTARY_ASSEMBLY_QC/HG01891/hprc_r2/assembly_qc/read_alignments/ont/HG01891.R941_minimap2_2.28.corrected.bam	https://s3-us-west-2.amazonaws.com/human-pangenomics/submissions/ca366a13-5bad-487b-8a57-97344e9aa0e4--HPRC_RELEASE_2_SUPPLEMENTARY_ASSEMBLY_QC/HG01891/hprc_r2/assembly_qc/read_alignments/ont/HG01891.R941_minimap2_2.28.corrected.bam.bai
HG01361	R941_minimap2_2.28	https://s3-us-west-2.amazonaws.com/human-pangenomics/submissions/ca366a13-5bad-487b-8a57-97344e9aa0e4--HPRC_RELEASE_2_SUPPLEMENTARY_ASSEMBLY_QC/HG01361/hprc_r2/assembly_qc/read_alignments/ont/HG01361.R941_minimap2_2.28.corrected.bam	https://s3-us-west-2.amazonaws.com/human-pangenomics/submissions/ca366a13-5bad-487b-8a57-97344e9aa0e4--HPRC_RELEASE_2_SUPPLEMENTARY_ASSEMBLY_QC/HG01361/hprc_r2/assembly_qc/read_alignments/ont/HG01361.R941_minimap2_2.28.corrected.bam.bai
HG01358	R941_minimap2_2.28	https://s3-us-west-2.amazonaws.com/human-pangenomics/submissions/ca366a13-5bad-487b-8a57-97344e9aa0e4--HPRC_RELEASE_2_SUPPLEMENTARY_ASSEMBLY_QC/HG01358/hprc_r2/assembly_qc/read_alignments/ont/HG01358.R941_minimap2_2.28.corrected.bam	https://s3-us-west-2.amazonaws.com/human-pangenomics/submissions/ca366a13-5bad-487b-8a57-97344e9aa0e4--HPRC_RELEASE_2_SUPPLEMENTARY_ASSEMBLY_QC/HG01358/hprc_r2/assembly_qc/read_alignments/ont/HG01358.R941_minimap2_2.28.corrected.bam.bai
HG01258	R941_minimap2_2.28	https://s3-us-west-2.amazonaws.com/human-pangenomics/submissions/ca366a13-5bad-487b-8a57-97344e9aa0e4--HPRC_RELEASE_2_SUPPLEMENTARY_ASSEMBLY_QC/HG01258/hprc_r2/assembly_qc/read_alignments/ont/HG01258.R941_minimap2_2.28.corrected.bam	https://s3-us-west-2.amazonaws.com/human-pangenomics/submissions/ca366a13-5bad-487b-8a57-97344e9aa0e4--HPRC_RELEASE_2_SUPPLEMENTARY_ASSEMBLY_QC/HG01258/hprc_r2/assembly_qc/read_alignments/ont/HG01258.R941_minimap2_2.28.corrected.bam.bai
HG01175	R941_minimap2_2.28	https://s3-us-west-2.amazonaws.com/human-pangenomics/submissions/ca366a13-5bad-487b-8a57-97344e9aa0e4--HPRC_RELEASE_2_SUPPLEMENTARY_ASSEMBLY_QC/HG01175/hprc_r2/assembly_qc/read_alignments/ont/HG01175.R941_minimap2_2.28.corrected.bam	https://s3-us-west-2.amazonaws.com/human-pangenomics/submissions/ca366a13-5bad-487b-8a57-97344e9aa0e4--HPRC_RELEASE_2_SUPPLEMENTARY_ASSEMBLY_QC/HG01175/hprc_r2/assembly_qc/read_alignments/ont/HG01175.R941_minimap2_2.28.corrected.bam.bai
HG01123	R941_minimap2_2.28	https://s3-us-west-2.amazonaws.com/human-pangenomics/submissions/ca366a13-5bad-487b-8a57-97344e9aa0e4--HPRC_RELEASE_2_SUPPLEMENTARY_ASSEMBLY_QC/HG01123/hprc_r2/assembly_qc/read_alignments/ont/HG01123.R941_minimap2_2.28.corrected.bam	https://s3-us-west-2.amazonaws.com/human-pangenomics/submissions/ca366a13-5bad-487b-8a57-97344e9aa0e4--HPRC_RELEASE_2_SUPPLEMENTARY_ASSEMBLY_QC/HG01123/hprc_r2/assembly_qc/read_alignments/ont/HG01123.R941_minimap2_2.28.corrected.bam.bai
HG01106	R941_minimap2_2.28	https://s3-us-west-2.amazonaws.com/human-pangenomics/submissions/ca366a13-5bad-487b-8a57-97344e9aa0e4--HPRC_RELEASE_2_SUPPLEMENTARY_ASSEMBLY_QC/HG01106/hprc_r2/assembly_qc/read_alignments/ont/HG01106.R941_minimap2_2.28.corrected.bam	https://s3-us-west-2.amazonaws.com/human-pangenomics/submissions/ca366a13-5bad-487b-8a57-97344e9aa0e4--HPRC_RELEASE_2_SUPPLEMENTARY_ASSEMBLY_QC/HG01106/hprc_r2/assembly_qc/read_alignments/ont/HG01106.R941_minimap2_2.28.corrected.bam.bai
HG01071	R941_minimap2_2.28	https://s3-us-west-2.amazonaws.com/human-pangenomics/submissions/ca366a13-5bad-487b-8a57-97344e9aa0e4--HPRC_RELEASE_2_SUPPLEMENTARY_ASSEMBLY_QC/HG01071/hprc_r2/assembly_qc/read_alignments/ont/HG01071.R941_minimap2_2.28.corrected.bam	https://s3-us-west-2.amazonaws.com/human-pangenomics/submissions/ca366a13-5bad-487b-8a57-97344e9aa0e4--HPRC_RELEASE_2_SUPPLEMENTARY_ASSEMBLY_QC/HG01071/hprc_r2/assembly_qc/read_alignments/ont/HG01071.R941_minimap2_2.28.corrected.bam.bai
HG00741	R941_minimap2_2.28	https://s3-us-west-2.amazonaws.com/human-pangenomics/submissions/ca366a13-5bad-487b-8a57-97344e9aa0e4--HPRC_RELEASE_2_SUPPLEMENTARY_ASSEMBLY_QC/HG00741/hprc_r2/assembly_qc/read_alignments/ont/HG00741.R941_minimap2_2.28.corrected.bam	https://s3-us-west-2.amazonaws.com/human-pangenomics/submissions/ca366a13-5bad-487b-8a57-97344e9aa0e4--HPRC_RELEASE_2_SUPPLEMENTARY_ASSEMBLY_QC/HG00741/hprc_r2/assembly_qc/read_alignments/ont/HG00741.R941_minimap2_2.28.corrected.bam.bai
HG00735	R941_minimap2_2.28	https://s3-us-west-2.amazonaws.com/human-pangenomics/submissions/ca366a13-5bad-487b-8a57-97344e9aa0e4--HPRC_RELEASE_2_SUPPLEMENTARY_ASSEMBLY_QC/HG00735/hprc_r2/assembly_qc/read_alignments/ont/HG00735.R941_minimap2_2.28.corrected.bam	https://s3-us-west-2.amazonaws.com/human-pangenomics/submissions/ca366a13-5bad-487b-8a57-97344e9aa0e4--HPRC_RELEASE_2_SUPPLEMENTARY_ASSEMBLY_QC/HG00735/hprc_r2/assembly_qc/read_alignments/ont/HG00735.R941_minimap2_2.28.corrected.bam.bai
HG00673	R941_minimap2_2.28	https://s3-us-west-2.amazonaws.com/human-pangenomics/submissions/ca366a13-5bad-487b-8a57-97344e9aa0e4--HPRC_RELEASE_2_SUPPLEMENTARY_ASSEMBLY_QC/HG00673/hprc_r2/assembly_qc/read_alignments/ont/HG00673.R941_minimap2_2.28.corrected.bam	https://s3-us-west-2.amazonaws.com/human-pangenomics/submissions/ca366a13-5bad-487b-8a57-97344e9aa0e4--HPRC_RELEASE_2_SUPPLEMENTARY_ASSEMBLY_QC/HG00673/hprc_r2/assembly_qc/read_alignments/ont/HG00673.R941_minimap2_2.28.corrected.bam.bai
HG00621	R941_minimap2_2.28	https://s3-us-west-2.amazonaws.com/human-pangenomics/submissions/ca366a13-5bad-487b-8a57-97344e9aa0e4--HPRC_RELEASE_2_SUPPLEMENTARY_ASSEMBLY_QC/HG00621/hprc_r2/assembly_qc/read_alignments/ont/HG00621.R941_minimap2_2.28.corrected.bam	https://s3-us-west-2.amazonaws.com/human-pangenomics/submissions/ca366a13-5bad-487b-8a57-97344e9aa0e4--HPRC_RELEASE_2_SUPPLEMENTARY_ASSEMBLY_QC/HG00621/hprc_r2/assembly_qc/read_alignments/ont/HG00621.R941_minimap2_2.28.corrected.bam.bai
HG00438	R941_minimap2_2.28	https://s3-us-west-2.amazonaws.com/human-pangenomics/submissions/ca366a13-5bad-487b-8a57-97344e9aa0e4--HPRC_RELEASE_2_SUPPLEMENTARY_ASSEMBLY_QC/HG00438/hprc_r2/assembly_qc/read_alignments/ont/HG00438.R941_minimap2_2.28.corrected.bam	https://s3-us-west-2.amazonaws.com/human-pangenomics/submissions/ca366a13-5bad-487b-8a57-97344e9aa0e4--HPRC_RELEASE_2_SUPPLEMENTARY_ASSEMBLY_QC/HG00438/hprc_r2/assembly_qc/read_alignments/ont/HG00438.R941_minimap2_2.28.corrected.bam.bai
NA21144	R1041_minimap2_2.28	https://s3-us-west-2.amazonaws.com/human-pangenomics/submissions/ca366a13-5bad-487b-8a57-97344e9aa0e4--HPRC_RELEASE_2_SUPPLEMENTARY_ASSEMBLY_QC/NA21144/hprc_r2/assembly_qc/read_alignments/ont/NA21144.R1041_minimap2_2.28.corrected.bam	https://s3-us-west-2.amazonaws.com/human-pangenomics/submissions/ca366a13-5bad-487b-8a57-97344e9aa0e4--HPRC_RELEASE_2_SUPPLEMENTARY_ASSEMBLY_QC/NA21144/hprc_r2/assembly_qc/read_alignments/ont/NA21144.R1041_minimap2_2.28.corrected.bam.bai
NA21110	R1041_minimap2_2.28	https://s3-us-west-2.amazonaws.com/human-pangenomics/submissions/ca366a13-5bad-487b-8a57-97344e9aa0e4--HPRC_RELEASE_2_SUPPLEMENTARY_ASSEMBLY_QC/NA21110/hprc_r2/assembly_qc/read_alignments/ont/NA21110.R1041_minimap2_2.28.corrected.bam	https://s3-us-west-2.amazonaws.com/human-pangenomics/submissions/ca366a13-5bad-487b-8a57-97344e9aa0e4--HPRC_RELEASE_2_SUPPLEMENTARY_ASSEMBLY_QC/NA21110/hprc_r2/assembly_qc/read_alignments/ont/NA21110.R1041_minimap2_2.28.corrected.bam.bai
NA21106	R1041_minimap2_2.28	https://s3-us-west-2.amazonaws.com/human-pangenomics/submissions/ca366a13-5bad-487b-8a57-97344e9aa0e4--HPRC_RELEASE_2_SUPPLEMENTARY_ASSEMBLY_QC/NA21106/hprc_r2/assembly_qc/read_alignments/ont/NA21106.R1041_minimap2_2.28.corrected.bam	https://s3-us-west-2.amazonaws.com/human-pangenomics/submissions/ca366a13-5bad-487b-8a57-97344e9aa0e4--HPRC_RELEASE_2_SUPPLEMENTARY_ASSEMBLY_QC/NA21106/hprc_r2/assembly_qc/read_alignments/ont/NA21106.R1041_minimap2_2.28.corrected.bam.bai
NA21102	R1041_minimap2_2.28	https://s3-us-west-2.amazonaws.com/human-pangenomics/submissions/ca366a13-5bad-487b-8a57-97344e9aa0e4--HPRC_RELEASE_2_SUPPLEMENTARY_ASSEMBLY_QC/NA21102/hprc_r2/assembly_qc/read_alignments/ont/NA21102.R1041_minimap2_2.28.corrected.bam	https://s3-us-west-2.amazonaws.com/human-pangenomics/submissions/ca366a13-5bad-487b-8a57-97344e9aa0e4--HPRC_RELEASE_2_SUPPLEMENTARY_ASSEMBLY_QC/NA21102/hprc_r2/assembly_qc/read_alignments/ont/NA21102.R1041_minimap2_2.28.corrected.bam.bai
NA21093	R1041_minimap2_2.28	https://s3-us-west-2.amazonaws.com/human-pangenomics/submissions/ca366a13-5bad-487b-8a57-97344e9aa0e4--HPRC_RELEASE_2_SUPPLEMENTARY_ASSEMBLY_QC/NA21093/hprc_r2/assembly_qc/read_alignments/ont/NA21093.R1041_minimap2_2.28.corrected.bam	https://s3-us-west-2.amazonaws.com/human-pangenomics/submissions/ca366a13-5bad-487b-8a57-97344e9aa0e4--HPRC_RELEASE_2_SUPPLEMENTARY_ASSEMBLY_QC/NA21093/hprc_r2/assembly_qc/read_alignments/ont/NA21093.R1041_minimap2_2.28.corrected.bam.bai
NA20870	R1041_minimap2_2.28	https://s3-us-west-2.amazonaws.com/human-pangenomics/submissions/ca366a13-5bad-487b-8a57-97344e9aa0e4--HPRC_RELEASE_2_SUPPLEMENTARY_ASSEMBLY_QC/NA20870/hprc_r2/assembly_qc/read_alignments/ont/NA20870.R1041_minimap2_2.28.corrected.bam	https://s3-us-west-2.amazonaws.com/human-pangenomics/submissions/ca366a13-5bad-487b-8a57-97344e9aa0e4--HPRC_RELEASE_2_SUPPLEMENTARY_ASSEMBLY_QC/NA20870/hprc_r2/assembly_qc/read_alignments/ont/NA20870.R1041_minimap2_2.28.corrected.bam.bai
NA20850	R1041_minimap2_2.28	https://s3-us-west-2.amazonaws.com/human-pangenomics/submissions/ca366a13-5bad-487b-8a57-97344e9aa0e4--HPRC_RELEASE_2_SUPPLEMENTARY_ASSEMBLY_QC/NA20850/hprc_r2/assembly_qc/read_alignments/ont/NA20850.R1041_minimap2_2.28.corrected.bam	https://s3-us-west-2.amazonaws.com/human-pangenomics/submissions/ca366a13-5bad-487b-8a57-97344e9aa0e4--HPRC_RELEASE_2_SUPPLEMENTARY_ASSEMBLY_QC/NA20850/hprc_r2/assembly_qc/read_alignments/ont/NA20850.R1041_minimap2_2.28.corrected.bam.bai
NA20809	R1041_minimap2_2.28	https://s3-us-west-2.amazonaws.com/human-pangenomics/submissions/ca366a13-5bad-487b-8a57-97344e9aa0e4--HPRC_RELEASE_2_SUPPLEMENTARY_ASSEMBLY_QC/NA20809/hprc_r2/assembly_qc/read_alignments/ont/NA20809.R1041_minimap2_2.28.corrected.bam	https://s3-us-west-2.amazonaws.com/human-pangenomics/submissions/ca366a13-5bad-487b-8a57-97344e9aa0e4--HPRC_RELEASE_2_SUPPLEMENTARY_ASSEMBLY_QC/NA20809/hprc_r2/assembly_qc/read_alignments/ont/NA20809.R1041_minimap2_2.28.corrected.bam.bai
NA20346	R1041_minimap2_2.28	https://s3-us-west-2.amazonaws.com/human-pangenomics/submissions/ca366a13-5bad-487b-8a57-97344e9aa0e4--HPRC_RELEASE_2_SUPPLEMENTARY_ASSEMBLY_QC/NA20346/hprc_r2/assembly_qc/read_alignments/ont/NA20346.R1041_minimap2_2.28.corrected.bam	https://s3-us-west-2.amazonaws.com/human-pangenomics/submissions/ca366a13-5bad-487b-8a57-97344e9aa0e4--HPRC_RELEASE_2_SUPPLEMENTARY_ASSEMBLY_QC/NA20346/hprc_r2/assembly_qc/read_alignments/ont/NA20346.R1041_minimap2_2.28.corrected.bam.bai
NA20282	R1041_minimap2_2.28	https://s3-us-west-2.amazonaws.com/human-pangenomics/submissions/ca366a13-5bad-487b-8a57-97344e9aa0e4--HPRC_RELEASE_2_SUPPLEMENTARY_ASSEMBLY_QC/NA20282/hprc_r2/assembly_qc/read_alignments/ont/NA20282.R1041_minimap2_2.28.corrected.bam	https://s3-us-west-2.amazonaws.com/human-pangenomics/submissions/ca366a13-5bad-487b-8a57-97344e9aa0e4--HPRC_RELEASE_2_SUPPLEMENTARY_ASSEMBLY_QC/NA20282/hprc_r2/assembly_qc/read_alignments/ont/NA20282.R1041_minimap2_2.28.corrected.bam.bai
NA19909	R1041_minimap2_2.28	https://s3-us-west-2.amazonaws.com/human-pangenomics/submissions/ca366a13-5bad-487b-8a57-97344e9aa0e4--HPRC_RELEASE_2_SUPPLEMENTARY_ASSEMBLY_QC/NA19909/hprc_r2/assembly_qc/read_alignments/ont/NA19909.R1041_minimap2_2.28.corrected.bam	https://s3-us-west-2.amazonaws.com/human-pangenomics/submissions/ca366a13-5bad-487b-8a57-97344e9aa0e4--HPRC_RELEASE_2_SUPPLEMENTARY_ASSEMBLY_QC/NA19909/hprc_r2/assembly_qc/read_alignments/ont/NA19909.R1041_minimap2_2.28.corrected.bam.bai
NA19835	R1041_minimap2_2.28	https://s3-us-west-2.amazonaws.com/human-pangenomics/submissions/ca366a13-5bad-487b-8a57-97344e9aa0e4--HPRC_RELEASE_2_SUPPLEMENTARY_ASSEMBLY_QC/NA19835/hprc_r2/assembly_qc/read_alignments/ont/NA19835.R1041_minimap2_2.28.corrected.bam	https://s3-us-west-2.amazonaws.com/human-pangenomics/submissions/ca366a13-5bad-487b-8a57-97344e9aa0e4--HPRC_RELEASE_2_SUPPLEMENTARY_ASSEMBLY_QC/NA19835/hprc_r2/assembly_qc/read_alignments/ont/NA19835.R1041_minimap2_2.28.corrected.bam.bai
NA19776	R1041_minimap2_2.28	https://s3-us-west-2.amazonaws.com/human-pangenomics/submissions/ca366a13-5bad-487b-8a57-97344e9aa0e4--HPRC_RELEASE_2_SUPPLEMENTARY_ASSEMBLY_QC/NA19776/hprc_r2/assembly_qc/read_alignments/ont/NA19776.R1041_minimap2_2.28.corrected.bam	https://s3-us-west-2.amazonaws.com/human-pangenomics/submissions/ca366a13-5bad-487b-8a57-97344e9aa0e4--HPRC_RELEASE_2_SUPPLEMENTARY_ASSEMBLY_QC/NA19776/hprc_r2/assembly_qc/read_alignments/ont/NA19776.R1041_minimap2_2.28.corrected.bam.bai
NA19700	R1041_minimap2_2.28	https://s3-us-west-2.amazonaws.com/human-pangenomics/submissions/ca366a13-5bad-487b-8a57-97344e9aa0e4--HPRC_RELEASE_2_SUPPLEMENTARY_ASSEMBLY_QC/NA19700/hprc_r2/assembly_qc/read_alignments/ont/NA19700.R1041_minimap2_2.28.corrected.bam	https://s3-us-west-2.amazonaws.com/human-pangenomics/submissions/ca366a13-5bad-487b-8a57-97344e9aa0e4--HPRC_RELEASE_2_SUPPLEMENTARY_ASSEMBLY_QC/NA19700/hprc_r2/assembly_qc/read_alignments/ont/NA19700.R1041_minimap2_2.28.corrected.bam.bai
NA19682	R1041_minimap2_2.28	https://s3-us-west-2.amazonaws.com/human-pangenomics/submissions/ca366a13-5bad-487b-8a57-97344e9aa0e4--HPRC_RELEASE_2_SUPPLEMENTARY_ASSEMBLY_QC/NA19682/hprc_r2/assembly_qc/read_alignments/ont/NA19682.R1041_minimap2_2.28.corrected.bam	https://s3-us-west-2.amazonaws.com/human-pangenomics/submissions/ca366a13-5bad-487b-8a57-97344e9aa0e4--HPRC_RELEASE_2_SUPPLEMENTARY_ASSEMBLY_QC/NA19682/hprc_r2/assembly_qc/read_alignments/ont/NA19682.R1041_minimap2_2.28.corrected.bam.bai
NA19443	R1041_minimap2_2.28	https://s3-us-west-2.amazonaws.com/human-pangenomics/submissions/ca366a13-5bad-487b-8a57-97344e9aa0e4--HPRC_RELEASE_2_SUPPLEMENTARY_ASSEMBLY_QC/NA19443/hprc_r2/assembly_qc/read_alignments/ont/NA19443.R1041_minimap2_2.28.corrected.bam	https://s3-us-west-2.amazonaws.com/human-pangenomics/submissions/ca366a13-5bad-487b-8a57-97344e9aa0e4--HPRC_RELEASE_2_SUPPLEMENTARY_ASSEMBLY_QC/NA19443/hprc_r2/assembly_qc/read_alignments/ont/NA19443.R1041_minimap2_2.28.corrected.bam.bai
NA19036	R1041_minimap2_2.28	https://s3-us-west-2.amazonaws.com/human-pangenomics/submissions/ca366a13-5bad-487b-8a57-97344e9aa0e4--HPRC_RELEASE_2_SUPPLEMENTARY_ASSEMBLY_QC/NA19036/hprc_r2/assembly_qc/read_alignments/ont/NA19036.R1041_minimap2_2.28.corrected.bam	https://s3-us-west-2.amazonaws.com/human-pangenomics/submissions/ca366a13-5bad-487b-8a57-97344e9aa0e4--HPRC_RELEASE_2_SUPPLEMENTARY_ASSEMBLY_QC/NA19036/hprc_r2/assembly_qc/read_alignments/ont/NA19036.R1041_minimap2_2.28.corrected.bam.bai
NA18976	R1041_minimap2_2.28	https://s3-us-west-2.amazonaws.com/human-pangenomics/submissions/ca366a13-5bad-487b-8a57-97344e9aa0e4--HPRC_RELEASE_2_SUPPLEMENTARY_ASSEMBLY_QC/NA18976/hprc_r2/assembly_qc/read_alignments/ont/NA18976.R1041_minimap2_2.28.corrected.bam	https://s3-us-west-2.amazonaws.com/human-pangenomics/submissions/ca366a13-5bad-487b-8a57-97344e9aa0e4--HPRC_RELEASE_2_SUPPLEMENTARY_ASSEMBLY_QC/NA18976/hprc_r2/assembly_qc/read_alignments/ont/NA18976.R1041_minimap2_2.28.corrected.bam.bai
NA18974	R1041_minimap2_2.28	https://s3-us-west-2.amazonaws.com/human-pangenomics/submissions/ca366a13-5bad-487b-8a57-97344e9aa0e4--HPRC_RELEASE_2_SUPPLEMENTARY_ASSEMBLY_QC/NA18974/hprc_r2/assembly_qc/read_alignments/ont/NA18974.R1041_minimap2_2.28.corrected.bam	https://s3-us-west-2.amazonaws.com/human-pangenomics/submissions/ca366a13-5bad-487b-8a57-97344e9aa0e4--HPRC_RELEASE_2_SUPPLEMENTARY_ASSEMBLY_QC/NA18974/hprc_r2/assembly_qc/read_alignments/ont/NA18974.R1041_minimap2_2.28.corrected.bam.bai
NA18952	R1041_minimap2_2.28	https://s3-us-west-2.amazonaws.com/human-pangenomics/submissions/ca366a13-5bad-487b-8a57-97344e9aa0e4--HPRC_RELEASE_2_SUPPLEMENTARY_ASSEMBLY_QC/NA18952/hprc_r2/assembly_qc/read_alignments/ont/NA18952.R1041_minimap2_2.28.corrected.bam	https://s3-us-west-2.amazonaws.com/human-pangenomics/submissions/ca366a13-5bad-487b-8a57-97344e9aa0e4--HPRC_RELEASE_2_SUPPLEMENTARY_ASSEMBLY_QC/NA18952/hprc_r2/assembly_qc/read_alignments/ont/NA18952.R1041_minimap2_2.28.corrected.bam.bai
NA18620	R1041_minimap2_2.28	https://s3-us-west-2.amazonaws.com/human-pangenomics/submissions/ca366a13-5bad-487b-8a57-97344e9aa0e4--HPRC_RELEASE_2_SUPPLEMENTARY_ASSEMBLY_QC/NA18620/hprc_r2/assembly_qc/read_alignments/ont/NA18620.R1041_minimap2_2.28.corrected.bam	https://s3-us-west-2.amazonaws.com/human-pangenomics/submissions/ca366a13-5bad-487b-8a57-97344e9aa0e4--HPRC_RELEASE_2_SUPPLEMENTARY_ASSEMBLY_QC/NA18620/hprc_r2/assembly_qc/read_alignments/ont/NA18620.R1041_minimap2_2.28.corrected.bam.bai
NA18608	R1041_minimap2_2.28	https://s3-us-west-2.amazonaws.com/human-pangenomics/submissions/ca366a13-5bad-487b-8a57-97344e9aa0e4--HPRC_RELEASE_2_SUPPLEMENTARY_ASSEMBLY_QC/NA18608/hprc_r2/assembly_qc/read_alignments/ont/NA18608.R1041_minimap2_2.28.corrected.bam	https://s3-us-west-2.amazonaws.com/human-pangenomics/submissions/ca366a13-5bad-487b-8a57-97344e9aa0e4--HPRC_RELEASE_2_SUPPLEMENTARY_ASSEMBLY_QC/NA18608/hprc_r2/assembly_qc/read_alignments/ont/NA18608.R1041_minimap2_2.28.corrected.bam.bai
NA18565	R1041_minimap2_2.28	https://s3-us-west-2.amazonaws.com/human-pangenomics/submissions/ca366a13-5bad-487b-8a57-97344e9aa0e4--HPRC_RELEASE_2_SUPPLEMENTARY_ASSEMBLY_QC/NA18565/hprc_r2/assembly_qc/read_alignments/ont/NA18565.R1041_minimap2_2.28.corrected.bam	https://s3-us-west-2.amazonaws.com/human-pangenomics/submissions/ca366a13-5bad-487b-8a57-97344e9aa0e4--HPRC_RELEASE_2_SUPPLEMENTARY_ASSEMBLY_QC/NA18565/hprc_r2/assembly_qc/read_alignments/ont/NA18565.R1041_minimap2_2.28.corrected.bam.bai
NA18508	R1041_minimap2_2.28	https://s3-us-west-2.amazonaws.com/human-pangenomics/submissions/ca366a13-5bad-487b-8a57-97344e9aa0e4--HPRC_RELEASE_2_SUPPLEMENTARY_ASSEMBLY_QC/NA18508/hprc_r2/assembly_qc/read_alignments/ont/NA18508.R1041_minimap2_2.28.corrected.bam	https://s3-us-west-2.amazonaws.com/human-pangenomics/submissions/ca366a13-5bad-487b-8a57-97344e9aa0e4--HPRC_RELEASE_2_SUPPLEMENTARY_ASSEMBLY_QC/NA18508/hprc_r2/assembly_qc/read_alignments/ont/NA18508.R1041_minimap2_2.28.corrected.bam.bai
NA18505	R1041_minimap2_2.28	https://s3-us-west-2.amazonaws.com/human-pangenomics/submissions/ca366a13-5bad-487b-8a57-97344e9aa0e4--HPRC_RELEASE_2_SUPPLEMENTARY_ASSEMBLY_QC/NA18505/hprc_r2/assembly_qc/read_alignments/ont/NA18505.R1041_minimap2_2.28.corrected.bam	https://s3-us-west-2.amazonaws.com/human-pangenomics/submissions/ca366a13-5bad-487b-8a57-97344e9aa0e4--HPRC_RELEASE_2_SUPPLEMENTARY_ASSEMBLY_QC/NA18505/hprc_r2/assembly_qc/read_alignments/ont/NA18505.R1041_minimap2_2.28.corrected.bam.bai
HG04228	R941_minimap2_2.28	https://s3-us-west-2.amazonaws.com/human-pangenomics/submissions/ca366a13-5bad-487b-8a57-97344e9aa0e4--HPRC_RELEASE_2_SUPPLEMENTARY_ASSEMBLY_QC/HG04228/hprc_r2/assembly_qc/read_alignments/ont/HG04228.R941_minimap2_2.28.corrected.bam	https://s3-us-west-2.amazonaws.com/human-pangenomics/submissions/ca366a13-5bad-487b-8a57-97344e9aa0e4--HPRC_RELEASE_2_SUPPLEMENTARY_ASSEMBLY_QC/HG04228/hprc_r2/assembly_qc/read_alignments/ont/HG04228.R941_minimap2_2.28.corrected.bam.bai
HG04204	R941_minimap2_2.28	https://s3-us-west-2.amazonaws.com/human-pangenomics/submissions/ca366a13-5bad-487b-8a57-97344e9aa0e4--HPRC_RELEASE_2_SUPPLEMENTARY_ASSEMBLY_QC/HG04204/hprc_r2/assembly_qc/read_alignments/ont/HG04204.R941_minimap2_2.28.corrected.bam	https://s3-us-west-2.amazonaws.com/human-pangenomics/submissions/ca366a13-5bad-487b-8a57-97344e9aa0e4--HPRC_RELEASE_2_SUPPLEMENTARY_ASSEMBLY_QC/HG04204/hprc_r2/assembly_qc/read_alignments/ont/HG04204.R941_minimap2_2.28.corrected.bam.bai
HG04199	R941_minimap2_2.28	https://s3-us-west-2.amazonaws.com/human-pangenomics/submissions/ca366a13-5bad-487b-8a57-97344e9aa0e4--HPRC_RELEASE_2_SUPPLEMENTARY_ASSEMBLY_QC/HG04199/hprc_r2/assembly_qc/read_alignments/ont/HG04199.R941_minimap2_2.28.corrected.bam	https://s3-us-west-2.amazonaws.com/human-pangenomics/submissions/ca366a13-5bad-487b-8a57-97344e9aa0e4--HPRC_RELEASE_2_SUPPLEMENTARY_ASSEMBLY_QC/HG04199/hprc_r2/assembly_qc/read_alignments/ont/HG04199.R941_minimap2_2.28.corrected.bam.bai
HG04184	R941_minimap2_2.28	https://s3-us-west-2.amazonaws.com/human-pangenomics/submissions/ca366a13-5bad-487b-8a57-97344e9aa0e4--HPRC_RELEASE_2_SUPPLEMENTARY_ASSEMBLY_QC/HG04184/hprc_r2/assembly_qc/read_alignments/ont/HG04184.R941_minimap2_2.28.corrected.bam	https://s3-us-west-2.amazonaws.com/human-pangenomics/submissions/ca366a13-5bad-487b-8a57-97344e9aa0e4--HPRC_RELEASE_2_SUPPLEMENTARY_ASSEMBLY_QC/HG04184/hprc_r2/assembly_qc/read_alignments/ont/HG04184.R941_minimap2_2.28.corrected.bam.bai
HG04160	R941_minimap2_2.28	https://s3-us-west-2.amazonaws.com/human-pangenomics/submissions/ca366a13-5bad-487b-8a57-97344e9aa0e4--HPRC_RELEASE_2_SUPPLEMENTARY_ASSEMBLY_QC/HG04160/hprc_r2/assembly_qc/read_alignments/ont/HG04160.R941_minimap2_2.28.corrected.bam	https://s3-us-west-2.amazonaws.com/human-pangenomics/submissions/ca366a13-5bad-487b-8a57-97344e9aa0e4--HPRC_RELEASE_2_SUPPLEMENTARY_ASSEMBLY_QC/HG04160/hprc_r2/assembly_qc/read_alignments/ont/HG04160.R941_minimap2_2.28.corrected.bam.bai
HG04157	R941_minimap2_2.28	https://s3-us-west-2.amazonaws.com/human-pangenomics/submissions/ca366a13-5bad-487b-8a57-97344e9aa0e4--HPRC_RELEASE_2_SUPPLEMENTARY_ASSEMBLY_QC/HG04157/hprc_r2/assembly_qc/read_alignments/ont/HG04157.R941_minimap2_2.28.corrected.bam	https://s3-us-west-2.amazonaws.com/human-pangenomics/submissions/ca366a13-5bad-487b-8a57-97344e9aa0e4--HPRC_RELEASE_2_SUPPLEMENTARY_ASSEMBLY_QC/HG04157/hprc_r2/assembly_qc/read_alignments/ont/HG04157.R941_minimap2_2.28.corrected.bam.bai
HG04115	R941_minimap2_2.28	https://s3-us-west-2.amazonaws.com/human-pangenomics/submissions/ca366a13-5bad-487b-8a57-97344e9aa0e4--HPRC_RELEASE_2_SUPPLEMENTARY_ASSEMBLY_QC/HG04115/hprc_r2/assembly_qc/read_alignments/ont/HG04115.R941_minimap2_2.28.corrected.bam	https://s3-us-west-2.amazonaws.com/human-pangenomics/submissions/ca366a13-5bad-487b-8a57-97344e9aa0e4--HPRC_RELEASE_2_SUPPLEMENTARY_ASSEMBLY_QC/HG04115/hprc_r2/assembly_qc/read_alignments/ont/HG04115.R941_minimap2_2.28.corrected.bam.bai
HG03942	R941_minimap2_2.28	https://s3-us-west-2.amazonaws.com/human-pangenomics/submissions/ca366a13-5bad-487b-8a57-97344e9aa0e4--HPRC_RELEASE_2_SUPPLEMENTARY_ASSEMBLY_QC/HG03942/hprc_r2/assembly_qc/read_alignments/ont/HG03942.R941_minimap2_2.28.corrected.bam	https://s3-us-west-2.amazonaws.com/human-pangenomics/submissions/ca366a13-5bad-487b-8a57-97344e9aa0e4--HPRC_RELEASE_2_SUPPLEMENTARY_ASSEMBLY_QC/HG03942/hprc_r2/assembly_qc/read_alignments/ont/HG03942.R941_minimap2_2.28.corrected.bam.bai
HG03927	R941_minimap2_2.28	https://s3-us-west-2.amazonaws.com/human-pangenomics/submissions/ca366a13-5bad-487b-8a57-97344e9aa0e4--HPRC_RELEASE_2_SUPPLEMENTARY_ASSEMBLY_QC/HG03927/hprc_r2/assembly_qc/read_alignments/ont/HG03927.R941_minimap2_2.28.corrected.bam	https://s3-us-west-2.amazonaws.com/human-pangenomics/submissions/ca366a13-5bad-487b-8a57-97344e9aa0e4--HPRC_RELEASE_2_SUPPLEMENTARY_ASSEMBLY_QC/HG03927/hprc_r2/assembly_qc/read_alignments/ont/HG03927.R941_minimap2_2.28.corrected.bam.bai
HG03874	R1041_minimap2_2.28	https://s3-us-west-2.amazonaws.com/human-pangenomics/submissions/ca366a13-5bad-487b-8a57-97344e9aa0e4--HPRC_RELEASE_2_SUPPLEMENTARY_ASSEMBLY_QC/HG03874/hprc_r2/assembly_qc/read_alignments/ont/HG03874.R1041_minimap2_2.28.corrected.bam	https://s3-us-west-2.amazonaws.com/human-pangenomics/submissions/ca366a13-5bad-487b-8a57-97344e9aa0e4--HPRC_RELEASE_2_SUPPLEMENTARY_ASSEMBLY_QC/HG03874/hprc_r2/assembly_qc/read_alignments/ont/HG03874.R1041_minimap2_2.28.corrected.bam.bai
HG03834	R941_minimap2_2.28	https://s3-us-west-2.amazonaws.com/human-pangenomics/submissions/ca366a13-5bad-487b-8a57-97344e9aa0e4--HPRC_RELEASE_2_SUPPLEMENTARY_ASSEMBLY_QC/HG03834/hprc_r2/assembly_qc/read_alignments/ont/HG03834.R941_minimap2_2.28.corrected.bam	https://s3-us-west-2.amazonaws.com/human-pangenomics/submissions/ca366a13-5bad-487b-8a57-97344e9aa0e4--HPRC_RELEASE_2_SUPPLEMENTARY_ASSEMBLY_QC/HG03834/hprc_r2/assembly_qc/read_alignments/ont/HG03834.R941_minimap2_2.28.corrected.bam.bai
HG03831	R941_minimap2_2.28	https://s3-us-west-2.amazonaws.com/human-pangenomics/submissions/ca366a13-5bad-487b-8a57-97344e9aa0e4--HPRC_RELEASE_2_SUPPLEMENTARY_ASSEMBLY_QC/HG03831/hprc_r2/assembly_qc/read_alignments/ont/HG03831.R941_minimap2_2.28.corrected.bam	https://s3-us-west-2.amazonaws.com/human-pangenomics/submissions/ca366a13-5bad-487b-8a57-97344e9aa0e4--HPRC_RELEASE_2_SUPPLEMENTARY_ASSEMBLY_QC/HG03831/hprc_r2/assembly_qc/read_alignments/ont/HG03831.R941_minimap2_2.28.corrected.bam.bai
HG03804	R941_minimap2_2.28	https://s3-us-west-2.amazonaws.com/human-pangenomics/submissions/ca366a13-5bad-487b-8a57-97344e9aa0e4--HPRC_RELEASE_2_SUPPLEMENTARY_ASSEMBLY_QC/HG03804/hprc_r2/assembly_qc/read_alignments/ont/HG03804.R941_minimap2_2.28.corrected.bam	https://s3-us-west-2.amazonaws.com/human-pangenomics/submissions/ca366a13-5bad-487b-8a57-97344e9aa0e4--HPRC_RELEASE_2_SUPPLEMENTARY_ASSEMBLY_QC/HG03804/hprc_r2/assembly_qc/read_alignments/ont/HG03804.R941_minimap2_2.28.corrected.bam.bai
HG03784	R1041_minimap2_2.28	https://s3-us-west-2.amazonaws.com/human-pangenomics/submissions/ca366a13-5bad-487b-8a57-97344e9aa0e4--HPRC_RELEASE_2_SUPPLEMENTARY_ASSEMBLY_QC/HG03784/hprc_r2/assembly_qc/read_alignments/ont/HG03784.R1041_minimap2_2.28.corrected.bam	https://s3-us-west-2.amazonaws.com/human-pangenomics/submissions/ca366a13-5bad-487b-8a57-97344e9aa0e4--HPRC_RELEASE_2_SUPPLEMENTARY_ASSEMBLY_QC/HG03784/hprc_r2/assembly_qc/read_alignments/ont/HG03784.R1041_minimap2_2.28.corrected.bam.bai
HG03742	R941_minimap2_2.28	https://s3-us-west-2.amazonaws.com/human-pangenomics/submissions/ca366a13-5bad-487b-8a57-97344e9aa0e4--HPRC_RELEASE_2_SUPPLEMENTARY_ASSEMBLY_QC/HG03742/hprc_r2/assembly_qc/read_alignments/ont/HG03742.R941_minimap2_2.28.corrected.bam	https://s3-us-west-2.amazonaws.com/human-pangenomics/submissions/ca366a13-5bad-487b-8a57-97344e9aa0e4--HPRC_RELEASE_2_SUPPLEMENTARY_ASSEMBLY_QC/HG03742/hprc_r2/assembly_qc/read_alignments/ont/HG03742.R941_minimap2_2.28.corrected.bam.bai
HG03710	R941_minimap2_2.28	https://s3-us-west-2.amazonaws.com/human-pangenomics/submissions/ca366a13-5bad-487b-8a57-97344e9aa0e4--HPRC_RELEASE_2_SUPPLEMENTARY_ASSEMBLY_QC/HG03710/hprc_r2/assembly_qc/read_alignments/ont/HG03710.R941_minimap2_2.28.corrected.bam	https://s3-us-west-2.amazonaws.com/human-pangenomics/submissions/ca366a13-5bad-487b-8a57-97344e9aa0e4--HPRC_RELEASE_2_SUPPLEMENTARY_ASSEMBLY_QC/HG03710/hprc_r2/assembly_qc/read_alignments/ont/HG03710.R941_minimap2_2.28.corrected.bam.bai
HG03704	R941_minimap2_2.28	https://s3-us-west-2.amazonaws.com/human-pangenomics/submissions/ca366a13-5bad-487b-8a57-97344e9aa0e4--HPRC_RELEASE_2_SUPPLEMENTARY_ASSEMBLY_QC/HG03704/hprc_r2/assembly_qc/read_alignments/ont/HG03704.R941_minimap2_2.28.corrected.bam	https://s3-us-west-2.amazonaws.com/human-pangenomics/submissions/ca366a13-5bad-487b-8a57-97344e9aa0e4--HPRC_RELEASE_2_SUPPLEMENTARY_ASSEMBLY_QC/HG03704/hprc_r2/assembly_qc/read_alignments/ont/HG03704.R941_minimap2_2.28.corrected.bam.bai
HG03688	R941_minimap2_2.28	https://s3-us-west-2.amazonaws.com/human-pangenomics/submissions/ca366a13-5bad-487b-8a57-97344e9aa0e4--HPRC_RELEASE_2_SUPPLEMENTARY_ASSEMBLY_QC/HG03688/hprc_r2/assembly_qc/read_alignments/ont/HG03688.R941_minimap2_2.28.corrected.bam	https://s3-us-west-2.amazonaws.com/human-pangenomics/submissions/ca366a13-5bad-487b-8a57-97344e9aa0e4--HPRC_RELEASE_2_SUPPLEMENTARY_ASSEMBLY_QC/HG03688/hprc_r2/assembly_qc/read_alignments/ont/HG03688.R941_minimap2_2.28.corrected.bam.bai
HG03669	R941_minimap2_2.28	https://s3-us-west-2.amazonaws.com/human-pangenomics/submissions/ca366a13-5bad-487b-8a57-97344e9aa0e4--HPRC_RELEASE_2_SUPPLEMENTARY_ASSEMBLY_QC/HG03669/hprc_r2/assembly_qc/read_alignments/ont/HG03669.R941_minimap2_2.28.corrected.bam	https://s3-us-west-2.amazonaws.com/human-pangenomics/submissions/ca366a13-5bad-487b-8a57-97344e9aa0e4--HPRC_RELEASE_2_SUPPLEMENTARY_ASSEMBLY_QC/HG03669/hprc_r2/assembly_qc/read_alignments/ont/HG03669.R941_minimap2_2.28.corrected.bam.bai
HG03654	R941_minimap2_2.28	https://s3-us-west-2.amazonaws.com/human-pangenomics/submissions/ca366a13-5bad-487b-8a57-97344e9aa0e4--HPRC_RELEASE_2_SUPPLEMENTARY_ASSEMBLY_QC/HG03654/hprc_r2/assembly_qc/read_alignments/ont/HG03654.R941_minimap2_2.28.corrected.bam	https://s3-us-west-2.amazonaws.com/human-pangenomics/submissions/ca366a13-5bad-487b-8a57-97344e9aa0e4--HPRC_RELEASE_2_SUPPLEMENTARY_ASSEMBLY_QC/HG03654/hprc_r2/assembly_qc/read_alignments/ont/HG03654.R941_minimap2_2.28.corrected.bam.bai
HG03583	R1041_minimap2_2.28	https://s3-us-west-2.amazonaws.com/human-pangenomics/submissions/ca366a13-5bad-487b-8a57-97344e9aa0e4--HPRC_RELEASE_2_SUPPLEMENTARY_ASSEMBLY_QC/HG03583/hprc_r2/assembly_qc/read_alignments/ont/HG03583.R1041_minimap2_2.28.corrected.bam	https://s3-us-west-2.amazonaws.com/human-pangenomics/submissions/ca366a13-5bad-487b-8a57-97344e9aa0e4--HPRC_RELEASE_2_SUPPLEMENTARY_ASSEMBLY_QC/HG03583/hprc_r2/assembly_qc/read_alignments/ont/HG03583.R1041_minimap2_2.28.corrected.bam.bai
HG03521	R1041_minimap2_2.28	https://s3-us-west-2.amazonaws.com/human-pangenomics/submissions/ca366a13-5bad-487b-8a57-97344e9aa0e4--HPRC_RELEASE_2_SUPPLEMENTARY_ASSEMBLY_QC/HG03521/hprc_r2/assembly_qc/read_alignments/ont/HG03521.R1041_minimap2_2.28.corrected.bam	https://s3-us-west-2.amazonaws.com/human-pangenomics/submissions/ca366a13-5bad-487b-8a57-97344e9aa0e4--HPRC_RELEASE_2_SUPPLEMENTARY_ASSEMBLY_QC/HG03521/hprc_r2/assembly_qc/read_alignments/ont/HG03521.R1041_minimap2_2.28.corrected.bam.bai
HG03471	R941_minimap2_2.28	https://s3-us-west-2.amazonaws.com/human-pangenomics/submissions/ca366a13-5bad-487b-8a57-97344e9aa0e4--HPRC_RELEASE_2_SUPPLEMENTARY_ASSEMBLY_QC/HG03471/hprc_r2/assembly_qc/read_alignments/ont/HG03471.R941_minimap2_2.28.corrected.bam	https://s3-us-west-2.amazonaws.com/human-pangenomics/submissions/ca366a13-5bad-487b-8a57-97344e9aa0e4--HPRC_RELEASE_2_SUPPLEMENTARY_ASSEMBLY_QC/HG03471/hprc_r2/assembly_qc/read_alignments/ont/HG03471.R941_minimap2_2.28.corrected.bam.bai
HG03470	R941_minimap2_2.28	https://s3-us-west-2.amazonaws.com/human-pangenomics/submissions/ca366a13-5bad-487b-8a57-97344e9aa0e4--HPRC_RELEASE_2_SUPPLEMENTARY_ASSEMBLY_QC/HG03470/hprc_r2/assembly_qc/read_alignments/ont/HG03470.R941_minimap2_2.28.corrected.bam	https://s3-us-west-2.amazonaws.com/human-pangenomics/submissions/ca366a13-5bad-487b-8a57-97344e9aa0e4--HPRC_RELEASE_2_SUPPLEMENTARY_ASSEMBLY_QC/HG03470/hprc_r2/assembly_qc/read_alignments/ont/HG03470.R941_minimap2_2.28.corrected.bam.bai
HG03369	R1041_minimap2_2.28	https://s3-us-west-2.amazonaws.com/human-pangenomics/submissions/ca366a13-5bad-487b-8a57-97344e9aa0e4--HPRC_RELEASE_2_SUPPLEMENTARY_ASSEMBLY_QC/HG03369/hprc_r2/assembly_qc/read_alignments/ont/HG03369.R1041_minimap2_2.28.corrected.bam	https://s3-us-west-2.amazonaws.com/human-pangenomics/submissions/ca366a13-5bad-487b-8a57-97344e9aa0e4--HPRC_RELEASE_2_SUPPLEMENTARY_ASSEMBLY_QC/HG03369/hprc_r2/assembly_qc/read_alignments/ont/HG03369.R1041_minimap2_2.28.corrected.bam.bai
HG03270	R1041_minimap2_2.28	https://s3-us-west-2.amazonaws.com/human-pangenomics/submissions/ca366a13-5bad-487b-8a57-97344e9aa0e4--HPRC_RELEASE_2_SUPPLEMENTARY_ASSEMBLY_QC/HG03270/hprc_r2/assembly_qc/read_alignments/ont/HG03270.R1041_minimap2_2.28.corrected.bam	https://s3-us-west-2.amazonaws.com/human-pangenomics/submissions/ca366a13-5bad-487b-8a57-97344e9aa0e4--HPRC_RELEASE_2_SUPPLEMENTARY_ASSEMBLY_QC/HG03270/hprc_r2/assembly_qc/read_alignments/ont/HG03270.R1041_minimap2_2.28.corrected.bam.bai
HG03239	R941_minimap2_2.28	https://s3-us-west-2.amazonaws.com/human-pangenomics/submissions/ca366a13-5bad-487b-8a57-97344e9aa0e4--HPRC_RELEASE_2_SUPPLEMENTARY_ASSEMBLY_QC/HG03239/hprc_r2/assembly_qc/read_alignments/ont/HG03239.R941_minimap2_2.28.corrected.bam	https://s3-us-west-2.amazonaws.com/human-pangenomics/submissions/ca366a13-5bad-487b-8a57-97344e9aa0e4--HPRC_RELEASE_2_SUPPLEMENTARY_ASSEMBLY_QC/HG03239/hprc_r2/assembly_qc/read_alignments/ont/HG03239.R941_minimap2_2.28.corrected.bam.bai
HG03225	R941_minimap2_2.28	https://s3-us-west-2.amazonaws.com/human-pangenomics/submissions/ca366a13-5bad-487b-8a57-97344e9aa0e4--HPRC_RELEASE_2_SUPPLEMENTARY_ASSEMBLY_QC/HG03225/hprc_r2/assembly_qc/read_alignments/ont/HG03225.R941_minimap2_2.28.corrected.bam	https://s3-us-west-2.amazonaws.com/human-pangenomics/submissions/ca366a13-5bad-487b-8a57-97344e9aa0e4--HPRC_RELEASE_2_SUPPLEMENTARY_ASSEMBLY_QC/HG03225/hprc_r2/assembly_qc/read_alignments/ont/HG03225.R941_minimap2_2.28.corrected.bam.bai
HG03209	R941_minimap2_2.28	https://s3-us-west-2.amazonaws.com/human-pangenomics/submissions/ca366a13-5bad-487b-8a57-97344e9aa0e4--HPRC_RELEASE_2_SUPPLEMENTARY_ASSEMBLY_QC/HG03209/hprc_r2/assembly_qc/read_alignments/ont/HG03209.R941_minimap2_2.28.corrected.bam	https://s3-us-west-2.amazonaws.com/human-pangenomics/submissions/ca366a13-5bad-487b-8a57-97344e9aa0e4--HPRC_RELEASE_2_SUPPLEMENTARY_ASSEMBLY_QC/HG03209/hprc_r2/assembly_qc/read_alignments/ont/HG03209.R941_minimap2_2.28.corrected.bam.bai
HG03195	R941_minimap2_2.28	https://s3-us-west-2.amazonaws.com/human-pangenomics/submissions/ca366a13-5bad-487b-8a57-97344e9aa0e4--HPRC_RELEASE_2_SUPPLEMENTARY_ASSEMBLY_QC/HG03195/hprc_r2/assembly_qc/read_alignments/ont/HG03195.R941_minimap2_2.28.corrected.bam	https://s3-us-west-2.amazonaws.com/human-pangenomics/submissions/ca366a13-5bad-487b-8a57-97344e9aa0e4--HPRC_RELEASE_2_SUPPLEMENTARY_ASSEMBLY_QC/HG03195/hprc_r2/assembly_qc/read_alignments/ont/HG03195.R941_minimap2_2.28.corrected.bam.bai
HG03139	R941_minimap2_2.28	https://s3-us-west-2.amazonaws.com/human-pangenomics/submissions/ca366a13-5bad-487b-8a57-97344e9aa0e4--HPRC_RELEASE_2_SUPPLEMENTARY_ASSEMBLY_QC/HG03139/hprc_r2/assembly_qc/read_alignments/ont/HG03139.R941_minimap2_2.28.corrected.bam	https://s3-us-west-2.amazonaws.com/human-pangenomics/submissions/ca366a13-5bad-487b-8a57-97344e9aa0e4--HPRC_RELEASE_2_SUPPLEMENTARY_ASSEMBLY_QC/HG03139/hprc_r2/assembly_qc/read_alignments/ont/HG03139.R941_minimap2_2.28.corrected.bam.bai
HG03130	R941_minimap2_2.28	https://s3-us-west-2.amazonaws.com/human-pangenomics/submissions/ca366a13-5bad-487b-8a57-97344e9aa0e4--HPRC_RELEASE_2_SUPPLEMENTARY_ASSEMBLY_QC/HG03130/hprc_r2/assembly_qc/read_alignments/ont/HG03130.R941_minimap2_2.28.corrected.bam	https://s3-us-west-2.amazonaws.com/human-pangenomics/submissions/ca366a13-5bad-487b-8a57-97344e9aa0e4--HPRC_RELEASE_2_SUPPLEMENTARY_ASSEMBLY_QC/HG03130/hprc_r2/assembly_qc/read_alignments/ont/HG03130.R941_minimap2_2.28.corrected.bam.bai
HG03041	R941_minimap2_2.28	https://s3-us-west-2.amazonaws.com/human-pangenomics/submissions/ca366a13-5bad-487b-8a57-97344e9aa0e4--HPRC_RELEASE_2_SUPPLEMENTARY_ASSEMBLY_QC/HG03041/hprc_r2/assembly_qc/read_alignments/ont/HG03041.R941_minimap2_2.28.corrected.bam	https://s3-us-west-2.amazonaws.com/human-pangenomics/submissions/ca366a13-5bad-487b-8a57-97344e9aa0e4--HPRC_RELEASE_2_SUPPLEMENTARY_ASSEMBLY_QC/HG03041/hprc_r2/assembly_qc/read_alignments/ont/HG03041.R941_minimap2_2.28.corrected.bam.bai
HG03017	R941_minimap2_2.28	https://s3-us-west-2.amazonaws.com/human-pangenomics/submissions/ca366a13-5bad-487b-8a57-97344e9aa0e4--HPRC_RELEASE_2_SUPPLEMENTARY_ASSEMBLY_QC/HG03017/hprc_r2/assembly_qc/read_alignments/ont/HG03017.R941_minimap2_2.28.corrected.bam	https://s3-us-west-2.amazonaws.com/human-pangenomics/submissions/ca366a13-5bad-487b-8a57-97344e9aa0e4--HPRC_RELEASE_2_SUPPLEMENTARY_ASSEMBLY_QC/HG03017/hprc_r2/assembly_qc/read_alignments/ont/HG03017.R941_minimap2_2.28.corrected.bam.bai
HG02976	R941_minimap2_2.28	https://s3-us-west-2.amazonaws.com/human-pangenomics/submissions/ca366a13-5bad-487b-8a57-97344e9aa0e4--HPRC_RELEASE_2_SUPPLEMENTARY_ASSEMBLY_QC/HG02976/hprc_r2/assembly_qc/read_alignments/ont/HG02976.R941_minimap2_2.28.corrected.bam	https://s3-us-west-2.amazonaws.com/human-pangenomics/submissions/ca366a13-5bad-487b-8a57-97344e9aa0e4--HPRC_RELEASE_2_SUPPLEMENTARY_ASSEMBLY_QC/HG02976/hprc_r2/assembly_qc/read_alignments/ont/HG02976.R941_minimap2_2.28.corrected.bam.bai
HG02965	R941_minimap2_2.28	https://s3-us-west-2.amazonaws.com/human-pangenomics/submissions/ca366a13-5bad-487b-8a57-97344e9aa0e4--HPRC_RELEASE_2_SUPPLEMENTARY_ASSEMBLY_QC/HG02965/hprc_r2/assembly_qc/read_alignments/ont/HG02965.R941_minimap2_2.28.corrected.bam	https://s3-us-west-2.amazonaws.com/human-pangenomics/submissions/ca366a13-5bad-487b-8a57-97344e9aa0e4--HPRC_RELEASE_2_SUPPLEMENTARY_ASSEMBLY_QC/HG02965/hprc_r2/assembly_qc/read_alignments/ont/HG02965.R941_minimap2_2.28.corrected.bam.bai
HG02922	R941_minimap2_2.28	https://s3-us-west-2.amazonaws.com/human-pangenomics/submissions/ca366a13-5bad-487b-8a57-97344e9aa0e4--HPRC_RELEASE_2_SUPPLEMENTARY_ASSEMBLY_QC/HG02922/hprc_r2/assembly_qc/read_alignments/ont/HG02922.R941_minimap2_2.28.corrected.bam	https://s3-us-west-2.amazonaws.com/human-pangenomics/submissions/ca366a13-5bad-487b-8a57-97344e9aa0e4--HPRC_RELEASE_2_SUPPLEMENTARY_ASSEMBLY_QC/HG02922/hprc_r2/assembly_qc/read_alignments/ont/HG02922.R941_minimap2_2.28.corrected.bam.bai
HG02809	R941_minimap2_2.28	https://s3-us-west-2.amazonaws.com/human-pangenomics/submissions/ca366a13-5bad-487b-8a57-97344e9aa0e4--HPRC_RELEASE_2_SUPPLEMENTARY_ASSEMBLY_QC/HG02809/hprc_r2/assembly_qc/read_alignments/ont/HG02809.R941_minimap2_2.28.corrected.bam	https://s3-us-west-2.amazonaws.com/human-pangenomics/submissions/ca366a13-5bad-487b-8a57-97344e9aa0e4--HPRC_RELEASE_2_SUPPLEMENTARY_ASSEMBLY_QC/HG02809/hprc_r2/assembly_qc/read_alignments/ont/HG02809.R941_minimap2_2.28.corrected.bam.bai
HG02735	R941_minimap2_2.28	https://s3-us-west-2.amazonaws.com/human-pangenomics/submissions/ca366a13-5bad-487b-8a57-97344e9aa0e4--HPRC_RELEASE_2_SUPPLEMENTARY_ASSEMBLY_QC/HG02735/hprc_r2/assembly_qc/read_alignments/ont/HG02735.R941_minimap2_2.28.corrected.bam	https://s3-us-west-2.amazonaws.com/human-pangenomics/submissions/ca366a13-5bad-487b-8a57-97344e9aa0e4--HPRC_RELEASE_2_SUPPLEMENTARY_ASSEMBLY_QC/HG02735/hprc_r2/assembly_qc/read_alignments/ont/HG02735.R941_minimap2_2.28.corrected.bam.bai
HG02698	R941_minimap2_2.28	https://s3-us-west-2.amazonaws.com/human-pangenomics/submissions/ca366a13-5bad-487b-8a57-97344e9aa0e4--HPRC_RELEASE_2_SUPPLEMENTARY_ASSEMBLY_QC/HG02698/hprc_r2/assembly_qc/read_alignments/ont/HG02698.R941_minimap2_2.28.corrected.bam	https://s3-us-west-2.amazonaws.com/human-pangenomics/submissions/ca366a13-5bad-487b-8a57-97344e9aa0e4--HPRC_RELEASE_2_SUPPLEMENTARY_ASSEMBLY_QC/HG02698/hprc_r2/assembly_qc/read_alignments/ont/HG02698.R941_minimap2_2.28.corrected.bam.bai
HG02668	R941_minimap2_2.28	https://s3-us-west-2.amazonaws.com/human-pangenomics/submissions/ca366a13-5bad-487b-8a57-97344e9aa0e4--HPRC_RELEASE_2_SUPPLEMENTARY_ASSEMBLY_QC/HG02668/hprc_r2/assembly_qc/read_alignments/ont/HG02668.R941_minimap2_2.28.corrected.bam	https://s3-us-west-2.amazonaws.com/human-pangenomics/submissions/ca366a13-5bad-487b-8a57-97344e9aa0e4--HPRC_RELEASE_2_SUPPLEMENTARY_ASSEMBLY_QC/HG02668/hprc_r2/assembly_qc/read_alignments/ont/HG02668.R941_minimap2_2.28.corrected.bam.bai
HG02647	R941_minimap2_2.28	https://s3-us-west-2.amazonaws.com/human-pangenomics/submissions/ca366a13-5bad-487b-8a57-97344e9aa0e4--HPRC_RELEASE_2_SUPPLEMENTARY_ASSEMBLY_QC/HG02647/hprc_r2/assembly_qc/read_alignments/ont/HG02647.R941_minimap2_2.28.corrected.bam	https://s3-us-west-2.amazonaws.com/human-pangenomics/submissions/ca366a13-5bad-487b-8a57-97344e9aa0e4--HPRC_RELEASE_2_SUPPLEMENTARY_ASSEMBLY_QC/HG02647/hprc_r2/assembly_qc/read_alignments/ont/HG02647.R941_minimap2_2.28.corrected.bam.bai
HG02615	R941_minimap2_2.28	https://s3-us-west-2.amazonaws.com/human-pangenomics/submissions/ca366a13-5bad-487b-8a57-97344e9aa0e4--HPRC_RELEASE_2_SUPPLEMENTARY_ASSEMBLY_QC/HG02615/hprc_r2/assembly_qc/read_alignments/ont/HG02615.R941_minimap2_2.28.corrected.bam	https://s3-us-west-2.amazonaws.com/human-pangenomics/submissions/ca366a13-5bad-487b-8a57-97344e9aa0e4--HPRC_RELEASE_2_SUPPLEMENTARY_ASSEMBLY_QC/HG02615/hprc_r2/assembly_qc/read_alignments/ont/HG02615.R941_minimap2_2.28.corrected.bam.bai
HG02583	R1041_minimap2_2.28	https://s3-us-west-2.amazonaws.com/human-pangenomics/submissions/ca366a13-5bad-487b-8a57-97344e9aa0e4--HPRC_RELEASE_2_SUPPLEMENTARY_ASSEMBLY_QC/HG02583/hprc_r2/assembly_qc/read_alignments/ont/HG02583.R1041_minimap2_2.28.corrected.bam	https://s3-us-west-2.amazonaws.com/human-pangenomics/submissions/ca366a13-5bad-487b-8a57-97344e9aa0e4--HPRC_RELEASE_2_SUPPLEMENTARY_ASSEMBLY_QC/HG02583/hprc_r2/assembly_qc/read_alignments/ont/HG02583.R1041_minimap2_2.28.corrected.bam.bai
HG02523	R941_minimap2_2.28	https://s3-us-west-2.amazonaws.com/human-pangenomics/submissions/ca366a13-5bad-487b-8a57-97344e9aa0e4--HPRC_RELEASE_2_SUPPLEMENTARY_ASSEMBLY_QC/HG02523/hprc_r2/assembly_qc/read_alignments/ont/HG02523.R941_minimap2_2.28.corrected.bam	https://s3-us-west-2.amazonaws.com/human-pangenomics/submissions/ca366a13-5bad-487b-8a57-97344e9aa0e4--HPRC_RELEASE_2_SUPPLEMENTARY_ASSEMBLY_QC/HG02523/hprc_r2/assembly_qc/read_alignments/ont/HG02523.R941_minimap2_2.28.corrected.bam.bai
HG02451	R941_minimap2_2.28	https://s3-us-west-2.amazonaws.com/human-pangenomics/submissions/ca366a13-5bad-487b-8a57-97344e9aa0e4--HPRC_RELEASE_2_SUPPLEMENTARY_ASSEMBLY_QC/HG02451/hprc_r2/assembly_qc/read_alignments/ont/HG02451.R941_minimap2_2.28.corrected.bam	https://s3-us-west-2.amazonaws.com/human-pangenomics/submissions/ca366a13-5bad-487b-8a57-97344e9aa0e4--HPRC_RELEASE_2_SUPPLEMENTARY_ASSEMBLY_QC/HG02451/hprc_r2/assembly_qc/read_alignments/ont/HG02451.R941_minimap2_2.28.corrected.bam.bai
HG02391	R941_minimap2_2.28	https://s3-us-west-2.amazonaws.com/human-pangenomics/submissions/ca366a13-5bad-487b-8a57-97344e9aa0e4--HPRC_RELEASE_2_SUPPLEMENTARY_ASSEMBLY_QC/HG02391/hprc_r2/assembly_qc/read_alignments/ont/HG02391.R941_minimap2_2.28.corrected.bam	https://s3-us-west-2.amazonaws.com/human-pangenomics/submissions/ca366a13-5bad-487b-8a57-97344e9aa0e4--HPRC_RELEASE_2_SUPPLEMENTARY_ASSEMBLY_QC/HG02391/hprc_r2/assembly_qc/read_alignments/ont/HG02391.R941_minimap2_2.28.corrected.bam.bai
HG02300	R941_minimap2_2.28	https://s3-us-west-2.amazonaws.com/human-pangenomics/submissions/ca366a13-5bad-487b-8a57-97344e9aa0e4--HPRC_RELEASE_2_SUPPLEMENTARY_ASSEMBLY_QC/HG02300/hprc_r2/assembly_qc/read_alignments/ont/HG02300.R941_minimap2_2.28.corrected.bam	https://s3-us-west-2.amazonaws.com/human-pangenomics/submissions/ca366a13-5bad-487b-8a57-97344e9aa0e4--HPRC_RELEASE_2_SUPPLEMENTARY_ASSEMBLY_QC/HG02300/hprc_r2/assembly_qc/read_alignments/ont/HG02300.R941_minimap2_2.28.corrected.bam.bai
HG02293	R941_minimap2_2.28	https://s3-us-west-2.amazonaws.com/human-pangenomics/submissions/ca366a13-5bad-487b-8a57-97344e9aa0e4--HPRC_RELEASE_2_SUPPLEMENTARY_ASSEMBLY_QC/HG02293/hprc_r2/assembly_qc/read_alignments/ont/HG02293.R941_minimap2_2.28.corrected.bam	https://s3-us-west-2.amazonaws.com/human-pangenomics/submissions/ca366a13-5bad-487b-8a57-97344e9aa0e4--HPRC_RELEASE_2_SUPPLEMENTARY_ASSEMBLY_QC/HG02293/hprc_r2/assembly_qc/read_alignments/ont/HG02293.R941_minimap2_2.28.corrected.bam.bai
HG02280	R941_minimap2_2.28	https://s3-us-west-2.amazonaws.com/human-pangenomics/submissions/ca366a13-5bad-487b-8a57-97344e9aa0e4--HPRC_RELEASE_2_SUPPLEMENTARY_ASSEMBLY_QC/HG02280/hprc_r2/assembly_qc/read_alignments/ont/HG02280.R941_minimap2_2.28.corrected.bam	https://s3-us-west-2.amazonaws.com/human-pangenomics/submissions/ca366a13-5bad-487b-8a57-97344e9aa0e4--HPRC_RELEASE_2_SUPPLEMENTARY_ASSEMBLY_QC/HG02280/hprc_r2/assembly_qc/read_alignments/ont/HG02280.R941_minimap2_2.28.corrected.bam.bai
HG02273	R941_minimap2_2.28	https://s3-us-west-2.amazonaws.com/human-pangenomics/submissions/ca366a13-5bad-487b-8a57-97344e9aa0e4--HPRC_RELEASE_2_SUPPLEMENTARY_ASSEMBLY_QC/HG02273/hprc_r2/assembly_qc/read_alignments/ont/HG02273.R941_minimap2_2.28.corrected.bam	https://s3-us-west-2.amazonaws.com/human-pangenomics/submissions/ca366a13-5bad-487b-8a57-97344e9aa0e4--HPRC_RELEASE_2_SUPPLEMENTARY_ASSEMBLY_QC/HG02273/hprc_r2/assembly_qc/read_alignments/ont/HG02273.R941_minimap2_2.28.corrected.bam.bai
HG02258	R941_minimap2_2.28	https://s3-us-west-2.amazonaws.com/human-pangenomics/submissions/ca366a13-5bad-487b-8a57-97344e9aa0e4--HPRC_RELEASE_2_SUPPLEMENTARY_ASSEMBLY_QC/HG02258/hprc_r2/assembly_qc/read_alignments/ont/HG02258.R941_minimap2_2.28.corrected.bam	https://s3-us-west-2.amazonaws.com/human-pangenomics/submissions/ca366a13-5bad-487b-8a57-97344e9aa0e4--HPRC_RELEASE_2_SUPPLEMENTARY_ASSEMBLY_QC/HG02258/hprc_r2/assembly_qc/read_alignments/ont/HG02258.R941_minimap2_2.28.corrected.bam.bai
HG02178	R1041_minimap2_2.28	https://s3-us-west-2.amazonaws.com/human-pangenomics/submissions/ca366a13-5bad-487b-8a57-97344e9aa0e4--HPRC_RELEASE_2_SUPPLEMENTARY_ASSEMBLY_QC/HG02178/hprc_r2/assembly_qc/read_alignments/ont/HG02178.R1041_minimap2_2.28.corrected.bam	https://s3-us-west-2.amazonaws.com/human-pangenomics/submissions/ca366a13-5bad-487b-8a57-97344e9aa0e4--HPRC_RELEASE_2_SUPPLEMENTARY_ASSEMBLY_QC/HG02178/hprc_r2/assembly_qc/read_alignments/ont/HG02178.R1041_minimap2_2.28.corrected.bam.bai
HG02165	R941_minimap2_2.28	https://s3-us-west-2.amazonaws.com/human-pangenomics/submissions/ca366a13-5bad-487b-8a57-97344e9aa0e4--HPRC_RELEASE_2_SUPPLEMENTARY_ASSEMBLY_QC/HG02165/hprc_r2/assembly_qc/read_alignments/ont/HG02165.R941_minimap2_2.28.corrected.bam	https://s3-us-west-2.amazonaws.com/human-pangenomics/submissions/ca366a13-5bad-487b-8a57-97344e9aa0e4--HPRC_RELEASE_2_SUPPLEMENTARY_ASSEMBLY_QC/HG02165/hprc_r2/assembly_qc/read_alignments/ont/HG02165.R941_minimap2_2.28.corrected.bam.bai
HG02155	R941_minimap2_2.28	https://s3-us-west-2.amazonaws.com/human-pangenomics/submissions/ca366a13-5bad-487b-8a57-97344e9aa0e4--HPRC_RELEASE_2_SUPPLEMENTARY_ASSEMBLY_QC/HG02155/hprc_r2/assembly_qc/read_alignments/ont/HG02155.R941_minimap2_2.28.corrected.bam	https://s3-us-west-2.amazonaws.com/human-pangenomics/submissions/ca366a13-5bad-487b-8a57-97344e9aa0e4--HPRC_RELEASE_2_SUPPLEMENTARY_ASSEMBLY_QC/HG02155/hprc_r2/assembly_qc/read_alignments/ont/HG02155.R941_minimap2_2.28.corrected.bam.bai
HG02135	R941_minimap2_2.28	https://s3-us-west-2.amazonaws.com/human-pangenomics/submissions/ca366a13-5bad-487b-8a57-97344e9aa0e4--HPRC_RELEASE_2_SUPPLEMENTARY_ASSEMBLY_QC/HG02135/hprc_r2/assembly_qc/read_alignments/ont/HG02135.R941_minimap2_2.28.corrected.bam	https://s3-us-west-2.amazonaws.com/human-pangenomics/submissions/ca366a13-5bad-487b-8a57-97344e9aa0e4--HPRC_RELEASE_2_SUPPLEMENTARY_ASSEMBLY_QC/HG02135/hprc_r2/assembly_qc/read_alignments/ont/HG02135.R941_minimap2_2.28.corrected.bam.bai
HG02132	R941_minimap2_2.28	https://s3-us-west-2.amazonaws.com/human-pangenomics/submissions/ca366a13-5bad-487b-8a57-97344e9aa0e4--HPRC_RELEASE_2_SUPPLEMENTARY_ASSEMBLY_QC/HG02132/hprc_r2/assembly_qc/read_alignments/ont/HG02132.R941_minimap2_2.28.corrected.bam	https://s3-us-west-2.amazonaws.com/human-pangenomics/submissions/ca366a13-5bad-487b-8a57-97344e9aa0e4--HPRC_RELEASE_2_SUPPLEMENTARY_ASSEMBLY_QC/HG02132/hprc_r2/assembly_qc/read_alignments/ont/HG02132.R941_minimap2_2.28.corrected.bam.bai
HG02129	R941_minimap2_2.28	https://s3-us-west-2.amazonaws.com/human-pangenomics/submissions/ca366a13-5bad-487b-8a57-97344e9aa0e4--HPRC_RELEASE_2_SUPPLEMENTARY_ASSEMBLY_QC/HG02129/hprc_r2/assembly_qc/read_alignments/ont/HG02129.R941_minimap2_2.28.corrected.bam	https://s3-us-west-2.amazonaws.com/human-pangenomics/submissions/ca366a13-5bad-487b-8a57-97344e9aa0e4--HPRC_RELEASE_2_SUPPLEMENTARY_ASSEMBLY_QC/HG02129/hprc_r2/assembly_qc/read_alignments/ont/HG02129.R941_minimap2_2.28.corrected.bam.bai
HG02083	R941_minimap2_2.28	https://s3-us-west-2.amazonaws.com/human-pangenomics/submissions/ca366a13-5bad-487b-8a57-97344e9aa0e4--HPRC_RELEASE_2_SUPPLEMENTARY_ASSEMBLY_QC/HG02083/hprc_r2/assembly_qc/read_alignments/ont/HG02083.R941_minimap2_2.28.corrected.bam	https://s3-us-west-2.amazonaws.com/human-pangenomics/submissions/ca366a13-5bad-487b-8a57-97344e9aa0e4--HPRC_RELEASE_2_SUPPLEMENTARY_ASSEMBLY_QC/HG02083/hprc_r2/assembly_qc/read_alignments/ont/HG02083.R941_minimap2_2.28.corrected.bam.bai
HG02074	R941_minimap2_2.28	https://s3-us-west-2.amazonaws.com/human-pangenomics/submissions/ca366a13-5bad-487b-8a57-97344e9aa0e4--HPRC_RELEASE_2_SUPPLEMENTARY_ASSEMBLY_QC/HG02074/hprc_r2/assembly_qc/read_alignments/ont/HG02074.R941_minimap2_2.28.corrected.bam	https://s3-us-west-2.amazonaws.com/human-pangenomics/submissions/ca366a13-5bad-487b-8a57-97344e9aa0e4--HPRC_RELEASE_2_SUPPLEMENTARY_ASSEMBLY_QC/HG02074/hprc_r2/assembly_qc/read_alignments/ont/HG02074.R941_minimap2_2.28.corrected.bam.bai
HG02071	R941_minimap2_2.28	https://s3-us-west-2.amazonaws.com/human-pangenomics/submissions/ca366a13-5bad-487b-8a57-97344e9aa0e4--HPRC_RELEASE_2_SUPPLEMENTARY_ASSEMBLY_QC/HG02071/hprc_r2/assembly_qc/read_alignments/ont/HG02071.R941_minimap2_2.28.corrected.bam	https://s3-us-west-2.amazonaws.com/human-pangenomics/submissions/ca366a13-5bad-487b-8a57-97344e9aa0e4--HPRC_RELEASE_2_SUPPLEMENTARY_ASSEMBLY_QC/HG02071/hprc_r2/assembly_qc/read_alignments/ont/HG02071.R941_minimap2_2.28.corrected.bam.bai
HG02056	R941_minimap2_2.28	https://s3-us-west-2.amazonaws.com/human-pangenomics/submissions/ca366a13-5bad-487b-8a57-97344e9aa0e4--HPRC_RELEASE_2_SUPPLEMENTARY_ASSEMBLY_QC/HG02056/hprc_r2/assembly_qc/read_alignments/ont/HG02056.R941_minimap2_2.28.corrected.bam	https://s3-us-west-2.amazonaws.com/human-pangenomics/submissions/ca366a13-5bad-487b-8a57-97344e9aa0e4--HPRC_RELEASE_2_SUPPLEMENTARY_ASSEMBLY_QC/HG02056/hprc_r2/assembly_qc/read_alignments/ont/HG02056.R941_minimap2_2.28.corrected.bam.bai
HG02040	R941_minimap2_2.28	https://s3-us-west-2.amazonaws.com/human-pangenomics/submissions/ca366a13-5bad-487b-8a57-97344e9aa0e4--HPRC_RELEASE_2_SUPPLEMENTARY_ASSEMBLY_QC/HG02040/hprc_r2/assembly_qc/read_alignments/ont/HG02040.R941_minimap2_2.28.corrected.bam	https://s3-us-west-2.amazonaws.com/human-pangenomics/submissions/ca366a13-5bad-487b-8a57-97344e9aa0e4--HPRC_RELEASE_2_SUPPLEMENTARY_ASSEMBLY_QC/HG02040/hprc_r2/assembly_qc/read_alignments/ont/HG02040.R941_minimap2_2.28.corrected.bam.bai
HG02015	R941_minimap2_2.28	https://s3-us-west-2.amazonaws.com/human-pangenomics/submissions/ca366a13-5bad-487b-8a57-97344e9aa0e4--HPRC_RELEASE_2_SUPPLEMENTARY_ASSEMBLY_QC/HG02015/hprc_r2/assembly_qc/read_alignments/ont/HG02015.R941_minimap2_2.28.corrected.bam	https://s3-us-west-2.amazonaws.com/human-pangenomics/submissions/ca366a13-5bad-487b-8a57-97344e9aa0e4--HPRC_RELEASE_2_SUPPLEMENTARY_ASSEMBLY_QC/HG02015/hprc_r2/assembly_qc/read_alignments/ont/HG02015.R941_minimap2_2.28.corrected.bam.bai
HG02004	R941_minimap2_2.28	https://s3-us-west-2.amazonaws.com/human-pangenomics/submissions/ca366a13-5bad-487b-8a57-97344e9aa0e4--HPRC_RELEASE_2_SUPPLEMENTARY_ASSEMBLY_QC/HG02004/hprc_r2/assembly_qc/read_alignments/ont/HG02004.R941_minimap2_2.28.corrected.bam	https://s3-us-west-2.amazonaws.com/human-pangenomics/submissions/ca366a13-5bad-487b-8a57-97344e9aa0e4--HPRC_RELEASE_2_SUPPLEMENTARY_ASSEMBLY_QC/HG02004/hprc_r2/assembly_qc/read_alignments/ont/HG02004.R941_minimap2_2.28.corrected.bam.bai
HG01993	R941_minimap2_2.28	https://s3-us-west-2.amazonaws.com/human-pangenomics/submissions/ca366a13-5bad-487b-8a57-97344e9aa0e4--HPRC_RELEASE_2_SUPPLEMENTARY_ASSEMBLY_QC/HG01993/hprc_r2/assembly_qc/read_alignments/ont/HG01993.R941_minimap2_2.28.corrected.bam	https://s3-us-west-2.amazonaws.com/human-pangenomics/submissions/ca366a13-5bad-487b-8a57-97344e9aa0e4--HPRC_RELEASE_2_SUPPLEMENTARY_ASSEMBLY_QC/HG01993/hprc_r2/assembly_qc/read_alignments/ont/HG01993.R941_minimap2_2.28.corrected.bam.bai
HG01981	R941_minimap2_2.28	https://s3-us-west-2.amazonaws.com/human-pangenomics/submissions/ca366a13-5bad-487b-8a57-97344e9aa0e4--HPRC_RELEASE_2_SUPPLEMENTARY_ASSEMBLY_QC/HG01981/hprc_r2/assembly_qc/read_alignments/ont/HG01981.R941_minimap2_2.28.corrected.bam	https://s3-us-west-2.amazonaws.com/human-pangenomics/submissions/ca366a13-5bad-487b-8a57-97344e9aa0e4--HPRC_RELEASE_2_SUPPLEMENTARY_ASSEMBLY_QC/HG01981/hprc_r2/assembly_qc/read_alignments/ont/HG01981.R941_minimap2_2.28.corrected.bam.bai
HG01969	R941_minimap2_2.28	https://s3-us-west-2.amazonaws.com/human-pangenomics/submissions/ca366a13-5bad-487b-8a57-97344e9aa0e4--HPRC_RELEASE_2_SUPPLEMENTARY_ASSEMBLY_QC/HG01969/hprc_r2/assembly_qc/read_alignments/ont/HG01969.R941_minimap2_2.28.corrected.bam	https://s3-us-west-2.amazonaws.com/human-pangenomics/submissions/ca366a13-5bad-487b-8a57-97344e9aa0e4--HPRC_RELEASE_2_SUPPLEMENTARY_ASSEMBLY_QC/HG01969/hprc_r2/assembly_qc/read_alignments/ont/HG01969.R941_minimap2_2.28.corrected.bam.bai
HG01960	R941_minimap2_2.28	https://s3-us-west-2.amazonaws.com/human-pangenomics/submissions/ca366a13-5bad-487b-8a57-97344e9aa0e4--HPRC_RELEASE_2_SUPPLEMENTARY_ASSEMBLY_QC/HG01960/hprc_r2/assembly_qc/read_alignments/ont/HG01960.R941_minimap2_2.28.corrected.bam	https://s3-us-west-2.amazonaws.com/human-pangenomics/submissions/ca366a13-5bad-487b-8a57-97344e9aa0e4--HPRC_RELEASE_2_SUPPLEMENTARY_ASSEMBLY_QC/HG01960/hprc_r2/assembly_qc/read_alignments/ont/HG01960.R941_minimap2_2.28.corrected.bam.bai
HG01943	R941_minimap2_2.28	https://s3-us-west-2.amazonaws.com/human-pangenomics/submissions/ca366a13-5bad-487b-8a57-97344e9aa0e4--HPRC_RELEASE_2_SUPPLEMENTARY_ASSEMBLY_QC/HG01943/hprc_r2/assembly_qc/read_alignments/ont/HG01943.R941_minimap2_2.28.corrected.bam	https://s3-us-west-2.amazonaws.com/human-pangenomics/submissions/ca366a13-5bad-487b-8a57-97344e9aa0e4--HPRC_RELEASE_2_SUPPLEMENTARY_ASSEMBLY_QC/HG01943/hprc_r2/assembly_qc/read_alignments/ont/HG01943.R941_minimap2_2.28.corrected.bam.bai
HG01940	R941_minimap2_2.28	https://s3-us-west-2.amazonaws.com/human-pangenomics/submissions/ca366a13-5bad-487b-8a57-97344e9aa0e4--HPRC_RELEASE_2_SUPPLEMENTARY_ASSEMBLY_QC/HG01940/hprc_r2/assembly_qc/read_alignments/ont/HG01940.R941_minimap2_2.28.corrected.bam	https://s3-us-west-2.amazonaws.com/human-pangenomics/submissions/ca366a13-5bad-487b-8a57-97344e9aa0e4--HPRC_RELEASE_2_SUPPLEMENTARY_ASSEMBLY_QC/HG01940/hprc_r2/assembly_qc/read_alignments/ont/HG01940.R941_minimap2_2.28.corrected.bam.bai
HG01934	R941_minimap2_2.28	https://s3-us-west-2.amazonaws.com/human-pangenomics/submissions/ca366a13-5bad-487b-8a57-97344e9aa0e4--HPRC_RELEASE_2_SUPPLEMENTARY_ASSEMBLY_QC/HG01934/hprc_r2/assembly_qc/read_alignments/ont/HG01934.R941_minimap2_2.28.corrected.bam	https://s3-us-west-2.amazonaws.com/human-pangenomics/submissions/ca366a13-5bad-487b-8a57-97344e9aa0e4--HPRC_RELEASE_2_SUPPLEMENTARY_ASSEMBLY_QC/HG01934/hprc_r2/assembly_qc/read_alignments/ont/HG01934.R941_minimap2_2.28.corrected.bam.bai
HG01884	R941_minimap2_2.28	https://s3-us-west-2.amazonaws.com/human-pangenomics/submissions/ca366a13-5bad-487b-8a57-97344e9aa0e4--HPRC_RELEASE_2_SUPPLEMENTARY_ASSEMBLY_QC/HG01884/hprc_r2/assembly_qc/read_alignments/ont/HG01884.R941_minimap2_2.28.corrected.bam	https://s3-us-west-2.amazonaws.com/human-pangenomics/submissions/ca366a13-5bad-487b-8a57-97344e9aa0e4--HPRC_RELEASE_2_SUPPLEMENTARY_ASSEMBLY_QC/HG01884/hprc_r2/assembly_qc/read_alignments/ont/HG01884.R941_minimap2_2.28.corrected.bam.bai
HG01784	R941_minimap2_2.28	https://s3-us-west-2.amazonaws.com/human-pangenomics/submissions/ca366a13-5bad-487b-8a57-97344e9aa0e4--HPRC_RELEASE_2_SUPPLEMENTARY_ASSEMBLY_QC/HG01784/hprc_r2/assembly_qc/read_alignments/ont/HG01784.R941_minimap2_2.28.corrected.bam	https://s3-us-west-2.amazonaws.com/human-pangenomics/submissions/ca366a13-5bad-487b-8a57-97344e9aa0e4--HPRC_RELEASE_2_SUPPLEMENTARY_ASSEMBLY_QC/HG01784/hprc_r2/assembly_qc/read_alignments/ont/HG01784.R941_minimap2_2.28.corrected.bam.bai
HG01530	R941_minimap2_2.28	https://s3-us-west-2.amazonaws.com/human-pangenomics/submissions/ca366a13-5bad-487b-8a57-97344e9aa0e4--HPRC_RELEASE_2_SUPPLEMENTARY_ASSEMBLY_QC/HG01530/hprc_r2/assembly_qc/read_alignments/ont/HG01530.R941_minimap2_2.28.corrected.bam	https://s3-us-west-2.amazonaws.com/human-pangenomics/submissions/ca366a13-5bad-487b-8a57-97344e9aa0e4--HPRC_RELEASE_2_SUPPLEMENTARY_ASSEMBLY_QC/HG01530/hprc_r2/assembly_qc/read_alignments/ont/HG01530.R941_minimap2_2.28.corrected.bam.bai
HG01496	R941_minimap2_2.28	https://s3-us-west-2.amazonaws.com/human-pangenomics/submissions/ca366a13-5bad-487b-8a57-97344e9aa0e4--HPRC_RELEASE_2_SUPPLEMENTARY_ASSEMBLY_QC/HG01496/hprc_r2/assembly_qc/read_alignments/ont/HG01496.R941_minimap2_2.28.corrected.bam	https://s3-us-west-2.amazonaws.com/human-pangenomics/submissions/ca366a13-5bad-487b-8a57-97344e9aa0e4--HPRC_RELEASE_2_SUPPLEMENTARY_ASSEMBLY_QC/HG01496/hprc_r2/assembly_qc/read_alignments/ont/HG01496.R941_minimap2_2.28.corrected.bam.bai
HG01433	R941_minimap2_2.28	https://s3-us-west-2.amazonaws.com/human-pangenomics/submissions/ca366a13-5bad-487b-8a57-97344e9aa0e4--HPRC_RELEASE_2_SUPPLEMENTARY_ASSEMBLY_QC/HG01433/hprc_r2/assembly_qc/read_alignments/ont/HG01433.R941_minimap2_2.28.corrected.bam	https://s3-us-west-2.amazonaws.com/human-pangenomics/submissions/ca366a13-5bad-487b-8a57-97344e9aa0e4--HPRC_RELEASE_2_SUPPLEMENTARY_ASSEMBLY_QC/HG01433/hprc_r2/assembly_qc/read_alignments/ont/HG01433.R941_minimap2_2.28.corrected.bam.bai
HG01346	R941_minimap2_2.28	https://s3-us-west-2.amazonaws.com/human-pangenomics/submissions/ca366a13-5bad-487b-8a57-97344e9aa0e4--HPRC_RELEASE_2_SUPPLEMENTARY_ASSEMBLY_QC/HG01346/hprc_r2/assembly_qc/read_alignments/ont/HG01346.R941_minimap2_2.28.corrected.bam	https://s3-us-west-2.amazonaws.com/human-pangenomics/submissions/ca366a13-5bad-487b-8a57-97344e9aa0e4--HPRC_RELEASE_2_SUPPLEMENTARY_ASSEMBLY_QC/HG01346/hprc_r2/assembly_qc/read_alignments/ont/HG01346.R941_minimap2_2.28.corrected.bam.bai
HG01261	R941_minimap2_2.28	https://s3-us-west-2.amazonaws.com/human-pangenomics/submissions/ca366a13-5bad-487b-8a57-97344e9aa0e4--HPRC_RELEASE_2_SUPPLEMENTARY_ASSEMBLY_QC/HG01261/hprc_r2/assembly_qc/read_alignments/ont/HG01261.R941_minimap2_2.28.corrected.bam	https://s3-us-west-2.amazonaws.com/human-pangenomics/submissions/ca366a13-5bad-487b-8a57-97344e9aa0e4--HPRC_RELEASE_2_SUPPLEMENTARY_ASSEMBLY_QC/HG01261/hprc_r2/assembly_qc/read_alignments/ont/HG01261.R941_minimap2_2.28.corrected.bam.bai
HG01255	R941_minimap2_2.28	https://s3-us-west-2.amazonaws.com/human-pangenomics/submissions/ca366a13-5bad-487b-8a57-97344e9aa0e4--HPRC_RELEASE_2_SUPPLEMENTARY_ASSEMBLY_QC/HG01255/hprc_r2/assembly_qc/read_alignments/ont/HG01255.R941_minimap2_2.28.corrected.bam	https://s3-us-west-2.amazonaws.com/human-pangenomics/submissions/ca366a13-5bad-487b-8a57-97344e9aa0e4--HPRC_RELEASE_2_SUPPLEMENTARY_ASSEMBLY_QC/HG01255/hprc_r2/assembly_qc/read_alignments/ont/HG01255.R941_minimap2_2.28.corrected.bam.bai
HG01252	R941_minimap2_2.28	https://s3-us-west-2.amazonaws.com/human-pangenomics/submissions/ca366a13-5bad-487b-8a57-97344e9aa0e4--HPRC_RELEASE_2_SUPPLEMENTARY_ASSEMBLY_QC/HG01252/hprc_r2/assembly_qc/read_alignments/ont/HG01252.R941_minimap2_2.28.corrected.bam	https://s3-us-west-2.amazonaws.com/human-pangenomics/submissions/ca366a13-5bad-487b-8a57-97344e9aa0e4--HPRC_RELEASE_2_SUPPLEMENTARY_ASSEMBLY_QC/HG01252/hprc_r2/assembly_qc/read_alignments/ont/HG01252.R941_minimap2_2.28.corrected.bam.bai
HG01192	R941_minimap2_2.28	https://s3-us-west-2.amazonaws.com/human-pangenomics/submissions/ca366a13-5bad-487b-8a57-97344e9aa0e4--HPRC_RELEASE_2_SUPPLEMENTARY_ASSEMBLY_QC/HG01192/hprc_r2/assembly_qc/read_alignments/ont/HG01192.R941_minimap2_2.28.corrected.bam	https://s3-us-west-2.amazonaws.com/human-pangenomics/submissions/ca366a13-5bad-487b-8a57-97344e9aa0e4--HPRC_RELEASE_2_SUPPLEMENTARY_ASSEMBLY_QC/HG01192/hprc_r2/assembly_qc/read_alignments/ont/HG01192.R941_minimap2_2.28.corrected.bam.bai
HG01167	R1041_minimap2_2.28	https://s3-us-west-2.amazonaws.com/human-pangenomics/submissions/ca366a13-5bad-487b-8a57-97344e9aa0e4--HPRC_RELEASE_2_SUPPLEMENTARY_ASSEMBLY_QC/HG01167/hprc_r2/assembly_qc/read_alignments/ont/HG01167.R1041_minimap2_2.28.corrected.bam	https://s3-us-west-2.amazonaws.com/human-pangenomics/submissions/ca366a13-5bad-487b-8a57-97344e9aa0e4--HPRC_RELEASE_2_SUPPLEMENTARY_ASSEMBLY_QC/HG01167/hprc_r2/assembly_qc/read_alignments/ont/HG01167.R1041_minimap2_2.28.corrected.bam.bai
HG01150	R941_minimap2_2.28	https://s3-us-west-2.amazonaws.com/human-pangenomics/submissions/ca366a13-5bad-487b-8a57-97344e9aa0e4--HPRC_RELEASE_2_SUPPLEMENTARY_ASSEMBLY_QC/HG01150/hprc_r2/assembly_qc/read_alignments/ont/HG01150.R941_minimap2_2.28.corrected.bam	https://s3-us-west-2.amazonaws.com/human-pangenomics/submissions/ca366a13-5bad-487b-8a57-97344e9aa0e4--HPRC_RELEASE_2_SUPPLEMENTARY_ASSEMBLY_QC/HG01150/hprc_r2/assembly_qc/read_alignments/ont/HG01150.R941_minimap2_2.28.corrected.bam.bai
HG01099	R941_minimap2_2.28	https://s3-us-west-2.amazonaws.com/human-pangenomics/submissions/ca366a13-5bad-487b-8a57-97344e9aa0e4--HPRC_RELEASE_2_SUPPLEMENTARY_ASSEMBLY_QC/HG01099/hprc_r2/assembly_qc/read_alignments/ont/HG01099.R941_minimap2_2.28.corrected.bam	https://s3-us-west-2.amazonaws.com/human-pangenomics/submissions/ca366a13-5bad-487b-8a57-97344e9aa0e4--HPRC_RELEASE_2_SUPPLEMENTARY_ASSEMBLY_QC/HG01099/hprc_r2/assembly_qc/read_alignments/ont/HG01099.R941_minimap2_2.28.corrected.bam.bai
HG01081	R941_minimap2_2.28	https://s3-us-west-2.amazonaws.com/human-pangenomics/submissions/ca366a13-5bad-487b-8a57-97344e9aa0e4--HPRC_RELEASE_2_SUPPLEMENTARY_ASSEMBLY_QC/HG01081/hprc_r2/assembly_qc/read_alignments/ont/HG01081.R941_minimap2_2.28.corrected.bam	https://s3-us-west-2.amazonaws.com/human-pangenomics/submissions/ca366a13-5bad-487b-8a57-97344e9aa0e4--HPRC_RELEASE_2_SUPPLEMENTARY_ASSEMBLY_QC/HG01081/hprc_r2/assembly_qc/read_alignments/ont/HG01081.R941_minimap2_2.28.corrected.bam.bai
HG01074	R941_minimap2_2.28	https://s3-us-west-2.amazonaws.com/human-pangenomics/submissions/ca366a13-5bad-487b-8a57-97344e9aa0e4--HPRC_RELEASE_2_SUPPLEMENTARY_ASSEMBLY_QC/HG01074/hprc_r2/assembly_qc/read_alignments/ont/HG01074.R941_minimap2_2.28.corrected.bam	https://s3-us-west-2.amazonaws.com/human-pangenomics/submissions/ca366a13-5bad-487b-8a57-97344e9aa0e4--HPRC_RELEASE_2_SUPPLEMENTARY_ASSEMBLY_QC/HG01074/hprc_r2/assembly_qc/read_alignments/ont/HG01074.R941_minimap2_2.28.corrected.bam.bai
HG00738	R941_minimap2_2.28	https://s3-us-west-2.amazonaws.com/human-pangenomics/submissions/ca366a13-5bad-487b-8a57-97344e9aa0e4--HPRC_RELEASE_2_SUPPLEMENTARY_ASSEMBLY_QC/HG00738/hprc_r2/assembly_qc/read_alignments/ont/HG00738.R941_minimap2_2.28.corrected.bam	https://s3-us-west-2.amazonaws.com/human-pangenomics/submissions/ca366a13-5bad-487b-8a57-97344e9aa0e4--HPRC_RELEASE_2_SUPPLEMENTARY_ASSEMBLY_QC/HG00738/hprc_r2/assembly_qc/read_alignments/ont/HG00738.R941_minimap2_2.28.corrected.bam.bai
HG00658	R941_minimap2_2.28	https://s3-us-west-2.amazonaws.com/human-pangenomics/submissions/ca366a13-5bad-487b-8a57-97344e9aa0e4--HPRC_RELEASE_2_SUPPLEMENTARY_ASSEMBLY_QC/HG00658/hprc_r2/assembly_qc/read_alignments/ont/HG00658.R941_minimap2_2.28.corrected.bam	https://s3-us-west-2.amazonaws.com/human-pangenomics/submissions/ca366a13-5bad-487b-8a57-97344e9aa0e4--HPRC_RELEASE_2_SUPPLEMENTARY_ASSEMBLY_QC/HG00658/hprc_r2/assembly_qc/read_alignments/ont/HG00658.R941_minimap2_2.28.corrected.bam.bai
HG00642	R941_minimap2_2.28	https://s3-us-west-2.amazonaws.com/human-pangenomics/submissions/ca366a13-5bad-487b-8a57-97344e9aa0e4--HPRC_RELEASE_2_SUPPLEMENTARY_ASSEMBLY_QC/HG00642/hprc_r2/assembly_qc/read_alignments/ont/HG00642.R941_minimap2_2.28.corrected.bam	https://s3-us-west-2.amazonaws.com/human-pangenomics/submissions/ca366a13-5bad-487b-8a57-97344e9aa0e4--HPRC_RELEASE_2_SUPPLEMENTARY_ASSEMBLY_QC/HG00642/hprc_r2/assembly_qc/read_alignments/ont/HG00642.R941_minimap2_2.28.corrected.bam.bai
HG00639	R941_minimap2_2.28	https://s3-us-west-2.amazonaws.com/human-pangenomics/submissions/ca366a13-5bad-487b-8a57-97344e9aa0e4--HPRC_RELEASE_2_SUPPLEMENTARY_ASSEMBLY_QC/HG00639/hprc_r2/assembly_qc/read_alignments/ont/HG00639.R941_minimap2_2.28.corrected.bam	https://s3-us-west-2.amazonaws.com/human-pangenomics/submissions/ca366a13-5bad-487b-8a57-97344e9aa0e4--HPRC_RELEASE_2_SUPPLEMENTARY_ASSEMBLY_QC/HG00639/hprc_r2/assembly_qc/read_alignments/ont/HG00639.R941_minimap2_2.28.corrected.bam.bai
HG00609	R941_minimap2_2.28	https://s3-us-west-2.amazonaws.com/human-pangenomics/submissions/ca366a13-5bad-487b-8a57-97344e9aa0e4--HPRC_RELEASE_2_SUPPLEMENTARY_ASSEMBLY_QC/HG00609/hprc_r2/assembly_qc/read_alignments/ont/HG00609.R941_minimap2_2.28.corrected.bam	https://s3-us-west-2.amazonaws.com/human-pangenomics/submissions/ca366a13-5bad-487b-8a57-97344e9aa0e4--HPRC_RELEASE_2_SUPPLEMENTARY_ASSEMBLY_QC/HG00609/hprc_r2/assembly_qc/read_alignments/ont/HG00609.R941_minimap2_2.28.corrected.bam.bai
HG00597	R941_minimap2_2.28	https://s3-us-west-2.amazonaws.com/human-pangenomics/submissions/ca366a13-5bad-487b-8a57-97344e9aa0e4--HPRC_RELEASE_2_SUPPLEMENTARY_ASSEMBLY_QC/HG00597/hprc_r2/assembly_qc/read_alignments/ont/HG00597.R941_minimap2_2.28.corrected.bam	https://s3-us-west-2.amazonaws.com/human-pangenomics/submissions/ca366a13-5bad-487b-8a57-97344e9aa0e4--HPRC_RELEASE_2_SUPPLEMENTARY_ASSEMBLY_QC/HG00597/hprc_r2/assembly_qc/read_alignments/ont/HG00597.R941_minimap2_2.28.corrected.bam.bai
HG00558	R941_minimap2_2.28	https://s3-us-west-2.amazonaws.com/human-pangenomics/submissions/ca366a13-5bad-487b-8a57-97344e9aa0e4--HPRC_RELEASE_2_SUPPLEMENTARY_ASSEMBLY_QC/HG00558/hprc_r2/assembly_qc/read_alignments/ont/HG00558.R941_minimap2_2.28.corrected.bam	https://s3-us-west-2.amazonaws.com/human-pangenomics/submissions/ca366a13-5bad-487b-8a57-97344e9aa0e4--HPRC_RELEASE_2_SUPPLEMENTARY_ASSEMBLY_QC/HG00558/hprc_r2/assembly_qc/read_alignments/ont/HG00558.R941_minimap2_2.28.corrected.bam.bai
HG00544	R941_minimap2_2.28	https://s3-us-west-2.amazonaws.com/human-pangenomics/submissions/ca366a13-5bad-487b-8a57-97344e9aa0e4--HPRC_RELEASE_2_SUPPLEMENTARY_ASSEMBLY_QC/HG00544/hprc_r2/assembly_qc/read_alignments/ont/HG00544.R941_minimap2_2.28.corrected.bam	https://s3-us-west-2.amazonaws.com/human-pangenomics/submissions/ca366a13-5bad-487b-8a57-97344e9aa0e4--HPRC_RELEASE_2_SUPPLEMENTARY_ASSEMBLY_QC/HG00544/hprc_r2/assembly_qc/read_alignments/ont/HG00544.R941_minimap2_2.28.corrected.bam.bai
HG00423	R941_minimap2_2.28	https://s3-us-west-2.amazonaws.com/human-pangenomics/submissions/ca366a13-5bad-487b-8a57-97344e9aa0e4--HPRC_RELEASE_2_SUPPLEMENTARY_ASSEMBLY_QC/HG00423/hprc_r2/assembly_qc/read_alignments/ont/HG00423.R941_minimap2_2.28.corrected.bam	https://s3-us-west-2.amazonaws.com/human-pangenomics/submissions/ca366a13-5bad-487b-8a57-97344e9aa0e4--HPRC_RELEASE_2_SUPPLEMENTARY_ASSEMBLY_QC/HG00423/hprc_r2/assembly_qc/read_alignments/ont/HG00423.R941_minimap2_2.28.corrected.bam.bai
HG00408	R941_minimap2_2.28	https://s3-us-west-2.amazonaws.com/human-pangenomics/submissions/ca366a13-5bad-487b-8a57-97344e9aa0e4--HPRC_RELEASE_2_SUPPLEMENTARY_ASSEMBLY_QC/HG00408/hprc_r2/assembly_qc/read_alignments/ont/HG00408.R941_minimap2_2.28.corrected.bam	https://s3-us-west-2.amazonaws.com/human-pangenomics/submissions/ca366a13-5bad-487b-8a57-97344e9aa0e4--HPRC_RELEASE_2_SUPPLEMENTARY_ASSEMBLY_QC/HG00408/hprc_r2/assembly_qc/read_alignments/ont/HG00408.R941_minimap2_2.28.corrected.bam.bai
HG00350	R1041_minimap2_2.28	https://s3-us-west-2.amazonaws.com/human-pangenomics/submissions/ca366a13-5bad-487b-8a57-97344e9aa0e4--HPRC_RELEASE_2_SUPPLEMENTARY_ASSEMBLY_QC/HG00350/hprc_r2/assembly_qc/read_alignments/ont/HG00350.R1041_minimap2_2.28.corrected.bam	https://s3-us-west-2.amazonaws.com/human-pangenomics/submissions/ca366a13-5bad-487b-8a57-97344e9aa0e4--HPRC_RELEASE_2_SUPPLEMENTARY_ASSEMBLY_QC/HG00350/hprc_r2/assembly_qc/read_alignments/ont/HG00350.R1041_minimap2_2.28.corrected.bam.bai
HG00344	R1041_minimap2_2.28	https://s3-us-west-2.amazonaws.com/human-pangenomics/submissions/ca366a13-5bad-487b-8a57-97344e9aa0e4--HPRC_RELEASE_2_SUPPLEMENTARY_ASSEMBLY_QC/HG00344/hprc_r2/assembly_qc/read_alignments/ont/HG00344.R1041_minimap2_2.28.corrected.bam	https://s3-us-west-2.amazonaws.com/human-pangenomics/submissions/ca366a13-5bad-487b-8a57-97344e9aa0e4--HPRC_RELEASE_2_SUPPLEMENTARY_ASSEMBLY_QC/HG00344/hprc_r2/assembly_qc/read_alignments/ont/HG00344.R1041_minimap2_2.28.corrected.bam.bai
HG00329	R1041_minimap2_2.28	https://s3-us-west-2.amazonaws.com/human-pangenomics/submissions/ca366a13-5bad-487b-8a57-97344e9aa0e4--HPRC_RELEASE_2_SUPPLEMENTARY_ASSEMBLY_QC/HG00329/hprc_r2/assembly_qc/read_alignments/ont/HG00329.R1041_minimap2_2.28.corrected.bam	https://s3-us-west-2.amazonaws.com/human-pangenomics/submissions/ca366a13-5bad-487b-8a57-97344e9aa0e4--HPRC_RELEASE_2_SUPPLEMENTARY_ASSEMBLY_QC/HG00329/hprc_r2/assembly_qc/read_alignments/ont/HG00329.R1041_minimap2_2.28.corrected.bam.bai
HG00323	R941_minimap2_2.28	https://s3-us-west-2.amazonaws.com/human-pangenomics/submissions/ca366a13-5bad-487b-8a57-97344e9aa0e4--HPRC_RELEASE_2_SUPPLEMENTARY_ASSEMBLY_QC/HG00323/hprc_r2/assembly_qc/read_alignments/ont/HG00323.R941_minimap2_2.28.corrected.bam	https://s3-us-west-2.amazonaws.com/human-pangenomics/submissions/ca366a13-5bad-487b-8a57-97344e9aa0e4--HPRC_RELEASE_2_SUPPLEMENTARY_ASSEMBLY_QC/HG00323/hprc_r2/assembly_qc/read_alignments/ont/HG00323.R941_minimap2_2.28.corrected.bam.bai
HG00321	R1041_minimap2_2.28	https://s3-us-west-2.amazonaws.com/human-pangenomics/submissions/ca366a13-5bad-487b-8a57-97344e9aa0e4--HPRC_RELEASE_2_SUPPLEMENTARY_ASSEMBLY_QC/HG00321/hprc_r2/assembly_qc/read_alignments/ont/HG00321.R1041_minimap2_2.28.corrected.bam	https://s3-us-west-2.amazonaws.com/human-pangenomics/submissions/ca366a13-5bad-487b-8a57-97344e9aa0e4--HPRC_RELEASE_2_SUPPLEMENTARY_ASSEMBLY_QC/HG00321/hprc_r2/assembly_qc/read_alignments/ont/HG00321.R1041_minimap2_2.28.corrected.bam.bai
HG00320	R1041_minimap2_2.28	https://s3-us-west-2.amazonaws.com/human-pangenomics/submissions/ca366a13-5bad-487b-8a57-97344e9aa0e4--HPRC_RELEASE_2_SUPPLEMENTARY_ASSEMBLY_QC/HG00320/hprc_r2/assembly_qc/read_alignments/ont/HG00320.R1041_minimap2_2.28.corrected.bam	https://s3-us-west-2.amazonaws.com/human-pangenomics/submissions/ca366a13-5bad-487b-8a57-97344e9aa0e4--HPRC_RELEASE_2_SUPPLEMENTARY_ASSEMBLY_QC/HG00320/hprc_r2/assembly_qc/read_alignments/ont/HG00320.R1041_minimap2_2.28.corrected.bam.bai
HG00290	R1041_minimap2_2.28	https://s3-us-west-2.amazonaws.com/human-pangenomics/submissions/ca366a13-5bad-487b-8a57-97344e9aa0e4--HPRC_RELEASE_2_SUPPLEMENTARY_ASSEMBLY_QC/HG00290/hprc_r2/assembly_qc/read_alignments/ont/HG00290.R1041_minimap2_2.28.corrected.bam	https://s3-us-west-2.amazonaws.com/human-pangenomics/submissions/ca366a13-5bad-487b-8a57-97344e9aa0e4--HPRC_RELEASE_2_SUPPLEMENTARY_ASSEMBLY_QC/HG00290/hprc_r2/assembly_qc/read_alignments/ont/HG00290.R1041_minimap2_2.28.corrected.bam.bai
HG00280	R941_minimap2_2.28	https://s3-us-west-2.amazonaws.com/human-pangenomics/submissions/ca366a13-5bad-487b-8a57-97344e9aa0e4--HPRC_RELEASE_2_SUPPLEMENTARY_ASSEMBLY_QC/HG00280/hprc_r2/assembly_qc/read_alignments/ont/HG00280.R941_minimap2_2.28.corrected.bam	https://s3-us-west-2.amazonaws.com/human-pangenomics/submissions/ca366a13-5bad-487b-8a57-97344e9aa0e4--HPRC_RELEASE_2_SUPPLEMENTARY_ASSEMBLY_QC/HG00280/hprc_r2/assembly_qc/read_alignments/ont/HG00280.R941_minimap2_2.28.corrected.bam.bai
HG00272	R1041_minimap2_2.28	https://s3-us-west-2.amazonaws.com/human-pangenomics/submissions/ca366a13-5bad-487b-8a57-97344e9aa0e4--HPRC_RELEASE_2_SUPPLEMENTARY_ASSEMBLY_QC/HG00272/hprc_r2/assembly_qc/read_alignments/ont/HG00272.R1041_minimap2_2.28.corrected.bam	https://s3-us-west-2.amazonaws.com/human-pangenomics/submissions/ca366a13-5bad-487b-8a57-97344e9aa0e4--HPRC_RELEASE_2_SUPPLEMENTARY_ASSEMBLY_QC/HG00272/hprc_r2/assembly_qc/read_alignments/ont/HG00272.R1041_minimap2_2.28.corrected.bam.bai
HG00253	R1041_minimap2_2.28	https://s3-us-west-2.amazonaws.com/human-pangenomics/submissions/ca366a13-5bad-487b-8a57-97344e9aa0e4--HPRC_RELEASE_2_SUPPLEMENTARY_ASSEMBLY_QC/HG00253/hprc_r2/assembly_qc/read_alignments/ont/HG00253.R1041_minimap2_2.28.corrected.bam	https://s3-us-west-2.amazonaws.com/human-pangenomics/submissions/ca366a13-5bad-487b-8a57-97344e9aa0e4--HPRC_RELEASE_2_SUPPLEMENTARY_ASSEMBLY_QC/HG00253/hprc_r2/assembly_qc/read_alignments/ont/HG00253.R1041_minimap2_2.28.corrected.bam.bai
HG00235	R1041_minimap2_2.28	https://s3-us-west-2.amazonaws.com/human-pangenomics/submissions/ca366a13-5bad-487b-8a57-97344e9aa0e4--HPRC_RELEASE_2_SUPPLEMENTARY_ASSEMBLY_QC/HG00235/hprc_r2/assembly_qc/read_alignments/ont/HG00235.R1041_minimap2_2.28.corrected.bam	https://s3-us-west-2.amazonaws.com/human-pangenomics/submissions/ca366a13-5bad-487b-8a57-97344e9aa0e4--HPRC_RELEASE_2_SUPPLEMENTARY_ASSEMBLY_QC/HG00235/hprc_r2/assembly_qc/read_alignments/ont/HG00235.R1041_minimap2_2.28.corrected.bam.bai
HG00232	R1041_minimap2_2.28	https://s3-us-west-2.amazonaws.com/human-pangenomics/submissions/ca366a13-5bad-487b-8a57-97344e9aa0e4--HPRC_RELEASE_2_SUPPLEMENTARY_ASSEMBLY_QC/HG00232/hprc_r2/assembly_qc/read_alignments/ont/HG00232.R1041_minimap2_2.28.corrected.bam	https://s3-us-west-2.amazonaws.com/human-pangenomics/submissions/ca366a13-5bad-487b-8a57-97344e9aa0e4--HPRC_RELEASE_2_SUPPLEMENTARY_ASSEMBLY_QC/HG00232/hprc_r2/assembly_qc/read_alignments/ont/HG00232.R1041_minimap2_2.28.corrected.bam.bai
HG00146	R1041_minimap2_2.28	https://s3-us-west-2.amazonaws.com/human-pangenomics/submissions/ca366a13-5bad-487b-8a57-97344e9aa0e4--HPRC_RELEASE_2_SUPPLEMENTARY_ASSEMBLY_QC/HG00146/hprc_r2/assembly_qc/read_alignments/ont/HG00146.R1041_minimap2_2.28.corrected.bam	https://s3-us-west-2.amazonaws.com/human-pangenomics/submissions/ca366a13-5bad-487b-8a57-97344e9aa0e4--HPRC_RELEASE_2_SUPPLEMENTARY_ASSEMBLY_QC/HG00146/hprc_r2/assembly_qc/read_alignments/ont/HG00146.R1041_minimap2_2.28.corrected.bam.bai
HG00140	R941_minimap2_2.28	https://s3-us-west-2.amazonaws.com/human-pangenomics/submissions/ca366a13-5bad-487b-8a57-97344e9aa0e4--HPRC_RELEASE_2_SUPPLEMENTARY_ASSEMBLY_QC/HG00140/hprc_r2/assembly_qc/read_alignments/ont/HG00140.R941_minimap2_2.28.corrected.bam	https://s3-us-west-2.amazonaws.com/human-pangenomics/submissions/ca366a13-5bad-487b-8a57-97344e9aa0e4--HPRC_RELEASE_2_SUPPLEMENTARY_ASSEMBLY_QC/HG00140/hprc_r2/assembly_qc/read_alignments/ont/HG00140.R941_minimap2_2.28.corrected.bam.bai
HG00133	R1041_minimap2_2.28	https://s3-us-west-2.amazonaws.com/human-pangenomics/submissions/ca366a13-5bad-487b-8a57-97344e9aa0e4--HPRC_RELEASE_2_SUPPLEMENTARY_ASSEMBLY_QC/HG00133/hprc_r2/assembly_qc/read_alignments/ont/HG00133.R1041_minimap2_2.28.corrected.bam	https://s3-us-west-2.amazonaws.com/human-pangenomics/submissions/ca366a13-5bad-487b-8a57-97344e9aa0e4--HPRC_RELEASE_2_SUPPLEMENTARY_ASSEMBLY_QC/HG00133/hprc_r2/assembly_qc/read_alignments/ont/HG00133.R1041_minimap2_2.28.corrected.bam.bai
HG00128	R1041_minimap2_2.28	https://s3-us-west-2.amazonaws.com/human-pangenomics/submissions/ca366a13-5bad-487b-8a57-97344e9aa0e4--HPRC_RELEASE_2_SUPPLEMENTARY_ASSEMBLY_QC/HG00128/hprc_r2/assembly_qc/read_alignments/ont/HG00128.R1041_minimap2_2.28.corrected.bam	https://s3-us-west-2.amazonaws.com/human-pangenomics/submissions/ca366a13-5bad-487b-8a57-97344e9aa0e4--HPRC_RELEASE_2_SUPPLEMENTARY_ASSEMBLY_QC/HG00128/hprc_r2/assembly_qc/read_alignments/ont/HG00128.R1041_minimap2_2.28.corrected.bam.bai
HG00126	R1041_minimap2_2.28	https://s3-us-west-2.amazonaws.com/human-pangenomics/submissions/ca366a13-5bad-487b-8a57-97344e9aa0e4--HPRC_RELEASE_2_SUPPLEMENTARY_ASSEMBLY_QC/HG00126/hprc_r2/assembly_qc/read_alignments/ont/HG00126.R1041_minimap2_2.28.corrected.bam	https://s3-us-west-2.amazonaws.com/human-pangenomics/submissions/ca366a13-5bad-487b-8a57-97344e9aa0e4--HPRC_RELEASE_2_SUPPLEMENTARY_ASSEMBLY_QC/HG00126/hprc_r2/assembly_qc/read_alignments/ont/HG00126.R1041_minimap2_2.28.corrected.bam.bai
HG00099	R941_minimap2_2.28	https://s3-us-west-2.amazonaws.com/human-pangenomics/submissions/ca366a13-5bad-487b-8a57-97344e9aa0e4--HPRC_RELEASE_2_SUPPLEMENTARY_ASSEMBLY_QC/HG00099/hprc_r2/assembly_qc/read_alignments/ont/HG00099.R941_minimap2_2.28.corrected.bam	https://s3-us-west-2.amazonaws.com/human-pangenomics/submissions/ca366a13-5bad-487b-8a57-97344e9aa0e4--HPRC_RELEASE_2_SUPPLEMENTARY_ASSEMBLY_QC/HG00099/hprc_r2/assembly_qc/read_alignments/ont/HG00099.R941_minimap2_2.28.corrected.bam.bai
HG00097	R1041_minimap2_2.28	https://s3-us-west-2.amazonaws.com/human-pangenomics/submissions/ca366a13-5bad-487b-8a57-97344e9aa0e4--HPRC_RELEASE_2_SUPPLEMENTARY_ASSEMBLY_QC/HG00097/hprc_r2/assembly_qc/read_alignments/ont/HG00097.R1041_minimap2_2.28.corrected.bam	https://s3-us-west-2.amazonaws.com/human-pangenomics/submissions/ca366a13-5bad-487b-8a57-97344e9aa0e4--HPRC_RELEASE_2_SUPPLEMENTARY_ASSEMBLY_QC/HG00097/hprc_r2/assembly_qc/read_alignments/ont/HG00097.R1041_minimap2_2.28.corrected.bam.bai
