sample_id,haplotype,s3_loc
HG00408,1,s3://human-pangenomics/submissions/DC27718F-5F38-43B0-9A78-270F395F13E8--INT_ASM_PRODUCTION/HG00408/assemblies/freeze_2/annotation/liftoff/HG00408_hap1.hprc_r2_v1_liftoff.gff3
HG00597,1,s3://human-pangenomics/submissions/DC27718F-5F38-43B0-9A78-270F395F13E8--INT_ASM_PRODUCTION/HG00597/assemblies/freeze_2/annotation/liftoff/HG00597_hap1.hprc_r2_v1_liftoff.gff3
HG01192,1,s3://human-pangenomics/submissions/DC27718F-5F38-43B0-9A78-270F395F13E8--INT_ASM_PRODUCTION/HG01192/assemblies/freeze_2/annotation/liftoff/HG01192_hap1.hprc_r2_v1_liftoff.gff3
HG01261,1,s3://human-pangenomics/submissions/DC27718F-5F38-43B0-9A78-270F395F13E8--INT_ASM_PRODUCTION/HG01261/assemblies/freeze_2/annotation/liftoff/HG01261_hap1.hprc_r2_v1_liftoff.gff3
HG02015,1,s3://human-pangenomics/submissions/DC27718F-5F38-43B0-9A78-270F395F13E8--INT_ASM_PRODUCTION/HG02015/assemblies/freeze_2/annotation/liftoff/HG02015_hap1.hprc_r2_v1_liftoff.gff3
HG02056,1,s3://human-pangenomics/submissions/DC27718F-5F38-43B0-9A78-270F395F13E8--INT_ASM_PRODUCTION/HG02056/assemblies/freeze_2/annotation/liftoff/HG02056_hap1.hprc_r2_v1_liftoff.gff3
HG02129,1,s3://human-pangenomics/submissions/DC27718F-5F38-43B0-9A78-270F395F13E8--INT_ASM_PRODUCTION/HG02129/assemblies/freeze_2/annotation/liftoff/HG02129_hap1.hprc_r2_v1_liftoff.gff3
HG02258,1,s3://human-pangenomics/submissions/DC27718F-5F38-43B0-9A78-270F395F13E8--INT_ASM_PRODUCTION/HG02258/assemblies/freeze_2/annotation/liftoff/HG02258_hap1.hprc_r2_v1_liftoff.gff3
HG03834,1,s3://human-pangenomics/submissions/DC27718F-5F38-43B0-9A78-270F395F13E8--INT_ASM_PRODUCTION/HG03834/assemblies/freeze_2/annotation/liftoff/HG03834_hap1.hprc_r2_v1_liftoff.gff3
HG01975,1,s3://human-pangenomics/submissions/DC27718F-5F38-43B0-9A78-270F395F13E8--INT_ASM_PRODUCTION/HG01975/assemblies/freeze_2/annotation/liftoff/HG01975_hap1.hprc_r2_v1_liftoff.gff3
HG02602,1,s3://human-pangenomics/submissions/DC27718F-5F38-43B0-9A78-270F395F13E8--INT_ASM_PRODUCTION/HG02602/assemblies/freeze_2/annotation/liftoff/HG02602_hap1.hprc_r2_v1_liftoff.gff3
HG04187,1,s3://human-pangenomics/submissions/DC27718F-5F38-43B0-9A78-270F395F13E8--INT_ASM_PRODUCTION/HG04187/assemblies/freeze_2/annotation/liftoff/HG04187_hap1.hprc_r2_v1_liftoff.gff3
NA18879,1,s3://human-pangenomics/submissions/DC27718F-5F38-43B0-9A78-270F395F13E8--INT_ASM_PRODUCTION/NA18879/assemblies/freeze_2/annotation/liftoff/NA18879_hap1.hprc_r2_v1_liftoff.gff3
NA20752,1,s3://human-pangenomics/submissions/DC27718F-5F38-43B0-9A78-270F395F13E8--INT_ASM_PRODUCTION/NA20752/assemblies/freeze_2/annotation/liftoff/NA20752_hap1.hprc_r2_v1_liftoff.gff3
HG02145,1,s3://human-pangenomics/submissions/DC27718F-5F38-43B0-9A78-270F395F13E8--INT_ASM_PRODUCTION/HG02145/assemblies/freeze_2/annotation/liftoff/HG02145_hap1.hprc_r2_v1_liftoff.gff3
HG00609,1,s3://human-pangenomics/submissions/DC27718F-5F38-43B0-9A78-270F395F13E8--INT_ASM_PRODUCTION/HG00609/assemblies/freeze_2/annotation/liftoff/HG00609_hap1.hprc_r2_v1_liftoff.gff3
HG00642,1,s3://human-pangenomics/submissions/DC27718F-5F38-43B0-9A78-270F395F13E8--INT_ASM_PRODUCTION/HG00642/assemblies/freeze_2/annotation/liftoff/HG00642_hap1.hprc_r2_v1_liftoff.gff3
HG00738,1,s3://human-pangenomics/submissions/DC27718F-5F38-43B0-9A78-270F395F13E8--INT_ASM_PRODUCTION/HG00738/assemblies/freeze_2/annotation/liftoff/HG00738_hap1.hprc_r2_v1_liftoff.gff3
HG01099,1,s3://human-pangenomics/submissions/DC27718F-5F38-43B0-9A78-270F395F13E8--INT_ASM_PRODUCTION/HG01099/assemblies/freeze_2/annotation/liftoff/HG01099_hap1.hprc_r2_v1_liftoff.gff3
HG01255,1,s3://human-pangenomics/submissions/DC27718F-5F38-43B0-9A78-270F395F13E8--INT_ASM_PRODUCTION/HG01255/assemblies/freeze_2/annotation/liftoff/HG01255_hap1.hprc_r2_v1_liftoff.gff3
HG01346,1,s3://human-pangenomics/submissions/DC27718F-5F38-43B0-9A78-270F395F13E8--INT_ASM_PRODUCTION/HG01346/assemblies/freeze_2/annotation/liftoff/HG01346_hap1.hprc_r2_v1_liftoff.gff3
HG01433,1,s3://human-pangenomics/submissions/DC27718F-5F38-43B0-9A78-270F395F13E8--INT_ASM_PRODUCTION/HG01433/assemblies/freeze_2/annotation/liftoff/HG01433_hap1.hprc_r2_v1_liftoff.gff3
HG01496,1,s3://human-pangenomics/submissions/DC27718F-5F38-43B0-9A78-270F395F13E8--INT_ASM_PRODUCTION/HG01496/assemblies/freeze_2/annotation/liftoff/HG01496_hap1.hprc_r2_v1_liftoff.gff3
HG01884,1,s3://human-pangenomics/submissions/DC27718F-5F38-43B0-9A78-270F395F13E8--INT_ASM_PRODUCTION/HG01884/assemblies/freeze_2/annotation/liftoff/HG01884_hap1.hprc_r2_v1_liftoff.gff3
HG01981,1,s3://human-pangenomics/submissions/DC27718F-5F38-43B0-9A78-270F395F13E8--INT_ASM_PRODUCTION/HG01981/assemblies/freeze_2/annotation/liftoff/HG01981_hap1.hprc_r2_v1_liftoff.gff3
HG01993,1,s3://human-pangenomics/submissions/DC27718F-5F38-43B0-9A78-270F395F13E8--INT_ASM_PRODUCTION/HG01993/assemblies/freeze_2/annotation/liftoff/HG01993_hap1.hprc_r2_v1_liftoff.gff3
HG02004,1,s3://human-pangenomics/submissions/DC27718F-5F38-43B0-9A78-270F395F13E8--INT_ASM_PRODUCTION/HG02004/assemblies/freeze_2/annotation/liftoff/HG02004_hap1.hprc_r2_v1_liftoff.gff3
HG02027,1,s3://human-pangenomics/submissions/DC27718F-5F38-43B0-9A78-270F395F13E8--INT_ASM_PRODUCTION/HG02027/assemblies/freeze_2/annotation/liftoff/HG02027_hap1.hprc_r2_v1_liftoff.gff3
HG02083,1,s3://human-pangenomics/submissions/DC27718F-5F38-43B0-9A78-270F395F13E8--INT_ASM_PRODUCTION/HG02083/assemblies/freeze_2/annotation/liftoff/HG02083_hap1.hprc_r2_v1_liftoff.gff3
HG02132,1,s3://human-pangenomics/submissions/DC27718F-5F38-43B0-9A78-270F395F13E8--INT_ASM_PRODUCTION/HG02132/assemblies/freeze_2/annotation/liftoff/HG02132_hap1.hprc_r2_v1_liftoff.gff3
HG02280,1,s3://human-pangenomics/submissions/DC27718F-5F38-43B0-9A78-270F395F13E8--INT_ASM_PRODUCTION/HG02280/assemblies/freeze_2/annotation/liftoff/HG02280_hap1.hprc_r2_v1_liftoff.gff3
HG02293,1,s3://human-pangenomics/submissions/DC27718F-5F38-43B0-9A78-270F395F13E8--INT_ASM_PRODUCTION/HG02293/assemblies/freeze_2/annotation/liftoff/HG02293_hap1.hprc_r2_v1_liftoff.gff3
HG02300,1,s3://human-pangenomics/submissions/DC27718F-5F38-43B0-9A78-270F395F13E8--INT_ASM_PRODUCTION/HG02300/assemblies/freeze_2/annotation/liftoff/HG02300_hap1.hprc_r2_v1_liftoff.gff3
HG02451,1,s3://human-pangenomics/submissions/DC27718F-5F38-43B0-9A78-270F395F13E8--INT_ASM_PRODUCTION/HG02451/assemblies/freeze_2/annotation/liftoff/HG02451_hap1.hprc_r2_v1_liftoff.gff3
HG02523,1,s3://human-pangenomics/submissions/DC27718F-5F38-43B0-9A78-270F395F13E8--INT_ASM_PRODUCTION/HG02523/assemblies/freeze_2/annotation/liftoff/HG02523_hap1.hprc_r2_v1_liftoff.gff3
HG02615,1,s3://human-pangenomics/submissions/DC27718F-5F38-43B0-9A78-270F395F13E8--INT_ASM_PRODUCTION/HG02615/assemblies/freeze_2/annotation/liftoff/HG02615_hap1.hprc_r2_v1_liftoff.gff3
HG02647,1,s3://human-pangenomics/submissions/DC27718F-5F38-43B0-9A78-270F395F13E8--INT_ASM_PRODUCTION/HG02647/assemblies/freeze_2/annotation/liftoff/HG02647_hap1.hprc_r2_v1_liftoff.gff3
HG02698,1,s3://human-pangenomics/submissions/DC27718F-5F38-43B0-9A78-270F395F13E8--INT_ASM_PRODUCTION/HG02698/assemblies/freeze_2/annotation/liftoff/HG02698_hap1.hprc_r2_v1_liftoff.gff3
HG03654,1,s3://human-pangenomics/submissions/DC27718F-5F38-43B0-9A78-270F395F13E8--INT_ASM_PRODUCTION/HG03654/assemblies/freeze_2/annotation/liftoff/HG03654_hap1.hprc_r2_v1_liftoff.gff3
HG03669,1,s3://human-pangenomics/submissions/DC27718F-5F38-43B0-9A78-270F395F13E8--INT_ASM_PRODUCTION/HG03669/assemblies/freeze_2/annotation/liftoff/HG03669_hap1.hprc_r2_v1_liftoff.gff3
HG03688,1,s3://human-pangenomics/submissions/DC27718F-5F38-43B0-9A78-270F395F13E8--INT_ASM_PRODUCTION/HG03688/assemblies/freeze_2/annotation/liftoff/HG03688_hap1.hprc_r2_v1_liftoff.gff3
HG03704,1,s3://human-pangenomics/submissions/DC27718F-5F38-43B0-9A78-270F395F13E8--INT_ASM_PRODUCTION/HG03704/assemblies/freeze_2/annotation/liftoff/HG03704_hap1.hprc_r2_v1_liftoff.gff3
HG03710,1,s3://human-pangenomics/submissions/DC27718F-5F38-43B0-9A78-270F395F13E8--INT_ASM_PRODUCTION/HG03710/assemblies/freeze_2/annotation/liftoff/HG03710_hap1.hprc_r2_v1_liftoff.gff3
HG03831,1,s3://human-pangenomics/submissions/DC27718F-5F38-43B0-9A78-270F395F13E8--INT_ASM_PRODUCTION/HG03831/assemblies/freeze_2/annotation/liftoff/HG03831_hap1.hprc_r2_v1_liftoff.gff3
HG03927,1,s3://human-pangenomics/submissions/DC27718F-5F38-43B0-9A78-270F395F13E8--INT_ASM_PRODUCTION/HG03927/assemblies/freeze_2/annotation/liftoff/HG03927_hap1.hprc_r2_v1_liftoff.gff3
HG04115,1,s3://human-pangenomics/submissions/DC27718F-5F38-43B0-9A78-270F395F13E8--INT_ASM_PRODUCTION/HG04115/assemblies/freeze_2/annotation/liftoff/HG04115_hap1.hprc_r2_v1_liftoff.gff3
HG04184,1,s3://human-pangenomics/submissions/DC27718F-5F38-43B0-9A78-270F395F13E8--INT_ASM_PRODUCTION/HG04184/assemblies/freeze_2/annotation/liftoff/HG04184_hap1.hprc_r2_v1_liftoff.gff3
HG04199,1,s3://human-pangenomics/submissions/DC27718F-5F38-43B0-9A78-270F395F13E8--INT_ASM_PRODUCTION/HG04199/assemblies/freeze_2/annotation/liftoff/HG04199_hap1.hprc_r2_v1_liftoff.gff3
HG02738,1,s3://human-pangenomics/submissions/DC27718F-5F38-43B0-9A78-270F395F13E8--INT_ASM_PRODUCTION/HG02738/assemblies/freeze_2/annotation/liftoff/HG02738_hap1.hprc_r2_v1_liftoff.gff3
HG00621,1,s3://human-pangenomics/submissions/DC27718F-5F38-43B0-9A78-270F395F13E8--INT_ASM_PRODUCTION/HG00621/assemblies/freeze_2/annotation/liftoff/HG00621_hap1.hprc_r2_v1_liftoff.gff3
HG00741,1,s3://human-pangenomics/submissions/DC27718F-5F38-43B0-9A78-270F395F13E8--INT_ASM_PRODUCTION/HG00741/assemblies/freeze_2/annotation/liftoff/HG00741_hap1.hprc_r2_v1_liftoff.gff3
HG01106,1,s3://human-pangenomics/submissions/DC27718F-5F38-43B0-9A78-270F395F13E8--INT_ASM_PRODUCTION/HG01106/assemblies/freeze_2/annotation/liftoff/HG01106_hap1.hprc_r2_v1_liftoff.gff3
HG01175,1,s3://human-pangenomics/submissions/DC27718F-5F38-43B0-9A78-270F395F13E8--INT_ASM_PRODUCTION/HG01175/assemblies/freeze_2/annotation/liftoff/HG01175_hap1.hprc_r2_v1_liftoff.gff3
HG01258,1,s3://human-pangenomics/submissions/DC27718F-5F38-43B0-9A78-270F395F13E8--INT_ASM_PRODUCTION/HG01258/assemblies/freeze_2/annotation/liftoff/HG01258_hap1.hprc_r2_v1_liftoff.gff3
HG01891,1,s3://human-pangenomics/submissions/DC27718F-5F38-43B0-9A78-270F395F13E8--INT_ASM_PRODUCTION/HG01891/assemblies/freeze_2/annotation/liftoff/HG01891_hap1.hprc_r2_v1_liftoff.gff3
HG01952,1,s3://human-pangenomics/submissions/DC27718F-5F38-43B0-9A78-270F395F13E8--INT_ASM_PRODUCTION/HG01952/assemblies/freeze_2/annotation/liftoff/HG01952_hap1.hprc_r2_v1_liftoff.gff3
HG02148,1,s3://human-pangenomics/submissions/DC27718F-5F38-43B0-9A78-270F395F13E8--INT_ASM_PRODUCTION/HG02148/assemblies/freeze_2/annotation/liftoff/HG02148_hap1.hprc_r2_v1_liftoff.gff3
HG02486,1,s3://human-pangenomics/submissions/DC27718F-5F38-43B0-9A78-270F395F13E8--INT_ASM_PRODUCTION/HG02486/assemblies/freeze_2/annotation/liftoff/HG02486_hap1.hprc_r2_v1_liftoff.gff3
HG02559,1,s3://human-pangenomics/submissions/DC27718F-5F38-43B0-9A78-270F395F13E8--INT_ASM_PRODUCTION/HG02559/assemblies/freeze_2/annotation/liftoff/HG02559_hap1.hprc_r2_v1_liftoff.gff3
HG02572,1,s3://human-pangenomics/submissions/DC27718F-5F38-43B0-9A78-270F395F13E8--INT_ASM_PRODUCTION/HG02572/assemblies/freeze_2/annotation/liftoff/HG02572_hap1.hprc_r2_v1_liftoff.gff3
HG02622,1,s3://human-pangenomics/submissions/DC27718F-5F38-43B0-9A78-270F395F13E8--INT_ASM_PRODUCTION/HG02622/assemblies/freeze_2/annotation/liftoff/HG02622_hap1.hprc_r2_v1_liftoff.gff3
HG02886,1,s3://human-pangenomics/submissions/DC27718F-5F38-43B0-9A78-270F395F13E8--INT_ASM_PRODUCTION/HG02886/assemblies/freeze_2/annotation/liftoff/HG02886_hap1.hprc_r2_v1_liftoff.gff3
HG03453,1,s3://human-pangenomics/submissions/DC27718F-5F38-43B0-9A78-270F395F13E8--INT_ASM_PRODUCTION/HG03453/assemblies/freeze_2/annotation/liftoff/HG03453_hap1.hprc_r2_v1_liftoff.gff3
HG03540,1,s3://human-pangenomics/submissions/DC27718F-5F38-43B0-9A78-270F395F13E8--INT_ASM_PRODUCTION/HG03540/assemblies/freeze_2/annotation/liftoff/HG03540_hap1.hprc_r2_v1_liftoff.gff3
HG00099,1,s3://human-pangenomics/submissions/DC27718F-5F38-43B0-9A78-270F395F13E8--INT_ASM_PRODUCTION/HG00099/assemblies/freeze_2/annotation/liftoff/HG00099_hap1.hprc_r2_v1_liftoff.gff3
HG00140,1,s3://human-pangenomics/submissions/DC27718F-5F38-43B0-9A78-270F395F13E8--INT_ASM_PRODUCTION/HG00140/assemblies/freeze_2/annotation/liftoff/HG00140_hap1.hprc_r2_v1_liftoff.gff3
HG00280,1,s3://human-pangenomics/submissions/DC27718F-5F38-43B0-9A78-270F395F13E8--INT_ASM_PRODUCTION/HG00280/assemblies/freeze_2/annotation/liftoff/HG00280_hap1.hprc_r2_v1_liftoff.gff3
HG00323,1,s3://human-pangenomics/submissions/DC27718F-5F38-43B0-9A78-270F395F13E8--INT_ASM_PRODUCTION/HG00323/assemblies/freeze_2/annotation/liftoff/HG00323_hap1.hprc_r2_v1_liftoff.gff3
HG02040,1,s3://human-pangenomics/submissions/DC27718F-5F38-43B0-9A78-270F395F13E8--INT_ASM_PRODUCTION/HG02040/assemblies/freeze_2/annotation/liftoff/HG02040_hap1.hprc_r2_v1_liftoff.gff3
HG02165,1,s3://human-pangenomics/submissions/DC27718F-5F38-43B0-9A78-270F395F13E8--INT_ASM_PRODUCTION/HG02165/assemblies/freeze_2/annotation/liftoff/HG02165_hap1.hprc_r2_v1_liftoff.gff3
HG02273,1,s3://human-pangenomics/submissions/DC27718F-5F38-43B0-9A78-270F395F13E8--INT_ASM_PRODUCTION/HG02273/assemblies/freeze_2/annotation/liftoff/HG02273_hap1.hprc_r2_v1_liftoff.gff3
HG02922,1,s3://human-pangenomics/submissions/DC27718F-5F38-43B0-9A78-270F395F13E8--INT_ASM_PRODUCTION/HG02922/assemblies/freeze_2/annotation/liftoff/HG02922_hap1.hprc_r2_v1_liftoff.gff3
HG02965,1,s3://human-pangenomics/submissions/DC27718F-5F38-43B0-9A78-270F395F13E8--INT_ASM_PRODUCTION/HG02965/assemblies/freeze_2/annotation/liftoff/HG02965_hap1.hprc_r2_v1_liftoff.gff3
HG02976,1,s3://human-pangenomics/submissions/DC27718F-5F38-43B0-9A78-270F395F13E8--INT_ASM_PRODUCTION/HG02976/assemblies/freeze_2/annotation/liftoff/HG02976_hap1.hprc_r2_v1_liftoff.gff3
HG03130,1,s3://human-pangenomics/submissions/DC27718F-5F38-43B0-9A78-270F395F13E8--INT_ASM_PRODUCTION/HG03130/assemblies/freeze_2/annotation/liftoff/HG03130_hap1.hprc_r2_v1_liftoff.gff3
HG03195,1,s3://human-pangenomics/submissions/DC27718F-5F38-43B0-9A78-270F395F13E8--INT_ASM_PRODUCTION/HG03195/assemblies/freeze_2/annotation/liftoff/HG03195_hap1.hprc_r2_v1_liftoff.gff3
HG03209,1,s3://human-pangenomics/submissions/DC27718F-5F38-43B0-9A78-270F395F13E8--INT_ASM_PRODUCTION/HG03209/assemblies/freeze_2/annotation/liftoff/HG03209_hap1.hprc_r2_v1_liftoff.gff3
NA18522,1,s3://human-pangenomics/submissions/DC27718F-5F38-43B0-9A78-270F395F13E8--INT_ASM_PRODUCTION/NA18522/assemblies/freeze_2/annotation/liftoff/NA18522_hap1.hprc_r2_v1_liftoff.gff3
NA18747,1,s3://human-pangenomics/submissions/DC27718F-5F38-43B0-9A78-270F395F13E8--INT_ASM_PRODUCTION/NA18747/assemblies/freeze_2/annotation/liftoff/NA18747_hap1.hprc_r2_v1_liftoff.gff3
NA18971,1,s3://human-pangenomics/submissions/DC27718F-5F38-43B0-9A78-270F395F13E8--INT_ASM_PRODUCTION/NA18971/assemblies/freeze_2/annotation/liftoff/NA18971_hap1.hprc_r2_v1_liftoff.gff3
NA18983,1,s3://human-pangenomics/submissions/DC27718F-5F38-43B0-9A78-270F395F13E8--INT_ASM_PRODUCTION/NA18983/assemblies/freeze_2/annotation/liftoff/NA18983_hap1.hprc_r2_v1_liftoff.gff3
NA19043,1,s3://human-pangenomics/submissions/DC27718F-5F38-43B0-9A78-270F395F13E8--INT_ASM_PRODUCTION/NA19043/assemblies/freeze_2/annotation/liftoff/NA19043_hap1.hprc_r2_v1_liftoff.gff3
NA20905,1,s3://human-pangenomics/submissions/DC27718F-5F38-43B0-9A78-270F395F13E8--INT_ASM_PRODUCTION/NA20905/assemblies/freeze_2/annotation/liftoff/NA20905_hap1.hprc_r2_v1_liftoff.gff3
HG01530,1,s3://human-pangenomics/submissions/DC27718F-5F38-43B0-9A78-270F395F13E8--INT_ASM_PRODUCTION/HG01530/assemblies/freeze_2/annotation/liftoff/HG01530_hap1.hprc_r2_v1_liftoff.gff3
HG01784,1,s3://human-pangenomics/submissions/DC27718F-5F38-43B0-9A78-270F395F13E8--INT_ASM_PRODUCTION/HG01784/assemblies/freeze_2/annotation/liftoff/HG01784_hap1.hprc_r2_v1_liftoff.gff3
HG02391,1,s3://human-pangenomics/submissions/DC27718F-5F38-43B0-9A78-270F395F13E8--INT_ASM_PRODUCTION/HG02391/assemblies/freeze_2/annotation/liftoff/HG02391_hap1.hprc_r2_v1_liftoff.gff3
HG03471,1,s3://human-pangenomics/submissions/DC27718F-5F38-43B0-9A78-270F395F13E8--INT_ASM_PRODUCTION/HG03471/assemblies/freeze_2/annotation/liftoff/HG03471_hap1.hprc_r2_v1_liftoff.gff3
HG03742,1,s3://human-pangenomics/submissions/DC27718F-5F38-43B0-9A78-270F395F13E8--INT_ASM_PRODUCTION/HG03742/assemblies/freeze_2/annotation/liftoff/HG03742_hap1.hprc_r2_v1_liftoff.gff3
NA18570,1,s3://human-pangenomics/submissions/DC27718F-5F38-43B0-9A78-270F395F13E8--INT_ASM_PRODUCTION/NA18570/assemblies/freeze_2/annotation/liftoff/NA18570_hap1.hprc_r2_v1_liftoff.gff3
NA19087,1,s3://human-pangenomics/submissions/DC27718F-5F38-43B0-9A78-270F395F13E8--INT_ASM_PRODUCTION/NA19087/assemblies/freeze_2/annotation/liftoff/NA19087_hap1.hprc_r2_v1_liftoff.gff3
NA19185,1,s3://human-pangenomics/submissions/DC27718F-5F38-43B0-9A78-270F395F13E8--INT_ASM_PRODUCTION/NA19185/assemblies/freeze_2/annotation/liftoff/NA19185_hap1.hprc_r2_v1_liftoff.gff3
NA19338,1,s3://human-pangenomics/submissions/DC27718F-5F38-43B0-9A78-270F395F13E8--INT_ASM_PRODUCTION/NA19338/assemblies/freeze_2/annotation/liftoff/NA19338_hap1.hprc_r2_v1_liftoff.gff3
NA19391,1,s3://human-pangenomics/submissions/DC27718F-5F38-43B0-9A78-270F395F13E8--INT_ASM_PRODUCTION/NA19391/assemblies/freeze_2/annotation/liftoff/NA19391_hap1.hprc_r2_v1_liftoff.gff3
NA19468,1,s3://human-pangenomics/submissions/DC27718F-5F38-43B0-9A78-270F395F13E8--INT_ASM_PRODUCTION/NA19468/assemblies/freeze_2/annotation/liftoff/NA19468_hap1.hprc_r2_v1_liftoff.gff3
HG00438,1,s3://human-pangenomics/submissions/DC27718F-5F38-43B0-9A78-270F395F13E8--INT_ASM_PRODUCTION/HG00438/assemblies/freeze_2/annotation/liftoff/HG00438_hap1.hprc_r2_v1_liftoff.gff3
HG00558,1,s3://human-pangenomics/submissions/DC27718F-5F38-43B0-9A78-270F395F13E8--INT_ASM_PRODUCTION/HG00558/assemblies/freeze_2/annotation/liftoff/HG00558_hap1.hprc_r2_v1_liftoff.gff3
HG00639,1,s3://human-pangenomics/submissions/DC27718F-5F38-43B0-9A78-270F395F13E8--INT_ASM_PRODUCTION/HG00639/assemblies/freeze_2/annotation/liftoff/HG00639_hap1.hprc_r2_v1_liftoff.gff3
HG00658,1,s3://human-pangenomics/submissions/DC27718F-5F38-43B0-9A78-270F395F13E8--INT_ASM_PRODUCTION/HG00658/assemblies/freeze_2/annotation/liftoff/HG00658_hap1.hprc_r2_v1_liftoff.gff3
HG00673,1,s3://human-pangenomics/submissions/DC27718F-5F38-43B0-9A78-270F395F13E8--INT_ASM_PRODUCTION/HG00673/assemblies/freeze_2/annotation/liftoff/HG00673_hap1.hprc_r2_v1_liftoff.gff3
HG01071,1,s3://human-pangenomics/submissions/DC27718F-5F38-43B0-9A78-270F395F13E8--INT_ASM_PRODUCTION/HG01071/assemblies/freeze_2/annotation/liftoff/HG01071_hap1.hprc_r2_v1_liftoff.gff3
HG01074,1,s3://human-pangenomics/submissions/DC27718F-5F38-43B0-9A78-270F395F13E8--INT_ASM_PRODUCTION/HG01074/assemblies/freeze_2/annotation/liftoff/HG01074_hap1.hprc_r2_v1_liftoff.gff3
HG01081,1,s3://human-pangenomics/submissions/DC27718F-5F38-43B0-9A78-270F395F13E8--INT_ASM_PRODUCTION/HG01081/assemblies/freeze_2/annotation/liftoff/HG01081_hap1.hprc_r2_v1_liftoff.gff3
HG01123,1,s3://human-pangenomics/submissions/DC27718F-5F38-43B0-9A78-270F395F13E8--INT_ASM_PRODUCTION/HG01123/assemblies/freeze_2/annotation/liftoff/HG01123_hap1.hprc_r2_v1_liftoff.gff3
HG01150,1,s3://human-pangenomics/submissions/DC27718F-5F38-43B0-9A78-270F395F13E8--INT_ASM_PRODUCTION/HG01150/assemblies/freeze_2/annotation/liftoff/HG01150_hap1.hprc_r2_v1_liftoff.gff3
HG01252,1,s3://human-pangenomics/submissions/DC27718F-5F38-43B0-9A78-270F395F13E8--INT_ASM_PRODUCTION/HG01252/assemblies/freeze_2/annotation/liftoff/HG01252_hap1.hprc_r2_v1_liftoff.gff3
HG01358,1,s3://human-pangenomics/submissions/DC27718F-5F38-43B0-9A78-270F395F13E8--INT_ASM_PRODUCTION/HG01358/assemblies/freeze_2/annotation/liftoff/HG01358_hap1.hprc_r2_v1_liftoff.gff3
HG01361,1,s3://human-pangenomics/submissions/DC27718F-5F38-43B0-9A78-270F395F13E8--INT_ASM_PRODUCTION/HG01361/assemblies/freeze_2/annotation/liftoff/HG01361_hap1.hprc_r2_v1_liftoff.gff3
HG01928,1,s3://human-pangenomics/submissions/DC27718F-5F38-43B0-9A78-270F395F13E8--INT_ASM_PRODUCTION/HG01928/assemblies/freeze_2/annotation/liftoff/HG01928_hap1.hprc_r2_v1_liftoff.gff3
HG01934,1,s3://human-pangenomics/submissions/DC27718F-5F38-43B0-9A78-270F395F13E8--INT_ASM_PRODUCTION/HG01934/assemblies/freeze_2/annotation/liftoff/HG01934_hap1.hprc_r2_v1_liftoff.gff3
HG01940,1,s3://human-pangenomics/submissions/DC27718F-5F38-43B0-9A78-270F395F13E8--INT_ASM_PRODUCTION/HG01940/assemblies/freeze_2/annotation/liftoff/HG01940_hap1.hprc_r2_v1_liftoff.gff3
HG01960,1,s3://human-pangenomics/submissions/DC27718F-5F38-43B0-9A78-270F395F13E8--INT_ASM_PRODUCTION/HG01960/assemblies/freeze_2/annotation/liftoff/HG01960_hap1.hprc_r2_v1_liftoff.gff3
HG01969,1,s3://human-pangenomics/submissions/DC27718F-5F38-43B0-9A78-270F395F13E8--INT_ASM_PRODUCTION/HG01969/assemblies/freeze_2/annotation/liftoff/HG01969_hap1.hprc_r2_v1_liftoff.gff3
HG01978,1,s3://human-pangenomics/submissions/DC27718F-5F38-43B0-9A78-270F395F13E8--INT_ASM_PRODUCTION/HG01978/assemblies/freeze_2/annotation/liftoff/HG01978_hap1.hprc_r2_v1_liftoff.gff3
HG02071,1,s3://human-pangenomics/submissions/DC27718F-5F38-43B0-9A78-270F395F13E8--INT_ASM_PRODUCTION/HG02071/assemblies/freeze_2/annotation/liftoff/HG02071_hap1.hprc_r2_v1_liftoff.gff3
HG02074,1,s3://human-pangenomics/submissions/DC27718F-5F38-43B0-9A78-270F395F13E8--INT_ASM_PRODUCTION/HG02074/assemblies/freeze_2/annotation/liftoff/HG02074_hap1.hprc_r2_v1_liftoff.gff3
HG02135,1,s3://human-pangenomics/submissions/DC27718F-5F38-43B0-9A78-270F395F13E8--INT_ASM_PRODUCTION/HG02135/assemblies/freeze_2/annotation/liftoff/HG02135_hap1.hprc_r2_v1_liftoff.gff3
HG02257,1,s3://human-pangenomics/submissions/DC27718F-5F38-43B0-9A78-270F395F13E8--INT_ASM_PRODUCTION/HG02257/assemblies/freeze_2/annotation/liftoff/HG02257_hap1.hprc_r2_v1_liftoff.gff3
HG02668,1,s3://human-pangenomics/submissions/DC27718F-5F38-43B0-9A78-270F395F13E8--INT_ASM_PRODUCTION/HG02668/assemblies/freeze_2/annotation/liftoff/HG02668_hap1.hprc_r2_v1_liftoff.gff3
HG02717,1,s3://human-pangenomics/submissions/DC27718F-5F38-43B0-9A78-270F395F13E8--INT_ASM_PRODUCTION/HG02717/assemblies/freeze_2/annotation/liftoff/HG02717_hap1.hprc_r2_v1_liftoff.gff3
HG02809,1,s3://human-pangenomics/submissions/DC27718F-5F38-43B0-9A78-270F395F13E8--INT_ASM_PRODUCTION/HG02809/assemblies/freeze_2/annotation/liftoff/HG02809_hap1.hprc_r2_v1_liftoff.gff3
HG03017,1,s3://human-pangenomics/submissions/DC27718F-5F38-43B0-9A78-270F395F13E8--INT_ASM_PRODUCTION/HG03017/assemblies/freeze_2/annotation/liftoff/HG03017_hap1.hprc_r2_v1_liftoff.gff3
HG03041,1,s3://human-pangenomics/submissions/DC27718F-5F38-43B0-9A78-270F395F13E8--INT_ASM_PRODUCTION/HG03041/assemblies/freeze_2/annotation/liftoff/HG03041_hap1.hprc_r2_v1_liftoff.gff3
HG03239,1,s3://human-pangenomics/submissions/DC27718F-5F38-43B0-9A78-270F395F13E8--INT_ASM_PRODUCTION/HG03239/assemblies/freeze_2/annotation/liftoff/HG03239_hap1.hprc_r2_v1_liftoff.gff3
HG03516,1,s3://human-pangenomics/submissions/DC27718F-5F38-43B0-9A78-270F395F13E8--INT_ASM_PRODUCTION/HG03516/assemblies/freeze_2/annotation/liftoff/HG03516_hap1.hprc_r2_v1_liftoff.gff3
HG03804,1,s3://human-pangenomics/submissions/DC27718F-5F38-43B0-9A78-270F395F13E8--INT_ASM_PRODUCTION/HG03804/assemblies/freeze_2/annotation/liftoff/HG03804_hap1.hprc_r2_v1_liftoff.gff3
HG03942,1,s3://human-pangenomics/submissions/DC27718F-5F38-43B0-9A78-270F395F13E8--INT_ASM_PRODUCTION/HG03942/assemblies/freeze_2/annotation/liftoff/HG03942_hap1.hprc_r2_v1_liftoff.gff3
HG04157,1,s3://human-pangenomics/submissions/DC27718F-5F38-43B0-9A78-270F395F13E8--INT_ASM_PRODUCTION/HG04157/assemblies/freeze_2/annotation/liftoff/HG04157_hap1.hprc_r2_v1_liftoff.gff3
HG04160,1,s3://human-pangenomics/submissions/DC27718F-5F38-43B0-9A78-270F395F13E8--INT_ASM_PRODUCTION/HG04160/assemblies/freeze_2/annotation/liftoff/HG04160_hap1.hprc_r2_v1_liftoff.gff3
HG04204,1,s3://human-pangenomics/submissions/DC27718F-5F38-43B0-9A78-270F395F13E8--INT_ASM_PRODUCTION/HG04204/assemblies/freeze_2/annotation/liftoff/HG04204_hap1.hprc_r2_v1_liftoff.gff3
HG04228,1,s3://human-pangenomics/submissions/DC27718F-5F38-43B0-9A78-270F395F13E8--INT_ASM_PRODUCTION/HG04228/assemblies/freeze_2/annotation/liftoff/HG04228_hap1.hprc_r2_v1_liftoff.gff3
HG00706,1,s3://human-pangenomics/submissions/DC27718F-5F38-43B0-9A78-270F395F13E8--INT_ASM_PRODUCTION/HG00706/assemblies/freeze_2/annotation/liftoff/HG00706_hap1.hprc_r2_v1_liftoff.gff3
HG03816,1,s3://human-pangenomics/submissions/DC27718F-5F38-43B0-9A78-270F395F13E8--INT_ASM_PRODUCTION/HG03816/assemblies/freeze_2/annotation/liftoff/HG03816_hap1.hprc_r2_v1_liftoff.gff3
HG00423,1,s3://human-pangenomics/submissions/DC27718F-5F38-43B0-9A78-270F395F13E8--INT_ASM_PRODUCTION/HG00423/assemblies/freeze_2/annotation/liftoff/HG00423_hap1.hprc_r2_v1_liftoff.gff3
HG00544,1,s3://human-pangenomics/submissions/DC27718F-5F38-43B0-9A78-270F395F13E8--INT_ASM_PRODUCTION/HG00544/assemblies/freeze_2/annotation/liftoff/HG00544_hap1.hprc_r2_v1_liftoff.gff3
HG01943,1,s3://human-pangenomics/submissions/DC27718F-5F38-43B0-9A78-270F395F13E8--INT_ASM_PRODUCTION/HG01943/assemblies/freeze_2/annotation/liftoff/HG01943_hap1.hprc_r2_v1_liftoff.gff3
HG02735,1,s3://human-pangenomics/submissions/DC27718F-5F38-43B0-9A78-270F395F13E8--INT_ASM_PRODUCTION/HG02735/assemblies/freeze_2/annotation/liftoff/HG02735_hap1.hprc_r2_v1_liftoff.gff3
HG03225,1,s3://human-pangenomics/submissions/DC27718F-5F38-43B0-9A78-270F395F13E8--INT_ASM_PRODUCTION/HG03225/assemblies/freeze_2/annotation/liftoff/HG03225_hap1.hprc_r2_v1_liftoff.gff3
NA19159,1,s3://human-pangenomics/submissions/DC27718F-5F38-43B0-9A78-270F395F13E8--INT_ASM_PRODUCTION/NA19159/assemblies/freeze_2/annotation/liftoff/NA19159_hap1.hprc_r2_v1_liftoff.gff3
HG00126,1,s3://human-pangenomics/submissions/DC27718F-5F38-43B0-9A78-270F395F13E8--INT_ASM_PRODUCTION/HG00126/assemblies/freeze_2/annotation/liftoff/HG00126_hap1.hprc_r2_v1_liftoff.gff3
HG00128,1,s3://human-pangenomics/submissions/DC27718F-5F38-43B0-9A78-270F395F13E8--INT_ASM_PRODUCTION/HG00128/assemblies/freeze_2/annotation/liftoff/HG00128_hap1.hprc_r2_v1_liftoff.gff3
HG00133,1,s3://human-pangenomics/submissions/DC27718F-5F38-43B0-9A78-270F395F13E8--INT_ASM_PRODUCTION/HG00133/assemblies/freeze_2/annotation/liftoff/HG00133_hap1.hprc_r2_v1_liftoff.gff3
HG00146,1,s3://human-pangenomics/submissions/DC27718F-5F38-43B0-9A78-270F395F13E8--INT_ASM_PRODUCTION/HG00146/assemblies/freeze_2/annotation/liftoff/HG00146_hap1.hprc_r2_v1_liftoff.gff3
HG00232,1,s3://human-pangenomics/submissions/DC27718F-5F38-43B0-9A78-270F395F13E8--INT_ASM_PRODUCTION/HG00232/assemblies/freeze_2/annotation/liftoff/HG00232_hap1.hprc_r2_v1_liftoff.gff3
HG00290,1,s3://human-pangenomics/submissions/DC27718F-5F38-43B0-9A78-270F395F13E8--INT_ASM_PRODUCTION/HG00290/assemblies/freeze_2/annotation/liftoff/HG00290_hap1.hprc_r2_v1_liftoff.gff3
HG00320,1,s3://human-pangenomics/submissions/DC27718F-5F38-43B0-9A78-270F395F13E8--INT_ASM_PRODUCTION/HG00320/assemblies/freeze_2/annotation/liftoff/HG00320_hap1.hprc_r2_v1_liftoff.gff3
HG00321,1,s3://human-pangenomics/submissions/DC27718F-5F38-43B0-9A78-270F395F13E8--INT_ASM_PRODUCTION/HG00321/assemblies/freeze_2/annotation/liftoff/HG00321_hap1.hprc_r2_v1_liftoff.gff3
HG01786,1,s3://human-pangenomics/submissions/DC27718F-5F38-43B0-9A78-270F395F13E8--INT_ASM_PRODUCTION/HG01786/assemblies/freeze_2/annotation/liftoff/HG01786_hap1.hprc_r2_v1_liftoff.gff3
HG02178,1,s3://human-pangenomics/submissions/DC27718F-5F38-43B0-9A78-270F395F13E8--INT_ASM_PRODUCTION/HG02178/assemblies/freeze_2/annotation/liftoff/HG02178_hap1.hprc_r2_v1_liftoff.gff3
HG02583,1,s3://human-pangenomics/submissions/DC27718F-5F38-43B0-9A78-270F395F13E8--INT_ASM_PRODUCTION/HG02583/assemblies/freeze_2/annotation/liftoff/HG02583_hap1.hprc_r2_v1_liftoff.gff3
HG03270,1,s3://human-pangenomics/submissions/DC27718F-5F38-43B0-9A78-270F395F13E8--INT_ASM_PRODUCTION/HG03270/assemblies/freeze_2/annotation/liftoff/HG03270_hap1.hprc_r2_v1_liftoff.gff3
HG03583,1,s3://human-pangenomics/submissions/DC27718F-5F38-43B0-9A78-270F395F13E8--INT_ASM_PRODUCTION/HG03583/assemblies/freeze_2/annotation/liftoff/HG03583_hap1.hprc_r2_v1_liftoff.gff3
HG03874,1,s3://human-pangenomics/submissions/DC27718F-5F38-43B0-9A78-270F395F13E8--INT_ASM_PRODUCTION/HG03874/assemblies/freeze_2/annotation/liftoff/HG03874_hap1.hprc_r2_v1_liftoff.gff3
NA18505,1,s3://human-pangenomics/submissions/DC27718F-5F38-43B0-9A78-270F395F13E8--INT_ASM_PRODUCTION/NA18505/assemblies/freeze_2/annotation/liftoff/NA18505_hap1.hprc_r2_v1_liftoff.gff3
NA18508,1,s3://human-pangenomics/submissions/DC27718F-5F38-43B0-9A78-270F395F13E8--INT_ASM_PRODUCTION/NA18508/assemblies/freeze_2/annotation/liftoff/NA18508_hap1.hprc_r2_v1_liftoff.gff3
NA18608,1,s3://human-pangenomics/submissions/DC27718F-5F38-43B0-9A78-270F395F13E8--INT_ASM_PRODUCTION/NA18608/assemblies/freeze_2/annotation/liftoff/NA18608_hap1.hprc_r2_v1_liftoff.gff3
NA18620,1,s3://human-pangenomics/submissions/DC27718F-5F38-43B0-9A78-270F395F13E8--INT_ASM_PRODUCTION/NA18620/assemblies/freeze_2/annotation/liftoff/NA18620_hap1.hprc_r2_v1_liftoff.gff3
NA18952,1,s3://human-pangenomics/submissions/DC27718F-5F38-43B0-9A78-270F395F13E8--INT_ASM_PRODUCTION/NA18952/assemblies/freeze_2/annotation/liftoff/NA18952_hap1.hprc_r2_v1_liftoff.gff3
NA18974,1,s3://human-pangenomics/submissions/DC27718F-5F38-43B0-9A78-270F395F13E8--INT_ASM_PRODUCTION/NA18974/assemblies/freeze_2/annotation/liftoff/NA18974_hap1.hprc_r2_v1_liftoff.gff3
NA18976,1,s3://human-pangenomics/submissions/DC27718F-5F38-43B0-9A78-270F395F13E8--INT_ASM_PRODUCTION/NA18976/assemblies/freeze_2/annotation/liftoff/NA18976_hap1.hprc_r2_v1_liftoff.gff3
NA19036,1,s3://human-pangenomics/submissions/DC27718F-5F38-43B0-9A78-270F395F13E8--INT_ASM_PRODUCTION/NA19036/assemblies/freeze_2/annotation/liftoff/NA19036_hap1.hprc_r2_v1_liftoff.gff3
NA19443,1,s3://human-pangenomics/submissions/DC27718F-5F38-43B0-9A78-270F395F13E8--INT_ASM_PRODUCTION/NA19443/assemblies/freeze_2/annotation/liftoff/NA19443_hap1.hprc_r2_v1_liftoff.gff3
NA19700,1,s3://human-pangenomics/submissions/DC27718F-5F38-43B0-9A78-270F395F13E8--INT_ASM_PRODUCTION/NA19700/assemblies/freeze_2/annotation/liftoff/NA19700_hap1.hprc_r2_v1_liftoff.gff3
NA20870,1,s3://human-pangenomics/submissions/DC27718F-5F38-43B0-9A78-270F395F13E8--INT_ASM_PRODUCTION/NA20870/assemblies/freeze_2/annotation/liftoff/NA20870_hap1.hprc_r2_v1_liftoff.gff3
NA21093,1,s3://human-pangenomics/submissions/DC27718F-5F38-43B0-9A78-270F395F13E8--INT_ASM_PRODUCTION/NA21093/assemblies/freeze_2/annotation/liftoff/NA21093_hap1.hprc_r2_v1_liftoff.gff3
NA21106,1,s3://human-pangenomics/submissions/DC27718F-5F38-43B0-9A78-270F395F13E8--INT_ASM_PRODUCTION/NA21106/assemblies/freeze_2/annotation/liftoff/NA21106_hap1.hprc_r2_v1_liftoff.gff3
NA21110,1,s3://human-pangenomics/submissions/DC27718F-5F38-43B0-9A78-270F395F13E8--INT_ASM_PRODUCTION/NA21110/assemblies/freeze_2/annotation/liftoff/NA21110_hap1.hprc_r2_v1_liftoff.gff3
HG02392,1,s3://human-pangenomics/submissions/DC27718F-5F38-43B0-9A78-270F395F13E8--INT_ASM_PRODUCTION/HG02392/assemblies/freeze_2/annotation/liftoff/HG02392_hap1.hprc_r2_v1_liftoff.gff3
HG02514,1,s3://human-pangenomics/submissions/DC27718F-5F38-43B0-9A78-270F395F13E8--INT_ASM_PRODUCTION/HG02514/assemblies/freeze_2/annotation/liftoff/HG02514_hap1.hprc_r2_v1_liftoff.gff3
HG02841,1,s3://human-pangenomics/submissions/DC27718F-5F38-43B0-9A78-270F395F13E8--INT_ASM_PRODUCTION/HG02841/assemblies/freeze_2/annotation/liftoff/HG02841_hap1.hprc_r2_v1_liftoff.gff3
HG02984,1,s3://human-pangenomics/submissions/DC27718F-5F38-43B0-9A78-270F395F13E8--INT_ASM_PRODUCTION/HG02984/assemblies/freeze_2/annotation/liftoff/HG02984_hap1.hprc_r2_v1_liftoff.gff3
HG03050,1,s3://human-pangenomics/submissions/DC27718F-5F38-43B0-9A78-270F395F13E8--INT_ASM_PRODUCTION/HG03050/assemblies/freeze_2/annotation/liftoff/HG03050_hap1.hprc_r2_v1_liftoff.gff3
NA20799,1,s3://human-pangenomics/submissions/DC27718F-5F38-43B0-9A78-270F395F13E8--INT_ASM_PRODUCTION/NA20799/assemblies/freeze_2/annotation/liftoff/NA20799_hap1.hprc_r2_v1_liftoff.gff3
HG01109,1,s3://human-pangenomics/submissions/DC27718F-5F38-43B0-9A78-270F395F13E8--INT_ASM_PRODUCTION/HG01109/assemblies/freeze_2/annotation/liftoff/HG01109_hap1.hprc_r2_v1_liftoff.gff3
HG02055,1,s3://human-pangenomics/submissions/DC27718F-5F38-43B0-9A78-270F395F13E8--INT_ASM_PRODUCTION/HG02055/assemblies/freeze_2/annotation/liftoff/HG02055_hap1.hprc_r2_v1_liftoff.gff3
HG02080,1,s3://human-pangenomics/submissions/DC27718F-5F38-43B0-9A78-270F395F13E8--INT_ASM_PRODUCTION/HG02080/assemblies/freeze_2/annotation/liftoff/HG02080_hap1.hprc_r2_v1_liftoff.gff3
HG02109,1,s3://human-pangenomics/submissions/DC27718F-5F38-43B0-9A78-270F395F13E8--INT_ASM_PRODUCTION/HG02109/assemblies/freeze_2/annotation/liftoff/HG02109_hap1.hprc_r2_v1_liftoff.gff3
HG02723,1,s3://human-pangenomics/submissions/DC27718F-5F38-43B0-9A78-270F395F13E8--INT_ASM_PRODUCTION/HG02723/assemblies/freeze_2/annotation/liftoff/HG02723_hap1.hprc_r2_v1_liftoff.gff3
HG02818,1,s3://human-pangenomics/submissions/DC27718F-5F38-43B0-9A78-270F395F13E8--INT_ASM_PRODUCTION/HG02818/assemblies/freeze_2/annotation/liftoff/HG02818_hap1.hprc_r2_v1_liftoff.gff3
HG03098,1,s3://human-pangenomics/submissions/DC27718F-5F38-43B0-9A78-270F395F13E8--INT_ASM_PRODUCTION/HG03098/assemblies/freeze_2/annotation/liftoff/HG03098_hap1.hprc_r2_v1_liftoff.gff3
HG03486,1,s3://human-pangenomics/submissions/DC27718F-5F38-43B0-9A78-270F395F13E8--INT_ASM_PRODUCTION/HG03486/assemblies/freeze_2/annotation/liftoff/HG03486_hap1.hprc_r2_v1_liftoff.gff3
NA18906,1,s3://human-pangenomics/submissions/DC27718F-5F38-43B0-9A78-270F395F13E8--INT_ASM_PRODUCTION/NA18906/assemblies/freeze_2/annotation/liftoff/NA18906_hap1.hprc_r2_v1_liftoff.gff3
NA20129,1,s3://human-pangenomics/submissions/DC27718F-5F38-43B0-9A78-270F395F13E8--INT_ASM_PRODUCTION/NA20129/assemblies/freeze_2/annotation/liftoff/NA20129_hap1.hprc_r2_v1_liftoff.gff3
NA21309,1,s3://human-pangenomics/submissions/DC27718F-5F38-43B0-9A78-270F395F13E8--INT_ASM_PRODUCTION/NA21309/assemblies/freeze_2/annotation/liftoff/NA21309_hap1.hprc_r2_v1_liftoff.gff3
HG00733,1,s3://human-pangenomics/submissions/DC27718F-5F38-43B0-9A78-270F395F13E8--INT_ASM_PRODUCTION/HG00733/assemblies/freeze_2/annotation/liftoff/HG00733_hap1.hprc_r2_v1_liftoff.gff3
HG01243,1,s3://human-pangenomics/submissions/DC27718F-5F38-43B0-9A78-270F395F13E8--INT_ASM_PRODUCTION/HG01243/assemblies/freeze_2/annotation/liftoff/HG01243_hap1.hprc_r2_v1_liftoff.gff3
NA19240,1,s3://human-pangenomics/submissions/DC27718F-5F38-43B0-9A78-270F395F13E8--INT_ASM_PRODUCTION/NA19240/assemblies/freeze_2/annotation/liftoff/NA19240_hap1.hprc_r2_v1_liftoff.gff3
HG005,1,s3://human-pangenomics/submissions/DC27718F-5F38-43B0-9A78-270F395F13E8--INT_ASM_PRODUCTION/HG005/assemblies/freeze_2/annotation/liftoff/HG005_hap1.hprc_r2_v1_liftoff.gff3
HG00097,1,s3://human-pangenomics/submissions/DC27718F-5F38-43B0-9A78-270F395F13E8--INT_ASM_PRODUCTION/HG00097/assemblies/freeze_2/annotation/liftoff/HG00097_hap1.hprc_r2_v1_liftoff.gff3
HG00235,1,s3://human-pangenomics/submissions/DC27718F-5F38-43B0-9A78-270F395F13E8--INT_ASM_PRODUCTION/HG00235/assemblies/freeze_2/annotation/liftoff/HG00235_hap1.hprc_r2_v1_liftoff.gff3
HG00253,1,s3://human-pangenomics/submissions/DC27718F-5F38-43B0-9A78-270F395F13E8--INT_ASM_PRODUCTION/HG00253/assemblies/freeze_2/annotation/liftoff/HG00253_hap1.hprc_r2_v1_liftoff.gff3
HG00272,1,s3://human-pangenomics/submissions/DC27718F-5F38-43B0-9A78-270F395F13E8--INT_ASM_PRODUCTION/HG00272/assemblies/freeze_2/annotation/liftoff/HG00272_hap1.hprc_r2_v1_liftoff.gff3
HG00329,1,s3://human-pangenomics/submissions/DC27718F-5F38-43B0-9A78-270F395F13E8--INT_ASM_PRODUCTION/HG00329/assemblies/freeze_2/annotation/liftoff/HG00329_hap1.hprc_r2_v1_liftoff.gff3
HG00344,1,s3://human-pangenomics/submissions/DC27718F-5F38-43B0-9A78-270F395F13E8--INT_ASM_PRODUCTION/HG00344/assemblies/freeze_2/annotation/liftoff/HG00344_hap1.hprc_r2_v1_liftoff.gff3
HG00350,1,s3://human-pangenomics/submissions/DC27718F-5F38-43B0-9A78-270F395F13E8--INT_ASM_PRODUCTION/HG00350/assemblies/freeze_2/annotation/liftoff/HG00350_hap1.hprc_r2_v1_liftoff.gff3
HG01167,1,s3://human-pangenomics/submissions/DC27718F-5F38-43B0-9A78-270F395F13E8--INT_ASM_PRODUCTION/HG01167/assemblies/freeze_2/annotation/liftoff/HG01167_hap1.hprc_r2_v1_liftoff.gff3
HG03369,1,s3://human-pangenomics/submissions/DC27718F-5F38-43B0-9A78-270F395F13E8--INT_ASM_PRODUCTION/HG03369/assemblies/freeze_2/annotation/liftoff/HG03369_hap1.hprc_r2_v1_liftoff.gff3
HG03521,1,s3://human-pangenomics/submissions/DC27718F-5F38-43B0-9A78-270F395F13E8--INT_ASM_PRODUCTION/HG03521/assemblies/freeze_2/annotation/liftoff/HG03521_hap1.hprc_r2_v1_liftoff.gff3
HG03784,1,s3://human-pangenomics/submissions/DC27718F-5F38-43B0-9A78-270F395F13E8--INT_ASM_PRODUCTION/HG03784/assemblies/freeze_2/annotation/liftoff/HG03784_hap1.hprc_r2_v1_liftoff.gff3
NA18565,1,s3://human-pangenomics/submissions/DC27718F-5F38-43B0-9A78-270F395F13E8--INT_ASM_PRODUCTION/NA18565/assemblies/freeze_2/annotation/liftoff/NA18565_hap1.hprc_r2_v1_liftoff.gff3
NA19682,1,s3://human-pangenomics/submissions/DC27718F-5F38-43B0-9A78-270F395F13E8--INT_ASM_PRODUCTION/NA19682/assemblies/freeze_2/annotation/liftoff/NA19682_hap1.hprc_r2_v1_liftoff.gff3
NA19776,1,s3://human-pangenomics/submissions/DC27718F-5F38-43B0-9A78-270F395F13E8--INT_ASM_PRODUCTION/NA19776/assemblies/freeze_2/annotation/liftoff/NA19776_hap1.hprc_r2_v1_liftoff.gff3
NA19835,1,s3://human-pangenomics/submissions/DC27718F-5F38-43B0-9A78-270F395F13E8--INT_ASM_PRODUCTION/NA19835/assemblies/freeze_2/annotation/liftoff/NA19835_hap1.hprc_r2_v1_liftoff.gff3
NA19909,1,s3://human-pangenomics/submissions/DC27718F-5F38-43B0-9A78-270F395F13E8--INT_ASM_PRODUCTION/NA19909/assemblies/freeze_2/annotation/liftoff/NA19909_hap1.hprc_r2_v1_liftoff.gff3
NA20282,1,s3://human-pangenomics/submissions/DC27718F-5F38-43B0-9A78-270F395F13E8--INT_ASM_PRODUCTION/NA20282/assemblies/freeze_2/annotation/liftoff/NA20282_hap1.hprc_r2_v1_liftoff.gff3
NA20346,1,s3://human-pangenomics/submissions/DC27718F-5F38-43B0-9A78-270F395F13E8--INT_ASM_PRODUCTION/NA20346/assemblies/freeze_2/annotation/liftoff/NA20346_hap1.hprc_r2_v1_liftoff.gff3
NA20809,1,s3://human-pangenomics/submissions/DC27718F-5F38-43B0-9A78-270F395F13E8--INT_ASM_PRODUCTION/NA20809/assemblies/freeze_2/annotation/liftoff/NA20809_hap1.hprc_r2_v1_liftoff.gff3
NA20850,1,s3://human-pangenomics/submissions/DC27718F-5F38-43B0-9A78-270F395F13E8--INT_ASM_PRODUCTION/NA20850/assemblies/freeze_2/annotation/liftoff/NA20850_hap1.hprc_r2_v1_liftoff.gff3
NA21102,1,s3://human-pangenomics/submissions/DC27718F-5F38-43B0-9A78-270F395F13E8--INT_ASM_PRODUCTION/NA21102/assemblies/freeze_2/annotation/liftoff/NA21102_hap1.hprc_r2_v1_liftoff.gff3
NA21144,1,s3://human-pangenomics/submissions/DC27718F-5F38-43B0-9A78-270F395F13E8--INT_ASM_PRODUCTION/NA21144/assemblies/freeze_2/annotation/liftoff/NA21144_hap1.hprc_r2_v1_liftoff.gff3
HG00735,1,s3://human-pangenomics/submissions/DC27718F-5F38-43B0-9A78-270F395F13E8--INT_ASM_PRODUCTION/HG00735/assemblies/freeze_2/annotation/liftoff/HG00735_hap1.hprc_r2_v1_liftoff.gff3
HG02155,1,s3://human-pangenomics/submissions/DC27718F-5F38-43B0-9A78-270F395F13E8--INT_ASM_PRODUCTION/HG02155/assemblies/freeze_2/annotation/liftoff/HG02155_hap1.hprc_r2_v1_liftoff.gff3
HG02630,1,s3://human-pangenomics/submissions/DC27718F-5F38-43B0-9A78-270F395F13E8--INT_ASM_PRODUCTION/HG02630/assemblies/freeze_2/annotation/liftoff/HG02630_hap1.hprc_r2_v1_liftoff.gff3
HG03139,1,s3://human-pangenomics/submissions/DC27718F-5F38-43B0-9A78-270F395F13E8--INT_ASM_PRODUCTION/HG03139/assemblies/freeze_2/annotation/liftoff/HG03139_hap1.hprc_r2_v1_liftoff.gff3
HG03470,1,s3://human-pangenomics/submissions/DC27718F-5F38-43B0-9A78-270F395F13E8--INT_ASM_PRODUCTION/HG03470/assemblies/freeze_2/annotation/liftoff/HG03470_hap1.hprc_r2_v1_liftoff.gff3
HG03579,1,s3://human-pangenomics/submissions/DC27718F-5F38-43B0-9A78-270F395F13E8--INT_ASM_PRODUCTION/HG03579/assemblies/freeze_2/annotation/liftoff/HG03579_hap1.hprc_r2_v1_liftoff.gff3
NA20805,1,s3://human-pangenomics/submissions/DC27718F-5F38-43B0-9A78-270F395F13E8--INT_ASM_PRODUCTION/NA20805/assemblies/freeze_2/annotation/liftoff/NA20805_hap1.hprc_r2_v1_liftoff.gff3
HG00408,2,s3://human-pangenomics/submissions/DC27718F-5F38-43B0-9A78-270F395F13E8--INT_ASM_PRODUCTION/HG00408/assemblies/freeze_2/annotation/liftoff/HG00408_hap2.hprc_r2_v1_liftoff.gff3
HG00597,2,s3://human-pangenomics/submissions/DC27718F-5F38-43B0-9A78-270F395F13E8--INT_ASM_PRODUCTION/HG00597/assemblies/freeze_2/annotation/liftoff/HG00597_hap2.hprc_r2_v1_liftoff.gff3
HG01192,2,s3://human-pangenomics/submissions/DC27718F-5F38-43B0-9A78-270F395F13E8--INT_ASM_PRODUCTION/HG01192/assemblies/freeze_2/annotation/liftoff/HG01192_hap2.hprc_r2_v1_liftoff.gff3
HG01261,2,s3://human-pangenomics/submissions/DC27718F-5F38-43B0-9A78-270F395F13E8--INT_ASM_PRODUCTION/HG01261/assemblies/freeze_2/annotation/liftoff/HG01261_hap2.hprc_r2_v1_liftoff.gff3
HG02015,2,s3://human-pangenomics/submissions/DC27718F-5F38-43B0-9A78-270F395F13E8--INT_ASM_PRODUCTION/HG02015/assemblies/freeze_2/annotation/liftoff/HG02015_hap2.hprc_r2_v1_liftoff.gff3
HG02056,2,s3://human-pangenomics/submissions/DC27718F-5F38-43B0-9A78-270F395F13E8--INT_ASM_PRODUCTION/HG02056/assemblies/freeze_2/annotation/liftoff/HG02056_hap2.hprc_r2_v1_liftoff.gff3
HG02129,2,s3://human-pangenomics/submissions/DC27718F-5F38-43B0-9A78-270F395F13E8--INT_ASM_PRODUCTION/HG02129/assemblies/freeze_2/annotation/liftoff/HG02129_hap2.hprc_r2_v1_liftoff.gff3
HG02258,2,s3://human-pangenomics/submissions/DC27718F-5F38-43B0-9A78-270F395F13E8--INT_ASM_PRODUCTION/HG02258/assemblies/freeze_2/annotation/liftoff/HG02258_hap2.hprc_r2_v1_liftoff.gff3
HG03834,2,s3://human-pangenomics/submissions/DC27718F-5F38-43B0-9A78-270F395F13E8--INT_ASM_PRODUCTION/HG03834/assemblies/freeze_2/annotation/liftoff/HG03834_hap2.hprc_r2_v1_liftoff.gff3
HG01975,2,s3://human-pangenomics/submissions/DC27718F-5F38-43B0-9A78-270F395F13E8--INT_ASM_PRODUCTION/HG01975/assemblies/freeze_2/annotation/liftoff/HG01975_hap2.hprc_r2_v1_liftoff.gff3
HG02602,2,s3://human-pangenomics/submissions/DC27718F-5F38-43B0-9A78-270F395F13E8--INT_ASM_PRODUCTION/HG02602/assemblies/freeze_2/annotation/liftoff/HG02602_hap2.hprc_r2_v1_liftoff.gff3
HG04187,2,s3://human-pangenomics/submissions/DC27718F-5F38-43B0-9A78-270F395F13E8--INT_ASM_PRODUCTION/HG04187/assemblies/freeze_2/annotation/liftoff/HG04187_hap2.hprc_r2_v1_liftoff.gff3
NA18879,2,s3://human-pangenomics/submissions/DC27718F-5F38-43B0-9A78-270F395F13E8--INT_ASM_PRODUCTION/NA18879/assemblies/freeze_2/annotation/liftoff/NA18879_hap2.hprc_r2_v1_liftoff.gff3
NA20752,2,s3://human-pangenomics/submissions/DC27718F-5F38-43B0-9A78-270F395F13E8--INT_ASM_PRODUCTION/NA20752/assemblies/freeze_2/annotation/liftoff/NA20752_hap2.hprc_r2_v1_liftoff.gff3
HG02145,2,s3://human-pangenomics/submissions/DC27718F-5F38-43B0-9A78-270F395F13E8--INT_ASM_PRODUCTION/HG02145/assemblies/freeze_2/annotation/liftoff/HG02145_hap2.hprc_r2_v1_liftoff.gff3
HG00609,2,s3://human-pangenomics/submissions/DC27718F-5F38-43B0-9A78-270F395F13E8--INT_ASM_PRODUCTION/HG00609/assemblies/freeze_2/annotation/liftoff/HG00609_hap2.hprc_r2_v1_liftoff.gff3
HG00642,2,s3://human-pangenomics/submissions/DC27718F-5F38-43B0-9A78-270F395F13E8--INT_ASM_PRODUCTION/HG00642/assemblies/freeze_2/annotation/liftoff/HG00642_hap2.hprc_r2_v1_liftoff.gff3
HG00738,2,s3://human-pangenomics/submissions/DC27718F-5F38-43B0-9A78-270F395F13E8--INT_ASM_PRODUCTION/HG00738/assemblies/freeze_2/annotation/liftoff/HG00738_hap2.hprc_r2_v1_liftoff.gff3
HG01099,2,s3://human-pangenomics/submissions/DC27718F-5F38-43B0-9A78-270F395F13E8--INT_ASM_PRODUCTION/HG01099/assemblies/freeze_2/annotation/liftoff/HG01099_hap2.hprc_r2_v1_liftoff.gff3
HG01255,2,s3://human-pangenomics/submissions/DC27718F-5F38-43B0-9A78-270F395F13E8--INT_ASM_PRODUCTION/HG01255/assemblies/freeze_2/annotation/liftoff/HG01255_hap2.hprc_r2_v1_liftoff.gff3
HG01346,2,s3://human-pangenomics/submissions/DC27718F-5F38-43B0-9A78-270F395F13E8--INT_ASM_PRODUCTION/HG01346/assemblies/freeze_2/annotation/liftoff/HG01346_hap2.hprc_r2_v1_liftoff.gff3
HG01433,2,s3://human-pangenomics/submissions/DC27718F-5F38-43B0-9A78-270F395F13E8--INT_ASM_PRODUCTION/HG01433/assemblies/freeze_2/annotation/liftoff/HG01433_hap2.hprc_r2_v1_liftoff.gff3
HG01496,2,s3://human-pangenomics/submissions/DC27718F-5F38-43B0-9A78-270F395F13E8--INT_ASM_PRODUCTION/HG01496/assemblies/freeze_2/annotation/liftoff/HG01496_hap2.hprc_r2_v1_liftoff.gff3
HG01884,2,s3://human-pangenomics/submissions/DC27718F-5F38-43B0-9A78-270F395F13E8--INT_ASM_PRODUCTION/HG01884/assemblies/freeze_2/annotation/liftoff/HG01884_hap2.hprc_r2_v1_liftoff.gff3
HG01981,2,s3://human-pangenomics/submissions/DC27718F-5F38-43B0-9A78-270F395F13E8--INT_ASM_PRODUCTION/HG01981/assemblies/freeze_2/annotation/liftoff/HG01981_hap2.hprc_r2_v1_liftoff.gff3
HG01993,2,s3://human-pangenomics/submissions/DC27718F-5F38-43B0-9A78-270F395F13E8--INT_ASM_PRODUCTION/HG01993/assemblies/freeze_2/annotation/liftoff/HG01993_hap2.hprc_r2_v1_liftoff.gff3
HG02004,2,s3://human-pangenomics/submissions/DC27718F-5F38-43B0-9A78-270F395F13E8--INT_ASM_PRODUCTION/HG02004/assemblies/freeze_2/annotation/liftoff/HG02004_hap2.hprc_r2_v1_liftoff.gff3
HG02027,2,s3://human-pangenomics/submissions/DC27718F-5F38-43B0-9A78-270F395F13E8--INT_ASM_PRODUCTION/HG02027/assemblies/freeze_2/annotation/liftoff/HG02027_hap2.hprc_r2_v1_liftoff.gff3
HG02083,2,s3://human-pangenomics/submissions/DC27718F-5F38-43B0-9A78-270F395F13E8--INT_ASM_PRODUCTION/HG02083/assemblies/freeze_2/annotation/liftoff/HG02083_hap2.hprc_r2_v1_liftoff.gff3
HG02132,2,s3://human-pangenomics/submissions/DC27718F-5F38-43B0-9A78-270F395F13E8--INT_ASM_PRODUCTION/HG02132/assemblies/freeze_2/annotation/liftoff/HG02132_hap2.hprc_r2_v1_liftoff.gff3
HG02280,2,s3://human-pangenomics/submissions/DC27718F-5F38-43B0-9A78-270F395F13E8--INT_ASM_PRODUCTION/HG02280/assemblies/freeze_2/annotation/liftoff/HG02280_hap2.hprc_r2_v1_liftoff.gff3
HG02293,2,s3://human-pangenomics/submissions/DC27718F-5F38-43B0-9A78-270F395F13E8--INT_ASM_PRODUCTION/HG02293/assemblies/freeze_2/annotation/liftoff/HG02293_hap2.hprc_r2_v1_liftoff.gff3
HG02300,2,s3://human-pangenomics/submissions/DC27718F-5F38-43B0-9A78-270F395F13E8--INT_ASM_PRODUCTION/HG02300/assemblies/freeze_2/annotation/liftoff/HG02300_hap2.hprc_r2_v1_liftoff.gff3
HG02451,2,s3://human-pangenomics/submissions/DC27718F-5F38-43B0-9A78-270F395F13E8--INT_ASM_PRODUCTION/HG02451/assemblies/freeze_2/annotation/liftoff/HG02451_hap2.hprc_r2_v1_liftoff.gff3
HG02523,2,s3://human-pangenomics/submissions/DC27718F-5F38-43B0-9A78-270F395F13E8--INT_ASM_PRODUCTION/HG02523/assemblies/freeze_2/annotation/liftoff/HG02523_hap2.hprc_r2_v1_liftoff.gff3
HG02615,2,s3://human-pangenomics/submissions/DC27718F-5F38-43B0-9A78-270F395F13E8--INT_ASM_PRODUCTION/HG02615/assemblies/freeze_2/annotation/liftoff/HG02615_hap2.hprc_r2_v1_liftoff.gff3
HG02647,2,s3://human-pangenomics/submissions/DC27718F-5F38-43B0-9A78-270F395F13E8--INT_ASM_PRODUCTION/HG02647/assemblies/freeze_2/annotation/liftoff/HG02647_hap2.hprc_r2_v1_liftoff.gff3
HG02698,2,s3://human-pangenomics/submissions/DC27718F-5F38-43B0-9A78-270F395F13E8--INT_ASM_PRODUCTION/HG02698/assemblies/freeze_2/annotation/liftoff/HG02698_hap2.hprc_r2_v1_liftoff.gff3
HG03654,2,s3://human-pangenomics/submissions/DC27718F-5F38-43B0-9A78-270F395F13E8--INT_ASM_PRODUCTION/HG03654/assemblies/freeze_2/annotation/liftoff/HG03654_hap2.hprc_r2_v1_liftoff.gff3
HG03669,2,s3://human-pangenomics/submissions/DC27718F-5F38-43B0-9A78-270F395F13E8--INT_ASM_PRODUCTION/HG03669/assemblies/freeze_2/annotation/liftoff/HG03669_hap2.hprc_r2_v1_liftoff.gff3
HG03688,2,s3://human-pangenomics/submissions/DC27718F-5F38-43B0-9A78-270F395F13E8--INT_ASM_PRODUCTION/HG03688/assemblies/freeze_2/annotation/liftoff/HG03688_hap2.hprc_r2_v1_liftoff.gff3
HG03704,2,s3://human-pangenomics/submissions/DC27718F-5F38-43B0-9A78-270F395F13E8--INT_ASM_PRODUCTION/HG03704/assemblies/freeze_2/annotation/liftoff/HG03704_hap2.hprc_r2_v1_liftoff.gff3
HG03710,2,s3://human-pangenomics/submissions/DC27718F-5F38-43B0-9A78-270F395F13E8--INT_ASM_PRODUCTION/HG03710/assemblies/freeze_2/annotation/liftoff/HG03710_hap2.hprc_r2_v1_liftoff.gff3
HG03831,2,s3://human-pangenomics/submissions/DC27718F-5F38-43B0-9A78-270F395F13E8--INT_ASM_PRODUCTION/HG03831/assemblies/freeze_2/annotation/liftoff/HG03831_hap2.hprc_r2_v1_liftoff.gff3
HG03927,2,s3://human-pangenomics/submissions/DC27718F-5F38-43B0-9A78-270F395F13E8--INT_ASM_PRODUCTION/HG03927/assemblies/freeze_2/annotation/liftoff/HG03927_hap2.hprc_r2_v1_liftoff.gff3
HG04115,2,s3://human-pangenomics/submissions/DC27718F-5F38-43B0-9A78-270F395F13E8--INT_ASM_PRODUCTION/HG04115/assemblies/freeze_2/annotation/liftoff/HG04115_hap2.hprc_r2_v1_liftoff.gff3
HG04184,2,s3://human-pangenomics/submissions/DC27718F-5F38-43B0-9A78-270F395F13E8--INT_ASM_PRODUCTION/HG04184/assemblies/freeze_2/annotation/liftoff/HG04184_hap2.hprc_r2_v1_liftoff.gff3
HG04199,2,s3://human-pangenomics/submissions/DC27718F-5F38-43B0-9A78-270F395F13E8--INT_ASM_PRODUCTION/HG04199/assemblies/freeze_2/annotation/liftoff/HG04199_hap2.hprc_r2_v1_liftoff.gff3
HG02738,2,s3://human-pangenomics/submissions/DC27718F-5F38-43B0-9A78-270F395F13E8--INT_ASM_PRODUCTION/HG02738/assemblies/freeze_2/annotation/liftoff/HG02738_hap2.hprc_r2_v1_liftoff.gff3
HG00621,2,s3://human-pangenomics/submissions/DC27718F-5F38-43B0-9A78-270F395F13E8--INT_ASM_PRODUCTION/HG00621/assemblies/freeze_2/annotation/liftoff/HG00621_hap2.hprc_r2_v1_liftoff.gff3
HG00741,2,s3://human-pangenomics/submissions/DC27718F-5F38-43B0-9A78-270F395F13E8--INT_ASM_PRODUCTION/HG00741/assemblies/freeze_2/annotation/liftoff/HG00741_hap2.hprc_r2_v1_liftoff.gff3
HG01106,2,s3://human-pangenomics/submissions/DC27718F-5F38-43B0-9A78-270F395F13E8--INT_ASM_PRODUCTION/HG01106/assemblies/freeze_2/annotation/liftoff/HG01106_hap2.hprc_r2_v1_liftoff.gff3
HG01175,2,s3://human-pangenomics/submissions/DC27718F-5F38-43B0-9A78-270F395F13E8--INT_ASM_PRODUCTION/HG01175/assemblies/freeze_2/annotation/liftoff/HG01175_hap2.hprc_r2_v1_liftoff.gff3
HG01258,2,s3://human-pangenomics/submissions/DC27718F-5F38-43B0-9A78-270F395F13E8--INT_ASM_PRODUCTION/HG01258/assemblies/freeze_2/annotation/liftoff/HG01258_hap2.hprc_r2_v1_liftoff.gff3
HG01891,2,s3://human-pangenomics/submissions/DC27718F-5F38-43B0-9A78-270F395F13E8--INT_ASM_PRODUCTION/HG01891/assemblies/freeze_2/annotation/liftoff/HG01891_hap2.hprc_r2_v1_liftoff.gff3
HG01952,2,s3://human-pangenomics/submissions/DC27718F-5F38-43B0-9A78-270F395F13E8--INT_ASM_PRODUCTION/HG01952/assemblies/freeze_2/annotation/liftoff/HG01952_hap2.hprc_r2_v1_liftoff.gff3
HG02148,2,s3://human-pangenomics/submissions/DC27718F-5F38-43B0-9A78-270F395F13E8--INT_ASM_PRODUCTION/HG02148/assemblies/freeze_2/annotation/liftoff/HG02148_hap2.hprc_r2_v1_liftoff.gff3
HG02486,2,s3://human-pangenomics/submissions/DC27718F-5F38-43B0-9A78-270F395F13E8--INT_ASM_PRODUCTION/HG02486/assemblies/freeze_2/annotation/liftoff/HG02486_hap2.hprc_r2_v1_liftoff.gff3
HG02559,2,s3://human-pangenomics/submissions/DC27718F-5F38-43B0-9A78-270F395F13E8--INT_ASM_PRODUCTION/HG02559/assemblies/freeze_2/annotation/liftoff/HG02559_hap2.hprc_r2_v1_liftoff.gff3
HG02572,2,s3://human-pangenomics/submissions/DC27718F-5F38-43B0-9A78-270F395F13E8--INT_ASM_PRODUCTION/HG02572/assemblies/freeze_2/annotation/liftoff/HG02572_hap2.hprc_r2_v1_liftoff.gff3
HG02622,2,s3://human-pangenomics/submissions/DC27718F-5F38-43B0-9A78-270F395F13E8--INT_ASM_PRODUCTION/HG02622/assemblies/freeze_2/annotation/liftoff/HG02622_hap2.hprc_r2_v1_liftoff.gff3
HG02886,2,s3://human-pangenomics/submissions/DC27718F-5F38-43B0-9A78-270F395F13E8--INT_ASM_PRODUCTION/HG02886/assemblies/freeze_2/annotation/liftoff/HG02886_hap2.hprc_r2_v1_liftoff.gff3
HG03453,2,s3://human-pangenomics/submissions/DC27718F-5F38-43B0-9A78-270F395F13E8--INT_ASM_PRODUCTION/HG03453/assemblies/freeze_2/annotation/liftoff/HG03453_hap2.hprc_r2_v1_liftoff.gff3
HG03540,2,s3://human-pangenomics/submissions/DC27718F-5F38-43B0-9A78-270F395F13E8--INT_ASM_PRODUCTION/HG03540/assemblies/freeze_2/annotation/liftoff/HG03540_hap2.hprc_r2_v1_liftoff.gff3
HG00099,2,s3://human-pangenomics/submissions/DC27718F-5F38-43B0-9A78-270F395F13E8--INT_ASM_PRODUCTION/HG00099/assemblies/freeze_2/annotation/liftoff/HG00099_hap2.hprc_r2_v1_liftoff.gff3
HG00140,2,s3://human-pangenomics/submissions/DC27718F-5F38-43B0-9A78-270F395F13E8--INT_ASM_PRODUCTION/HG00140/assemblies/freeze_2/annotation/liftoff/HG00140_hap2.hprc_r2_v1_liftoff.gff3
HG00280,2,s3://human-pangenomics/submissions/DC27718F-5F38-43B0-9A78-270F395F13E8--INT_ASM_PRODUCTION/HG00280/assemblies/freeze_2/annotation/liftoff/HG00280_hap2.hprc_r2_v1_liftoff.gff3
HG00323,2,s3://human-pangenomics/submissions/DC27718F-5F38-43B0-9A78-270F395F13E8--INT_ASM_PRODUCTION/HG00323/assemblies/freeze_2/annotation/liftoff/HG00323_hap2.hprc_r2_v1_liftoff.gff3
HG02040,2,s3://human-pangenomics/submissions/DC27718F-5F38-43B0-9A78-270F395F13E8--INT_ASM_PRODUCTION/HG02040/assemblies/freeze_2/annotation/liftoff/HG02040_hap2.hprc_r2_v1_liftoff.gff3
HG02165,2,s3://human-pangenomics/submissions/DC27718F-5F38-43B0-9A78-270F395F13E8--INT_ASM_PRODUCTION/HG02165/assemblies/freeze_2/annotation/liftoff/HG02165_hap2.hprc_r2_v1_liftoff.gff3
HG02273,2,s3://human-pangenomics/submissions/DC27718F-5F38-43B0-9A78-270F395F13E8--INT_ASM_PRODUCTION/HG02273/assemblies/freeze_2/annotation/liftoff/HG02273_hap2.hprc_r2_v1_liftoff.gff3
HG02922,2,s3://human-pangenomics/submissions/DC27718F-5F38-43B0-9A78-270F395F13E8--INT_ASM_PRODUCTION/HG02922/assemblies/freeze_2/annotation/liftoff/HG02922_hap2.hprc_r2_v1_liftoff.gff3
HG02965,2,s3://human-pangenomics/submissions/DC27718F-5F38-43B0-9A78-270F395F13E8--INT_ASM_PRODUCTION/HG02965/assemblies/freeze_2/annotation/liftoff/HG02965_hap2.hprc_r2_v1_liftoff.gff3
HG02976,2,s3://human-pangenomics/submissions/DC27718F-5F38-43B0-9A78-270F395F13E8--INT_ASM_PRODUCTION/HG02976/assemblies/freeze_2/annotation/liftoff/HG02976_hap2.hprc_r2_v1_liftoff.gff3
HG03130,2,s3://human-pangenomics/submissions/DC27718F-5F38-43B0-9A78-270F395F13E8--INT_ASM_PRODUCTION/HG03130/assemblies/freeze_2/annotation/liftoff/HG03130_hap2.hprc_r2_v1_liftoff.gff3
HG03195,2,s3://human-pangenomics/submissions/DC27718F-5F38-43B0-9A78-270F395F13E8--INT_ASM_PRODUCTION/HG03195/assemblies/freeze_2/annotation/liftoff/HG03195_hap2.hprc_r2_v1_liftoff.gff3
HG03209,2,s3://human-pangenomics/submissions/DC27718F-5F38-43B0-9A78-270F395F13E8--INT_ASM_PRODUCTION/HG03209/assemblies/freeze_2/annotation/liftoff/HG03209_hap2.hprc_r2_v1_liftoff.gff3
NA18522,2,s3://human-pangenomics/submissions/DC27718F-5F38-43B0-9A78-270F395F13E8--INT_ASM_PRODUCTION/NA18522/assemblies/freeze_2/annotation/liftoff/NA18522_hap2.hprc_r2_v1_liftoff.gff3
NA18747,2,s3://human-pangenomics/submissions/DC27718F-5F38-43B0-9A78-270F395F13E8--INT_ASM_PRODUCTION/NA18747/assemblies/freeze_2/annotation/liftoff/NA18747_hap2.hprc_r2_v1_liftoff.gff3
NA18971,2,s3://human-pangenomics/submissions/DC27718F-5F38-43B0-9A78-270F395F13E8--INT_ASM_PRODUCTION/NA18971/assemblies/freeze_2/annotation/liftoff/NA18971_hap2.hprc_r2_v1_liftoff.gff3
NA18983,2,s3://human-pangenomics/submissions/DC27718F-5F38-43B0-9A78-270F395F13E8--INT_ASM_PRODUCTION/NA18983/assemblies/freeze_2/annotation/liftoff/NA18983_hap2.hprc_r2_v1_liftoff.gff3
NA19043,2,s3://human-pangenomics/submissions/DC27718F-5F38-43B0-9A78-270F395F13E8--INT_ASM_PRODUCTION/NA19043/assemblies/freeze_2/annotation/liftoff/NA19043_hap2.hprc_r2_v1_liftoff.gff3
NA20905,2,s3://human-pangenomics/submissions/DC27718F-5F38-43B0-9A78-270F395F13E8--INT_ASM_PRODUCTION/NA20905/assemblies/freeze_2/annotation/liftoff/NA20905_hap2.hprc_r2_v1_liftoff.gff3
HG01530,2,s3://human-pangenomics/submissions/DC27718F-5F38-43B0-9A78-270F395F13E8--INT_ASM_PRODUCTION/HG01530/assemblies/freeze_2/annotation/liftoff/HG01530_hap2.hprc_r2_v1_liftoff.gff3
HG01784,2,s3://human-pangenomics/submissions/DC27718F-5F38-43B0-9A78-270F395F13E8--INT_ASM_PRODUCTION/HG01784/assemblies/freeze_2/annotation/liftoff/HG01784_hap2.hprc_r2_v1_liftoff.gff3
HG02391,2,s3://human-pangenomics/submissions/DC27718F-5F38-43B0-9A78-270F395F13E8--INT_ASM_PRODUCTION/HG02391/assemblies/freeze_2/annotation/liftoff/HG02391_hap2.hprc_r2_v1_liftoff.gff3
HG03471,2,s3://human-pangenomics/submissions/DC27718F-5F38-43B0-9A78-270F395F13E8--INT_ASM_PRODUCTION/HG03471/assemblies/freeze_2/annotation/liftoff/HG03471_hap2.hprc_r2_v1_liftoff.gff3
HG03742,2,s3://human-pangenomics/submissions/DC27718F-5F38-43B0-9A78-270F395F13E8--INT_ASM_PRODUCTION/HG03742/assemblies/freeze_2/annotation/liftoff/HG03742_hap2.hprc_r2_v1_liftoff.gff3
NA18570,2,s3://human-pangenomics/submissions/DC27718F-5F38-43B0-9A78-270F395F13E8--INT_ASM_PRODUCTION/NA18570/assemblies/freeze_2/annotation/liftoff/NA18570_hap2.hprc_r2_v1_liftoff.gff3
NA19087,2,s3://human-pangenomics/submissions/DC27718F-5F38-43B0-9A78-270F395F13E8--INT_ASM_PRODUCTION/NA19087/assemblies/freeze_2/annotation/liftoff/NA19087_hap2.hprc_r2_v1_liftoff.gff3
NA19185,2,s3://human-pangenomics/submissions/DC27718F-5F38-43B0-9A78-270F395F13E8--INT_ASM_PRODUCTION/NA19185/assemblies/freeze_2/annotation/liftoff/NA19185_hap2.hprc_r2_v1_liftoff.gff3
NA19338,2,s3://human-pangenomics/submissions/DC27718F-5F38-43B0-9A78-270F395F13E8--INT_ASM_PRODUCTION/NA19338/assemblies/freeze_2/annotation/liftoff/NA19338_hap2.hprc_r2_v1_liftoff.gff3
NA19391,2,s3://human-pangenomics/submissions/DC27718F-5F38-43B0-9A78-270F395F13E8--INT_ASM_PRODUCTION/NA19391/assemblies/freeze_2/annotation/liftoff/NA19391_hap2.hprc_r2_v1_liftoff.gff3
NA19468,2,s3://human-pangenomics/submissions/DC27718F-5F38-43B0-9A78-270F395F13E8--INT_ASM_PRODUCTION/NA19468/assemblies/freeze_2/annotation/liftoff/NA19468_hap2.hprc_r2_v1_liftoff.gff3
HG00438,2,s3://human-pangenomics/submissions/DC27718F-5F38-43B0-9A78-270F395F13E8--INT_ASM_PRODUCTION/HG00438/assemblies/freeze_2/annotation/liftoff/HG00438_hap2.hprc_r2_v1_liftoff.gff3
HG00558,2,s3://human-pangenomics/submissions/DC27718F-5F38-43B0-9A78-270F395F13E8--INT_ASM_PRODUCTION/HG00558/assemblies/freeze_2/annotation/liftoff/HG00558_hap2.hprc_r2_v1_liftoff.gff3
HG00639,2,s3://human-pangenomics/submissions/DC27718F-5F38-43B0-9A78-270F395F13E8--INT_ASM_PRODUCTION/HG00639/assemblies/freeze_2/annotation/liftoff/HG00639_hap2.hprc_r2_v1_liftoff.gff3
HG00658,2,s3://human-pangenomics/submissions/DC27718F-5F38-43B0-9A78-270F395F13E8--INT_ASM_PRODUCTION/HG00658/assemblies/freeze_2/annotation/liftoff/HG00658_hap2.hprc_r2_v1_liftoff.gff3
HG00673,2,s3://human-pangenomics/submissions/DC27718F-5F38-43B0-9A78-270F395F13E8--INT_ASM_PRODUCTION/HG00673/assemblies/freeze_2/annotation/liftoff/HG00673_hap2.hprc_r2_v1_liftoff.gff3
HG01071,2,s3://human-pangenomics/submissions/DC27718F-5F38-43B0-9A78-270F395F13E8--INT_ASM_PRODUCTION/HG01071/assemblies/freeze_2/annotation/liftoff/HG01071_hap2.hprc_r2_v1_liftoff.gff3
HG01074,2,s3://human-pangenomics/submissions/DC27718F-5F38-43B0-9A78-270F395F13E8--INT_ASM_PRODUCTION/HG01074/assemblies/freeze_2/annotation/liftoff/HG01074_hap2.hprc_r2_v1_liftoff.gff3
HG01081,2,s3://human-pangenomics/submissions/DC27718F-5F38-43B0-9A78-270F395F13E8--INT_ASM_PRODUCTION/HG01081/assemblies/freeze_2/annotation/liftoff/HG01081_hap2.hprc_r2_v1_liftoff.gff3
HG01123,2,s3://human-pangenomics/submissions/DC27718F-5F38-43B0-9A78-270F395F13E8--INT_ASM_PRODUCTION/HG01123/assemblies/freeze_2/annotation/liftoff/HG01123_hap2.hprc_r2_v1_liftoff.gff3
HG01150,2,s3://human-pangenomics/submissions/DC27718F-5F38-43B0-9A78-270F395F13E8--INT_ASM_PRODUCTION/HG01150/assemblies/freeze_2/annotation/liftoff/HG01150_hap2.hprc_r2_v1_liftoff.gff3
HG01252,2,s3://human-pangenomics/submissions/DC27718F-5F38-43B0-9A78-270F395F13E8--INT_ASM_PRODUCTION/HG01252/assemblies/freeze_2/annotation/liftoff/HG01252_hap2.hprc_r2_v1_liftoff.gff3
HG01358,2,s3://human-pangenomics/submissions/DC27718F-5F38-43B0-9A78-270F395F13E8--INT_ASM_PRODUCTION/HG01358/assemblies/freeze_2/annotation/liftoff/HG01358_hap2.hprc_r2_v1_liftoff.gff3
HG01361,2,s3://human-pangenomics/submissions/DC27718F-5F38-43B0-9A78-270F395F13E8--INT_ASM_PRODUCTION/HG01361/assemblies/freeze_2/annotation/liftoff/HG01361_hap2.hprc_r2_v1_liftoff.gff3
HG01928,2,s3://human-pangenomics/submissions/DC27718F-5F38-43B0-9A78-270F395F13E8--INT_ASM_PRODUCTION/HG01928/assemblies/freeze_2/annotation/liftoff/HG01928_hap2.hprc_r2_v1_liftoff.gff3
HG01934,2,s3://human-pangenomics/submissions/DC27718F-5F38-43B0-9A78-270F395F13E8--INT_ASM_PRODUCTION/HG01934/assemblies/freeze_2/annotation/liftoff/HG01934_hap2.hprc_r2_v1_liftoff.gff3
HG01940,2,s3://human-pangenomics/submissions/DC27718F-5F38-43B0-9A78-270F395F13E8--INT_ASM_PRODUCTION/HG01940/assemblies/freeze_2/annotation/liftoff/HG01940_hap2.hprc_r2_v1_liftoff.gff3
HG01960,2,s3://human-pangenomics/submissions/DC27718F-5F38-43B0-9A78-270F395F13E8--INT_ASM_PRODUCTION/HG01960/assemblies/freeze_2/annotation/liftoff/HG01960_hap2.hprc_r2_v1_liftoff.gff3
HG01969,2,s3://human-pangenomics/submissions/DC27718F-5F38-43B0-9A78-270F395F13E8--INT_ASM_PRODUCTION/HG01969/assemblies/freeze_2/annotation/liftoff/HG01969_hap2.hprc_r2_v1_liftoff.gff3
HG01978,2,s3://human-pangenomics/submissions/DC27718F-5F38-43B0-9A78-270F395F13E8--INT_ASM_PRODUCTION/HG01978/assemblies/freeze_2/annotation/liftoff/HG01978_hap2.hprc_r2_v1_liftoff.gff3
HG02071,2,s3://human-pangenomics/submissions/DC27718F-5F38-43B0-9A78-270F395F13E8--INT_ASM_PRODUCTION/HG02071/assemblies/freeze_2/annotation/liftoff/HG02071_hap2.hprc_r2_v1_liftoff.gff3
HG02074,2,s3://human-pangenomics/submissions/DC27718F-5F38-43B0-9A78-270F395F13E8--INT_ASM_PRODUCTION/HG02074/assemblies/freeze_2/annotation/liftoff/HG02074_hap2.hprc_r2_v1_liftoff.gff3
HG02135,2,s3://human-pangenomics/submissions/DC27718F-5F38-43B0-9A78-270F395F13E8--INT_ASM_PRODUCTION/HG02135/assemblies/freeze_2/annotation/liftoff/HG02135_hap2.hprc_r2_v1_liftoff.gff3
HG02257,2,s3://human-pangenomics/submissions/DC27718F-5F38-43B0-9A78-270F395F13E8--INT_ASM_PRODUCTION/HG02257/assemblies/freeze_2/annotation/liftoff/HG02257_hap2.hprc_r2_v1_liftoff.gff3
HG02668,2,s3://human-pangenomics/submissions/DC27718F-5F38-43B0-9A78-270F395F13E8--INT_ASM_PRODUCTION/HG02668/assemblies/freeze_2/annotation/liftoff/HG02668_hap2.hprc_r2_v1_liftoff.gff3
HG02717,2,s3://human-pangenomics/submissions/DC27718F-5F38-43B0-9A78-270F395F13E8--INT_ASM_PRODUCTION/HG02717/assemblies/freeze_2/annotation/liftoff/HG02717_hap2.hprc_r2_v1_liftoff.gff3
HG02809,2,s3://human-pangenomics/submissions/DC27718F-5F38-43B0-9A78-270F395F13E8--INT_ASM_PRODUCTION/HG02809/assemblies/freeze_2/annotation/liftoff/HG02809_hap2.hprc_r2_v1_liftoff.gff3
HG03017,2,s3://human-pangenomics/submissions/DC27718F-5F38-43B0-9A78-270F395F13E8--INT_ASM_PRODUCTION/HG03017/assemblies/freeze_2/annotation/liftoff/HG03017_hap2.hprc_r2_v1_liftoff.gff3
HG03041,2,s3://human-pangenomics/submissions/DC27718F-5F38-43B0-9A78-270F395F13E8--INT_ASM_PRODUCTION/HG03041/assemblies/freeze_2/annotation/liftoff/HG03041_hap2.hprc_r2_v1_liftoff.gff3
HG03239,2,s3://human-pangenomics/submissions/DC27718F-5F38-43B0-9A78-270F395F13E8--INT_ASM_PRODUCTION/HG03239/assemblies/freeze_2/annotation/liftoff/HG03239_hap2.hprc_r2_v1_liftoff.gff3
HG03516,2,s3://human-pangenomics/submissions/DC27718F-5F38-43B0-9A78-270F395F13E8--INT_ASM_PRODUCTION/HG03516/assemblies/freeze_2/annotation/liftoff/HG03516_hap2.hprc_r2_v1_liftoff.gff3
HG03804,2,s3://human-pangenomics/submissions/DC27718F-5F38-43B0-9A78-270F395F13E8--INT_ASM_PRODUCTION/HG03804/assemblies/freeze_2/annotation/liftoff/HG03804_hap2.hprc_r2_v1_liftoff.gff3
HG03942,2,s3://human-pangenomics/submissions/DC27718F-5F38-43B0-9A78-270F395F13E8--INT_ASM_PRODUCTION/HG03942/assemblies/freeze_2/annotation/liftoff/HG03942_hap2.hprc_r2_v1_liftoff.gff3
HG04157,2,s3://human-pangenomics/submissions/DC27718F-5F38-43B0-9A78-270F395F13E8--INT_ASM_PRODUCTION/HG04157/assemblies/freeze_2/annotation/liftoff/HG04157_hap2.hprc_r2_v1_liftoff.gff3
HG04160,2,s3://human-pangenomics/submissions/DC27718F-5F38-43B0-9A78-270F395F13E8--INT_ASM_PRODUCTION/HG04160/assemblies/freeze_2/annotation/liftoff/HG04160_hap2.hprc_r2_v1_liftoff.gff3
HG04204,2,s3://human-pangenomics/submissions/DC27718F-5F38-43B0-9A78-270F395F13E8--INT_ASM_PRODUCTION/HG04204/assemblies/freeze_2/annotation/liftoff/HG04204_hap2.hprc_r2_v1_liftoff.gff3
HG04228,2,s3://human-pangenomics/submissions/DC27718F-5F38-43B0-9A78-270F395F13E8--INT_ASM_PRODUCTION/HG04228/assemblies/freeze_2/annotation/liftoff/HG04228_hap2.hprc_r2_v1_liftoff.gff3
HG00706,2,s3://human-pangenomics/submissions/DC27718F-5F38-43B0-9A78-270F395F13E8--INT_ASM_PRODUCTION/HG00706/assemblies/freeze_2/annotation/liftoff/HG00706_hap2.hprc_r2_v1_liftoff.gff3
HG03816,2,s3://human-pangenomics/submissions/DC27718F-5F38-43B0-9A78-270F395F13E8--INT_ASM_PRODUCTION/HG03816/assemblies/freeze_2/annotation/liftoff/HG03816_hap2.hprc_r2_v1_liftoff.gff3
HG00423,2,s3://human-pangenomics/submissions/DC27718F-5F38-43B0-9A78-270F395F13E8--INT_ASM_PRODUCTION/HG00423/assemblies/freeze_2/annotation/liftoff/HG00423_hap2.hprc_r2_v1_liftoff.gff3
HG00544,2,s3://human-pangenomics/submissions/DC27718F-5F38-43B0-9A78-270F395F13E8--INT_ASM_PRODUCTION/HG00544/assemblies/freeze_2/annotation/liftoff/HG00544_hap2.hprc_r2_v1_liftoff.gff3
HG01943,2,s3://human-pangenomics/submissions/DC27718F-5F38-43B0-9A78-270F395F13E8--INT_ASM_PRODUCTION/HG01943/assemblies/freeze_2/annotation/liftoff/HG01943_hap2.hprc_r2_v1_liftoff.gff3
HG02735,2,s3://human-pangenomics/submissions/DC27718F-5F38-43B0-9A78-270F395F13E8--INT_ASM_PRODUCTION/HG02735/assemblies/freeze_2/annotation/liftoff/HG02735_hap2.hprc_r2_v1_liftoff.gff3
HG03225,2,s3://human-pangenomics/submissions/DC27718F-5F38-43B0-9A78-270F395F13E8--INT_ASM_PRODUCTION/HG03225/assemblies/freeze_2/annotation/liftoff/HG03225_hap2.hprc_r2_v1_liftoff.gff3
NA19159,2,s3://human-pangenomics/submissions/DC27718F-5F38-43B0-9A78-270F395F13E8--INT_ASM_PRODUCTION/NA19159/assemblies/freeze_2/annotation/liftoff/NA19159_hap2.hprc_r2_v1_liftoff.gff3
HG00126,2,s3://human-pangenomics/submissions/DC27718F-5F38-43B0-9A78-270F395F13E8--INT_ASM_PRODUCTION/HG00126/assemblies/freeze_2/annotation/liftoff/HG00126_hap2.hprc_r2_v1_liftoff.gff3
HG00128,2,s3://human-pangenomics/submissions/DC27718F-5F38-43B0-9A78-270F395F13E8--INT_ASM_PRODUCTION/HG00128/assemblies/freeze_2/annotation/liftoff/HG00128_hap2.hprc_r2_v1_liftoff.gff3
HG00133,2,s3://human-pangenomics/submissions/DC27718F-5F38-43B0-9A78-270F395F13E8--INT_ASM_PRODUCTION/HG00133/assemblies/freeze_2/annotation/liftoff/HG00133_hap2.hprc_r2_v1_liftoff.gff3
HG00146,2,s3://human-pangenomics/submissions/DC27718F-5F38-43B0-9A78-270F395F13E8--INT_ASM_PRODUCTION/HG00146/assemblies/freeze_2/annotation/liftoff/HG00146_hap2.hprc_r2_v1_liftoff.gff3
HG00232,2,s3://human-pangenomics/submissions/DC27718F-5F38-43B0-9A78-270F395F13E8--INT_ASM_PRODUCTION/HG00232/assemblies/freeze_2/annotation/liftoff/HG00232_hap2.hprc_r2_v1_liftoff.gff3
HG00290,2,s3://human-pangenomics/submissions/DC27718F-5F38-43B0-9A78-270F395F13E8--INT_ASM_PRODUCTION/HG00290/assemblies/freeze_2/annotation/liftoff/HG00290_hap2.hprc_r2_v1_liftoff.gff3
HG00320,2,s3://human-pangenomics/submissions/DC27718F-5F38-43B0-9A78-270F395F13E8--INT_ASM_PRODUCTION/HG00320/assemblies/freeze_2/annotation/liftoff/HG00320_hap2.hprc_r2_v1_liftoff.gff3
HG00321,2,s3://human-pangenomics/submissions/DC27718F-5F38-43B0-9A78-270F395F13E8--INT_ASM_PRODUCTION/HG00321/assemblies/freeze_2/annotation/liftoff/HG00321_hap2.hprc_r2_v1_liftoff.gff3
HG01786,2,s3://human-pangenomics/submissions/DC27718F-5F38-43B0-9A78-270F395F13E8--INT_ASM_PRODUCTION/HG01786/assemblies/freeze_2/annotation/liftoff/HG01786_hap2.hprc_r2_v1_liftoff.gff3
HG02178,2,s3://human-pangenomics/submissions/DC27718F-5F38-43B0-9A78-270F395F13E8--INT_ASM_PRODUCTION/HG02178/assemblies/freeze_2/annotation/liftoff/HG02178_hap2.hprc_r2_v1_liftoff.gff3
HG02583,2,s3://human-pangenomics/submissions/DC27718F-5F38-43B0-9A78-270F395F13E8--INT_ASM_PRODUCTION/HG02583/assemblies/freeze_2/annotation/liftoff/HG02583_hap2.hprc_r2_v1_liftoff.gff3
HG03270,2,s3://human-pangenomics/submissions/DC27718F-5F38-43B0-9A78-270F395F13E8--INT_ASM_PRODUCTION/HG03270/assemblies/freeze_2/annotation/liftoff/HG03270_hap2.hprc_r2_v1_liftoff.gff3
HG03583,2,s3://human-pangenomics/submissions/DC27718F-5F38-43B0-9A78-270F395F13E8--INT_ASM_PRODUCTION/HG03583/assemblies/freeze_2/annotation/liftoff/HG03583_hap2.hprc_r2_v1_liftoff.gff3
HG03874,2,s3://human-pangenomics/submissions/DC27718F-5F38-43B0-9A78-270F395F13E8--INT_ASM_PRODUCTION/HG03874/assemblies/freeze_2/annotation/liftoff/HG03874_hap2.hprc_r2_v1_liftoff.gff3
NA18505,2,s3://human-pangenomics/submissions/DC27718F-5F38-43B0-9A78-270F395F13E8--INT_ASM_PRODUCTION/NA18505/assemblies/freeze_2/annotation/liftoff/NA18505_hap2.hprc_r2_v1_liftoff.gff3
NA18508,2,s3://human-pangenomics/submissions/DC27718F-5F38-43B0-9A78-270F395F13E8--INT_ASM_PRODUCTION/NA18508/assemblies/freeze_2/annotation/liftoff/NA18508_hap2.hprc_r2_v1_liftoff.gff3
NA18608,2,s3://human-pangenomics/submissions/DC27718F-5F38-43B0-9A78-270F395F13E8--INT_ASM_PRODUCTION/NA18608/assemblies/freeze_2/annotation/liftoff/NA18608_hap2.hprc_r2_v1_liftoff.gff3
NA18620,2,s3://human-pangenomics/submissions/DC27718F-5F38-43B0-9A78-270F395F13E8--INT_ASM_PRODUCTION/NA18620/assemblies/freeze_2/annotation/liftoff/NA18620_hap2.hprc_r2_v1_liftoff.gff3
NA18952,2,s3://human-pangenomics/submissions/DC27718F-5F38-43B0-9A78-270F395F13E8--INT_ASM_PRODUCTION/NA18952/assemblies/freeze_2/annotation/liftoff/NA18952_hap2.hprc_r2_v1_liftoff.gff3
NA18974,2,s3://human-pangenomics/submissions/DC27718F-5F38-43B0-9A78-270F395F13E8--INT_ASM_PRODUCTION/NA18974/assemblies/freeze_2/annotation/liftoff/NA18974_hap2.hprc_r2_v1_liftoff.gff3
NA18976,2,s3://human-pangenomics/submissions/DC27718F-5F38-43B0-9A78-270F395F13E8--INT_ASM_PRODUCTION/NA18976/assemblies/freeze_2/annotation/liftoff/NA18976_hap2.hprc_r2_v1_liftoff.gff3
NA19036,2,s3://human-pangenomics/submissions/DC27718F-5F38-43B0-9A78-270F395F13E8--INT_ASM_PRODUCTION/NA19036/assemblies/freeze_2/annotation/liftoff/NA19036_hap2.hprc_r2_v1_liftoff.gff3
NA19443,2,s3://human-pangenomics/submissions/DC27718F-5F38-43B0-9A78-270F395F13E8--INT_ASM_PRODUCTION/NA19443/assemblies/freeze_2/annotation/liftoff/NA19443_hap2.hprc_r2_v1_liftoff.gff3
NA19700,2,s3://human-pangenomics/submissions/DC27718F-5F38-43B0-9A78-270F395F13E8--INT_ASM_PRODUCTION/NA19700/assemblies/freeze_2/annotation/liftoff/NA19700_hap2.hprc_r2_v1_liftoff.gff3
NA20870,2,s3://human-pangenomics/submissions/DC27718F-5F38-43B0-9A78-270F395F13E8--INT_ASM_PRODUCTION/NA20870/assemblies/freeze_2/annotation/liftoff/NA20870_hap2.hprc_r2_v1_liftoff.gff3
NA21093,2,s3://human-pangenomics/submissions/DC27718F-5F38-43B0-9A78-270F395F13E8--INT_ASM_PRODUCTION/NA21093/assemblies/freeze_2/annotation/liftoff/NA21093_hap2.hprc_r2_v1_liftoff.gff3
NA21106,2,s3://human-pangenomics/submissions/DC27718F-5F38-43B0-9A78-270F395F13E8--INT_ASM_PRODUCTION/NA21106/assemblies/freeze_2/annotation/liftoff/NA21106_hap2.hprc_r2_v1_liftoff.gff3
NA21110,2,s3://human-pangenomics/submissions/DC27718F-5F38-43B0-9A78-270F395F13E8--INT_ASM_PRODUCTION/NA21110/assemblies/freeze_2/annotation/liftoff/NA21110_hap2.hprc_r2_v1_liftoff.gff3
HG02392,2,s3://human-pangenomics/submissions/DC27718F-5F38-43B0-9A78-270F395F13E8--INT_ASM_PRODUCTION/HG02392/assemblies/freeze_2/annotation/liftoff/HG02392_hap2.hprc_r2_v1_liftoff.gff3
HG02514,2,s3://human-pangenomics/submissions/DC27718F-5F38-43B0-9A78-270F395F13E8--INT_ASM_PRODUCTION/HG02514/assemblies/freeze_2/annotation/liftoff/HG02514_hap2.hprc_r2_v1_liftoff.gff3
HG02841,2,s3://human-pangenomics/submissions/DC27718F-5F38-43B0-9A78-270F395F13E8--INT_ASM_PRODUCTION/HG02841/assemblies/freeze_2/annotation/liftoff/HG02841_hap2.hprc_r2_v1_liftoff.gff3
HG02984,2,s3://human-pangenomics/submissions/DC27718F-5F38-43B0-9A78-270F395F13E8--INT_ASM_PRODUCTION/HG02984/assemblies/freeze_2/annotation/liftoff/HG02984_hap2.hprc_r2_v1_liftoff.gff3
HG03050,2,s3://human-pangenomics/submissions/DC27718F-5F38-43B0-9A78-270F395F13E8--INT_ASM_PRODUCTION/HG03050/assemblies/freeze_2/annotation/liftoff/HG03050_hap2.hprc_r2_v1_liftoff.gff3
NA20799,2,s3://human-pangenomics/submissions/DC27718F-5F38-43B0-9A78-270F395F13E8--INT_ASM_PRODUCTION/NA20799/assemblies/freeze_2/annotation/liftoff/NA20799_hap2.hprc_r2_v1_liftoff.gff3
HG01109,2,s3://human-pangenomics/submissions/DC27718F-5F38-43B0-9A78-270F395F13E8--INT_ASM_PRODUCTION/HG01109/assemblies/freeze_2/annotation/liftoff/HG01109_hap2.hprc_r2_v1_liftoff.gff3
HG02055,2,s3://human-pangenomics/submissions/DC27718F-5F38-43B0-9A78-270F395F13E8--INT_ASM_PRODUCTION/HG02055/assemblies/freeze_2/annotation/liftoff/HG02055_hap2.hprc_r2_v1_liftoff.gff3
HG02080,2,s3://human-pangenomics/submissions/DC27718F-5F38-43B0-9A78-270F395F13E8--INT_ASM_PRODUCTION/HG02080/assemblies/freeze_2/annotation/liftoff/HG02080_hap2.hprc_r2_v1_liftoff.gff3
HG02109,2,s3://human-pangenomics/submissions/DC27718F-5F38-43B0-9A78-270F395F13E8--INT_ASM_PRODUCTION/HG02109/assemblies/freeze_2/annotation/liftoff/HG02109_hap2.hprc_r2_v1_liftoff.gff3
HG02723,2,s3://human-pangenomics/submissions/DC27718F-5F38-43B0-9A78-270F395F13E8--INT_ASM_PRODUCTION/HG02723/assemblies/freeze_2/annotation/liftoff/HG02723_hap2.hprc_r2_v1_liftoff.gff3
HG02818,2,s3://human-pangenomics/submissions/DC27718F-5F38-43B0-9A78-270F395F13E8--INT_ASM_PRODUCTION/HG02818/assemblies/freeze_2/annotation/liftoff/HG02818_hap2.hprc_r2_v1_liftoff.gff3
HG03098,2,s3://human-pangenomics/submissions/DC27718F-5F38-43B0-9A78-270F395F13E8--INT_ASM_PRODUCTION/HG03098/assemblies/freeze_2/annotation/liftoff/HG03098_hap2.hprc_r2_v1_liftoff.gff3
HG03486,2,s3://human-pangenomics/submissions/DC27718F-5F38-43B0-9A78-270F395F13E8--INT_ASM_PRODUCTION/HG03486/assemblies/freeze_2/annotation/liftoff/HG03486_hap2.hprc_r2_v1_liftoff.gff3
NA18906,2,s3://human-pangenomics/submissions/DC27718F-5F38-43B0-9A78-270F395F13E8--INT_ASM_PRODUCTION/NA18906/assemblies/freeze_2/annotation/liftoff/NA18906_hap2.hprc_r2_v1_liftoff.gff3
NA20129,2,s3://human-pangenomics/submissions/DC27718F-5F38-43B0-9A78-270F395F13E8--INT_ASM_PRODUCTION/NA20129/assemblies/freeze_2/annotation/liftoff/NA20129_hap2.hprc_r2_v1_liftoff.gff3
NA21309,2,s3://human-pangenomics/submissions/DC27718F-5F38-43B0-9A78-270F395F13E8--INT_ASM_PRODUCTION/NA21309/assemblies/freeze_2/annotation/liftoff/NA21309_hap2.hprc_r2_v1_liftoff.gff3
HG00733,2,s3://human-pangenomics/submissions/DC27718F-5F38-43B0-9A78-270F395F13E8--INT_ASM_PRODUCTION/HG00733/assemblies/freeze_2/annotation/liftoff/HG00733_hap2.hprc_r2_v1_liftoff.gff3
HG01243,2,s3://human-pangenomics/submissions/DC27718F-5F38-43B0-9A78-270F395F13E8--INT_ASM_PRODUCTION/HG01243/assemblies/freeze_2/annotation/liftoff/HG01243_hap2.hprc_r2_v1_liftoff.gff3
NA19240,2,s3://human-pangenomics/submissions/DC27718F-5F38-43B0-9A78-270F395F13E8--INT_ASM_PRODUCTION/NA19240/assemblies/freeze_2/annotation/liftoff/NA19240_hap2.hprc_r2_v1_liftoff.gff3
HG005,2,s3://human-pangenomics/submissions/DC27718F-5F38-43B0-9A78-270F395F13E8--INT_ASM_PRODUCTION/HG005/assemblies/freeze_2/annotation/liftoff/HG005_hap2.hprc_r2_v1_liftoff.gff3
HG00097,2,s3://human-pangenomics/submissions/DC27718F-5F38-43B0-9A78-270F395F13E8--INT_ASM_PRODUCTION/HG00097/assemblies/freeze_2/annotation/liftoff/HG00097_hap2.hprc_r2_v1_liftoff.gff3
HG00235,2,s3://human-pangenomics/submissions/DC27718F-5F38-43B0-9A78-270F395F13E8--INT_ASM_PRODUCTION/HG00235/assemblies/freeze_2/annotation/liftoff/HG00235_hap2.hprc_r2_v1_liftoff.gff3
HG00253,2,s3://human-pangenomics/submissions/DC27718F-5F38-43B0-9A78-270F395F13E8--INT_ASM_PRODUCTION/HG00253/assemblies/freeze_2/annotation/liftoff/HG00253_hap2.hprc_r2_v1_liftoff.gff3
HG00272,2,s3://human-pangenomics/submissions/DC27718F-5F38-43B0-9A78-270F395F13E8--INT_ASM_PRODUCTION/HG00272/assemblies/freeze_2/annotation/liftoff/HG00272_hap2.hprc_r2_v1_liftoff.gff3
HG00329,2,s3://human-pangenomics/submissions/DC27718F-5F38-43B0-9A78-270F395F13E8--INT_ASM_PRODUCTION/HG00329/assemblies/freeze_2/annotation/liftoff/HG00329_hap2.hprc_r2_v1_liftoff.gff3
HG00344,2,s3://human-pangenomics/submissions/DC27718F-5F38-43B0-9A78-270F395F13E8--INT_ASM_PRODUCTION/HG00344/assemblies/freeze_2/annotation/liftoff/HG00344_hap2.hprc_r2_v1_liftoff.gff3
HG00350,2,s3://human-pangenomics/submissions/DC27718F-5F38-43B0-9A78-270F395F13E8--INT_ASM_PRODUCTION/HG00350/assemblies/freeze_2/annotation/liftoff/HG00350_hap2.hprc_r2_v1_liftoff.gff3
HG01167,2,s3://human-pangenomics/submissions/DC27718F-5F38-43B0-9A78-270F395F13E8--INT_ASM_PRODUCTION/HG01167/assemblies/freeze_2/annotation/liftoff/HG01167_hap2.hprc_r2_v1_liftoff.gff3
HG03369,2,s3://human-pangenomics/submissions/DC27718F-5F38-43B0-9A78-270F395F13E8--INT_ASM_PRODUCTION/HG03369/assemblies/freeze_2/annotation/liftoff/HG03369_hap2.hprc_r2_v1_liftoff.gff3
HG03521,2,s3://human-pangenomics/submissions/DC27718F-5F38-43B0-9A78-270F395F13E8--INT_ASM_PRODUCTION/HG03521/assemblies/freeze_2/annotation/liftoff/HG03521_hap2.hprc_r2_v1_liftoff.gff3
HG03784,2,s3://human-pangenomics/submissions/DC27718F-5F38-43B0-9A78-270F395F13E8--INT_ASM_PRODUCTION/HG03784/assemblies/freeze_2/annotation/liftoff/HG03784_hap2.hprc_r2_v1_liftoff.gff3
NA18565,2,s3://human-pangenomics/submissions/DC27718F-5F38-43B0-9A78-270F395F13E8--INT_ASM_PRODUCTION/NA18565/assemblies/freeze_2/annotation/liftoff/NA18565_hap2.hprc_r2_v1_liftoff.gff3
NA19682,2,s3://human-pangenomics/submissions/DC27718F-5F38-43B0-9A78-270F395F13E8--INT_ASM_PRODUCTION/NA19682/assemblies/freeze_2/annotation/liftoff/NA19682_hap2.hprc_r2_v1_liftoff.gff3
NA19776,2,s3://human-pangenomics/submissions/DC27718F-5F38-43B0-9A78-270F395F13E8--INT_ASM_PRODUCTION/NA19776/assemblies/freeze_2/annotation/liftoff/NA19776_hap2.hprc_r2_v1_liftoff.gff3
NA19835,2,s3://human-pangenomics/submissions/DC27718F-5F38-43B0-9A78-270F395F13E8--INT_ASM_PRODUCTION/NA19835/assemblies/freeze_2/annotation/liftoff/NA19835_hap2.hprc_r2_v1_liftoff.gff3
NA19909,2,s3://human-pangenomics/submissions/DC27718F-5F38-43B0-9A78-270F395F13E8--INT_ASM_PRODUCTION/NA19909/assemblies/freeze_2/annotation/liftoff/NA19909_hap2.hprc_r2_v1_liftoff.gff3
NA20282,2,s3://human-pangenomics/submissions/DC27718F-5F38-43B0-9A78-270F395F13E8--INT_ASM_PRODUCTION/NA20282/assemblies/freeze_2/annotation/liftoff/NA20282_hap2.hprc_r2_v1_liftoff.gff3
NA20346,2,s3://human-pangenomics/submissions/DC27718F-5F38-43B0-9A78-270F395F13E8--INT_ASM_PRODUCTION/NA20346/assemblies/freeze_2/annotation/liftoff/NA20346_hap2.hprc_r2_v1_liftoff.gff3
NA20809,2,s3://human-pangenomics/submissions/DC27718F-5F38-43B0-9A78-270F395F13E8--INT_ASM_PRODUCTION/NA20809/assemblies/freeze_2/annotation/liftoff/NA20809_hap2.hprc_r2_v1_liftoff.gff3
NA20850,2,s3://human-pangenomics/submissions/DC27718F-5F38-43B0-9A78-270F395F13E8--INT_ASM_PRODUCTION/NA20850/assemblies/freeze_2/annotation/liftoff/NA20850_hap2.hprc_r2_v1_liftoff.gff3
NA21102,2,s3://human-pangenomics/submissions/DC27718F-5F38-43B0-9A78-270F395F13E8--INT_ASM_PRODUCTION/NA21102/assemblies/freeze_2/annotation/liftoff/NA21102_hap2.hprc_r2_v1_liftoff.gff3
NA21144,2,s3://human-pangenomics/submissions/DC27718F-5F38-43B0-9A78-270F395F13E8--INT_ASM_PRODUCTION/NA21144/assemblies/freeze_2/annotation/liftoff/NA21144_hap2.hprc_r2_v1_liftoff.gff3
HG00735,2,s3://human-pangenomics/submissions/DC27718F-5F38-43B0-9A78-270F395F13E8--INT_ASM_PRODUCTION/HG00735/assemblies/freeze_2/annotation/liftoff/HG00735_hap2.hprc_r2_v1_liftoff.gff3
HG02155,2,s3://human-pangenomics/submissions/DC27718F-5F38-43B0-9A78-270F395F13E8--INT_ASM_PRODUCTION/HG02155/assemblies/freeze_2/annotation/liftoff/HG02155_hap2.hprc_r2_v1_liftoff.gff3
HG02630,2,s3://human-pangenomics/submissions/DC27718F-5F38-43B0-9A78-270F395F13E8--INT_ASM_PRODUCTION/HG02630/assemblies/freeze_2/annotation/liftoff/HG02630_hap2.hprc_r2_v1_liftoff.gff3
HG03139,2,s3://human-pangenomics/submissions/DC27718F-5F38-43B0-9A78-270F395F13E8--INT_ASM_PRODUCTION/HG03139/assemblies/freeze_2/annotation/liftoff/HG03139_hap2.hprc_r2_v1_liftoff.gff3
HG03470,2,s3://human-pangenomics/submissions/DC27718F-5F38-43B0-9A78-270F395F13E8--INT_ASM_PRODUCTION/HG03470/assemblies/freeze_2/annotation/liftoff/HG03470_hap2.hprc_r2_v1_liftoff.gff3
HG03579,2,s3://human-pangenomics/submissions/DC27718F-5F38-43B0-9A78-270F395F13E8--INT_ASM_PRODUCTION/HG03579/assemblies/freeze_2/annotation/liftoff/HG03579_hap2.hprc_r2_v1_liftoff.gff3
NA20805,2,s3://human-pangenomics/submissions/DC27718F-5F38-43B0-9A78-270F395F13E8--INT_ASM_PRODUCTION/NA20805/assemblies/freeze_2/annotation/liftoff/NA20805_hap2.hprc_r2_v1_liftoff.gff3