sample_id,asm
HG00408_hap1,s3://human-pangenomics/submissions/DC27718F-5F38-43B0-9A78-270F395F13E8--INT_ASM_PRODUCTION/HG00408/assemblies/freeze_2/HG00408_pat_hprc_r2_v1.fa.gz
HG00408_hap2,s3://human-pangenomics/submissions/DC27718F-5F38-43B0-9A78-270F395F13E8--INT_ASM_PRODUCTION/HG00408/assemblies/freeze_2/HG00408_mat_hprc_r2_v1.fa.gz
HG00597_hap1,s3://human-pangenomics/submissions/DC27718F-5F38-43B0-9A78-270F395F13E8--INT_ASM_PRODUCTION/HG00597/assemblies/freeze_2/HG00597_pat_hprc_r2_v1.fa.gz
HG00597_hap2,s3://human-pangenomics/submissions/DC27718F-5F38-43B0-9A78-270F395F13E8--INT_ASM_PRODUCTION/HG00597/assemblies/freeze_2/HG00597_mat_hprc_r2_v1.fa.gz
HG01192_hap1,s3://human-pangenomics/submissions/DC27718F-5F38-43B0-9A78-270F395F13E8--INT_ASM_PRODUCTION/HG01192/assemblies/freeze_2/HG01192_pat_hprc_r2_v1.fa.gz
HG01192_hap2,s3://human-pangenomics/submissions/DC27718F-5F38-43B0-9A78-270F395F13E8--INT_ASM_PRODUCTION/HG01192/assemblies/freeze_2/HG01192_mat_hprc_r2_v1.fa.gz
HG01261_hap1,s3://human-pangenomics/submissions/DC27718F-5F38-43B0-9A78-270F395F13E8--INT_ASM_PRODUCTION/HG01261/assemblies/freeze_2/HG01261_pat_hprc_r2_v1.fa.gz
HG01261_hap2,s3://human-pangenomics/submissions/DC27718F-5F38-43B0-9A78-270F395F13E8--INT_ASM_PRODUCTION/HG01261/assemblies/freeze_2/HG01261_mat_hprc_r2_v1.fa.gz
HG02015_hap1,s3://human-pangenomics/submissions/DC27718F-5F38-43B0-9A78-270F395F13E8--INT_ASM_PRODUCTION/HG02015/assemblies/freeze_2/HG02015_pat_hprc_r2_v1.fa.gz
HG02015_hap2,s3://human-pangenomics/submissions/DC27718F-5F38-43B0-9A78-270F395F13E8--INT_ASM_PRODUCTION/HG02015/assemblies/freeze_2/HG02015_mat_hprc_r2_v1.fa.gz
HG02056_hap1,s3://human-pangenomics/submissions/DC27718F-5F38-43B0-9A78-270F395F13E8--INT_ASM_PRODUCTION/HG02056/assemblies/freeze_2/HG02056_pat_hprc_r2_v1.fa.gz
HG02056_hap2,s3://human-pangenomics/submissions/DC27718F-5F38-43B0-9A78-270F395F13E8--INT_ASM_PRODUCTION/HG02056/assemblies/freeze_2/HG02056_mat_hprc_r2_v1.fa.gz
HG02129_hap1,s3://human-pangenomics/submissions/DC27718F-5F38-43B0-9A78-270F395F13E8--INT_ASM_PRODUCTION/HG02129/assemblies/freeze_2/HG02129_pat_hprc_r2_v1.fa.gz
HG02129_hap2,s3://human-pangenomics/submissions/DC27718F-5F38-43B0-9A78-270F395F13E8--INT_ASM_PRODUCTION/HG02129/assemblies/freeze_2/HG02129_mat_hprc_r2_v1.fa.gz
HG02258_hap1,s3://human-pangenomics/submissions/DC27718F-5F38-43B0-9A78-270F395F13E8--INT_ASM_PRODUCTION/HG02258/assemblies/freeze_2/HG02258_pat_hprc_r2_v1.fa.gz
HG02258_hap2,s3://human-pangenomics/submissions/DC27718F-5F38-43B0-9A78-270F395F13E8--INT_ASM_PRODUCTION/HG02258/assemblies/freeze_2/HG02258_mat_hprc_r2_v1.fa.gz
HG03834_hap1,s3://human-pangenomics/submissions/DC27718F-5F38-43B0-9A78-270F395F13E8--INT_ASM_PRODUCTION/HG03834/assemblies/freeze_2/HG03834_pat_hprc_r2_v1.fa.gz
HG03834_hap2,s3://human-pangenomics/submissions/DC27718F-5F38-43B0-9A78-270F395F13E8--INT_ASM_PRODUCTION/HG03834/assemblies/freeze_2/HG03834_mat_hprc_r2_v1.fa.gz
HG00609_hap1,s3://human-pangenomics/submissions/DC27718F-5F38-43B0-9A78-270F395F13E8--INT_ASM_PRODUCTION/HG00609/assemblies/freeze_2/HG00609_pat_hprc_r2_v1.fa.gz
HG00609_hap2,s3://human-pangenomics/submissions/DC27718F-5F38-43B0-9A78-270F395F13E8--INT_ASM_PRODUCTION/HG00609/assemblies/freeze_2/HG00609_mat_hprc_r2_v1.fa.gz
HG00642_hap1,s3://human-pangenomics/submissions/DC27718F-5F38-43B0-9A78-270F395F13E8--INT_ASM_PRODUCTION/HG00642/assemblies/freeze_2/HG00642_pat_hprc_r2_v1.fa.gz
HG00642_hap2,s3://human-pangenomics/submissions/DC27718F-5F38-43B0-9A78-270F395F13E8--INT_ASM_PRODUCTION/HG00642/assemblies/freeze_2/HG00642_mat_hprc_r2_v1.fa.gz
HG00738_hap1,s3://human-pangenomics/submissions/DC27718F-5F38-43B0-9A78-270F395F13E8--INT_ASM_PRODUCTION/HG00738/assemblies/freeze_2/HG00738_pat_hprc_r2_v1.fa.gz
HG00738_hap2,s3://human-pangenomics/submissions/DC27718F-5F38-43B0-9A78-270F395F13E8--INT_ASM_PRODUCTION/HG00738/assemblies/freeze_2/HG00738_mat_hprc_r2_v1.fa.gz
HG01099_hap1,s3://human-pangenomics/submissions/DC27718F-5F38-43B0-9A78-270F395F13E8--INT_ASM_PRODUCTION/HG01099/assemblies/freeze_2/HG01099_pat_hprc_r2_v1.fa.gz
HG01099_hap2,s3://human-pangenomics/submissions/DC27718F-5F38-43B0-9A78-270F395F13E8--INT_ASM_PRODUCTION/HG01099/assemblies/freeze_2/HG01099_mat_hprc_r2_v1.fa.gz
HG01255_hap1,s3://human-pangenomics/submissions/DC27718F-5F38-43B0-9A78-270F395F13E8--INT_ASM_PRODUCTION/HG01255/assemblies/freeze_2/HG01255_pat_hprc_r2_v1.fa.gz
HG01255_hap2,s3://human-pangenomics/submissions/DC27718F-5F38-43B0-9A78-270F395F13E8--INT_ASM_PRODUCTION/HG01255/assemblies/freeze_2/HG01255_mat_hprc_r2_v1.fa.gz
HG01346_hap1,s3://human-pangenomics/submissions/DC27718F-5F38-43B0-9A78-270F395F13E8--INT_ASM_PRODUCTION/HG01346/assemblies/freeze_2/HG01346_pat_hprc_r2_v1.fa.gz
HG01346_hap2,s3://human-pangenomics/submissions/DC27718F-5F38-43B0-9A78-270F395F13E8--INT_ASM_PRODUCTION/HG01346/assemblies/freeze_2/HG01346_mat_hprc_r2_v1.fa.gz
HG01433_hap1,s3://human-pangenomics/submissions/DC27718F-5F38-43B0-9A78-270F395F13E8--INT_ASM_PRODUCTION/HG01433/assemblies/freeze_2/HG01433_pat_hprc_r2_v1.fa.gz
HG01433_hap2,s3://human-pangenomics/submissions/DC27718F-5F38-43B0-9A78-270F395F13E8--INT_ASM_PRODUCTION/HG01433/assemblies/freeze_2/HG01433_mat_hprc_r2_v1.fa.gz
HG01496_hap1,s3://human-pangenomics/submissions/DC27718F-5F38-43B0-9A78-270F395F13E8--INT_ASM_PRODUCTION/HG01496/assemblies/freeze_2/HG01496_pat_hprc_r2_v1.fa.gz
HG01496_hap2,s3://human-pangenomics/submissions/DC27718F-5F38-43B0-9A78-270F395F13E8--INT_ASM_PRODUCTION/HG01496/assemblies/freeze_2/HG01496_mat_hprc_r2_v1.fa.gz
HG01884_hap1,s3://human-pangenomics/submissions/DC27718F-5F38-43B0-9A78-270F395F13E8--INT_ASM_PRODUCTION/HG01884/assemblies/freeze_2/HG01884_pat_hprc_r2_v1.fa.gz
HG01884_hap2,s3://human-pangenomics/submissions/DC27718F-5F38-43B0-9A78-270F395F13E8--INT_ASM_PRODUCTION/HG01884/assemblies/freeze_2/HG01884_mat_hprc_r2_v1.fa.gz
HG01981_hap1,s3://human-pangenomics/submissions/DC27718F-5F38-43B0-9A78-270F395F13E8--INT_ASM_PRODUCTION/HG01981/assemblies/freeze_2/HG01981_pat_hprc_r2_v1.fa.gz
HG01981_hap2,s3://human-pangenomics/submissions/DC27718F-5F38-43B0-9A78-270F395F13E8--INT_ASM_PRODUCTION/HG01981/assemblies/freeze_2/HG01981_mat_hprc_r2_v1.fa.gz
HG01993_hap1,s3://human-pangenomics/submissions/DC27718F-5F38-43B0-9A78-270F395F13E8--INT_ASM_PRODUCTION/HG01993/assemblies/freeze_2/HG01993_pat_hprc_r2_v1.fa.gz
HG01993_hap2,s3://human-pangenomics/submissions/DC27718F-5F38-43B0-9A78-270F395F13E8--INT_ASM_PRODUCTION/HG01993/assemblies/freeze_2/HG01993_mat_hprc_r2_v1.fa.gz
HG02004_hap1,s3://human-pangenomics/submissions/DC27718F-5F38-43B0-9A78-270F395F13E8--INT_ASM_PRODUCTION/HG02004/assemblies/freeze_2/HG02004_pat_hprc_r2_v1.fa.gz
HG02004_hap2,s3://human-pangenomics/submissions/DC27718F-5F38-43B0-9A78-270F395F13E8--INT_ASM_PRODUCTION/HG02004/assemblies/freeze_2/HG02004_mat_hprc_r2_v1.fa.gz
HG02027_hap1,s3://human-pangenomics/submissions/DC27718F-5F38-43B0-9A78-270F395F13E8--INT_ASM_PRODUCTION/HG02027/assemblies/freeze_2/HG02027_pat_hprc_r2_v1.fa.gz
HG02027_hap2,s3://human-pangenomics/submissions/DC27718F-5F38-43B0-9A78-270F395F13E8--INT_ASM_PRODUCTION/HG02027/assemblies/freeze_2/HG02027_mat_hprc_r2_v1.fa.gz
HG02083_hap1,s3://human-pangenomics/submissions/DC27718F-5F38-43B0-9A78-270F395F13E8--INT_ASM_PRODUCTION/HG02083/assemblies/freeze_2/HG02083_pat_hprc_r2_v1.fa.gz
HG02083_hap2,s3://human-pangenomics/submissions/DC27718F-5F38-43B0-9A78-270F395F13E8--INT_ASM_PRODUCTION/HG02083/assemblies/freeze_2/HG02083_mat_hprc_r2_v1.fa.gz
HG02132_hap1,s3://human-pangenomics/submissions/DC27718F-5F38-43B0-9A78-270F395F13E8--INT_ASM_PRODUCTION/HG02132/assemblies/freeze_2/HG02132_pat_hprc_r2_v1.fa.gz
HG02132_hap2,s3://human-pangenomics/submissions/DC27718F-5F38-43B0-9A78-270F395F13E8--INT_ASM_PRODUCTION/HG02132/assemblies/freeze_2/HG02132_mat_hprc_r2_v1.fa.gz
HG02280_hap1,s3://human-pangenomics/submissions/DC27718F-5F38-43B0-9A78-270F395F13E8--INT_ASM_PRODUCTION/HG02280/assemblies/freeze_2/HG02280_pat_hprc_r2_v1.fa.gz
HG02280_hap2,s3://human-pangenomics/submissions/DC27718F-5F38-43B0-9A78-270F395F13E8--INT_ASM_PRODUCTION/HG02280/assemblies/freeze_2/HG02280_mat_hprc_r2_v1.fa.gz
HG02293_hap1,s3://human-pangenomics/submissions/DC27718F-5F38-43B0-9A78-270F395F13E8--INT_ASM_PRODUCTION/HG02293/assemblies/freeze_2/HG02293_pat_hprc_r2_v1.fa.gz
HG02293_hap2,s3://human-pangenomics/submissions/DC27718F-5F38-43B0-9A78-270F395F13E8--INT_ASM_PRODUCTION/HG02293/assemblies/freeze_2/HG02293_mat_hprc_r2_v1.fa.gz
HG02300_hap1,s3://human-pangenomics/submissions/DC27718F-5F38-43B0-9A78-270F395F13E8--INT_ASM_PRODUCTION/HG02300/assemblies/freeze_2/HG02300_pat_hprc_r2_v1.fa.gz
HG02300_hap2,s3://human-pangenomics/submissions/DC27718F-5F38-43B0-9A78-270F395F13E8--INT_ASM_PRODUCTION/HG02300/assemblies/freeze_2/HG02300_mat_hprc_r2_v1.fa.gz
HG02451_hap1,s3://human-pangenomics/submissions/DC27718F-5F38-43B0-9A78-270F395F13E8--INT_ASM_PRODUCTION/HG02451/assemblies/freeze_2/HG02451_pat_hprc_r2_v1.fa.gz
HG02451_hap2,s3://human-pangenomics/submissions/DC27718F-5F38-43B0-9A78-270F395F13E8--INT_ASM_PRODUCTION/HG02451/assemblies/freeze_2/HG02451_mat_hprc_r2_v1.fa.gz
HG02523_hap1,s3://human-pangenomics/submissions/DC27718F-5F38-43B0-9A78-270F395F13E8--INT_ASM_PRODUCTION/HG02523/assemblies/freeze_2/HG02523_pat_hprc_r2_v1.fa.gz
HG02523_hap2,s3://human-pangenomics/submissions/DC27718F-5F38-43B0-9A78-270F395F13E8--INT_ASM_PRODUCTION/HG02523/assemblies/freeze_2/HG02523_mat_hprc_r2_v1.fa.gz
HG02615_hap1,s3://human-pangenomics/submissions/DC27718F-5F38-43B0-9A78-270F395F13E8--INT_ASM_PRODUCTION/HG02615/assemblies/freeze_2/HG02615_pat_hprc_r2_v1.fa.gz
HG02615_hap2,s3://human-pangenomics/submissions/DC27718F-5F38-43B0-9A78-270F395F13E8--INT_ASM_PRODUCTION/HG02615/assemblies/freeze_2/HG02615_mat_hprc_r2_v1.fa.gz
HG02647_hap1,s3://human-pangenomics/submissions/DC27718F-5F38-43B0-9A78-270F395F13E8--INT_ASM_PRODUCTION/HG02647/assemblies/freeze_2/HG02647_pat_hprc_r2_v1.fa.gz
HG02647_hap2,s3://human-pangenomics/submissions/DC27718F-5F38-43B0-9A78-270F395F13E8--INT_ASM_PRODUCTION/HG02647/assemblies/freeze_2/HG02647_mat_hprc_r2_v1.fa.gz
HG02698_hap1,s3://human-pangenomics/submissions/DC27718F-5F38-43B0-9A78-270F395F13E8--INT_ASM_PRODUCTION/HG02698/assemblies/freeze_2/HG02698_pat_hprc_r2_v1.fa.gz
HG02698_hap2,s3://human-pangenomics/submissions/DC27718F-5F38-43B0-9A78-270F395F13E8--INT_ASM_PRODUCTION/HG02698/assemblies/freeze_2/HG02698_mat_hprc_r2_v1.fa.gz
HG03654_hap1,s3://human-pangenomics/submissions/DC27718F-5F38-43B0-9A78-270F395F13E8--INT_ASM_PRODUCTION/HG03654/assemblies/freeze_2/HG03654_pat_hprc_r2_v1.fa.gz
HG03654_hap2,s3://human-pangenomics/submissions/DC27718F-5F38-43B0-9A78-270F395F13E8--INT_ASM_PRODUCTION/HG03654/assemblies/freeze_2/HG03654_mat_hprc_r2_v1.fa.gz
HG03669_hap1,s3://human-pangenomics/submissions/DC27718F-5F38-43B0-9A78-270F395F13E8--INT_ASM_PRODUCTION/HG03669/assemblies/freeze_2/HG03669_pat_hprc_r2_v1.fa.gz
HG03669_hap2,s3://human-pangenomics/submissions/DC27718F-5F38-43B0-9A78-270F395F13E8--INT_ASM_PRODUCTION/HG03669/assemblies/freeze_2/HG03669_mat_hprc_r2_v1.fa.gz
HG03688_hap1,s3://human-pangenomics/submissions/DC27718F-5F38-43B0-9A78-270F395F13E8--INT_ASM_PRODUCTION/HG03688/assemblies/freeze_2/HG03688_pat_hprc_r2_v1.fa.gz
HG03688_hap2,s3://human-pangenomics/submissions/DC27718F-5F38-43B0-9A78-270F395F13E8--INT_ASM_PRODUCTION/HG03688/assemblies/freeze_2/HG03688_mat_hprc_r2_v1.fa.gz
HG03704_hap1,s3://human-pangenomics/submissions/DC27718F-5F38-43B0-9A78-270F395F13E8--INT_ASM_PRODUCTION/HG03704/assemblies/freeze_2/HG03704_pat_hprc_r2_v1.fa.gz
HG03704_hap2,s3://human-pangenomics/submissions/DC27718F-5F38-43B0-9A78-270F395F13E8--INT_ASM_PRODUCTION/HG03704/assemblies/freeze_2/HG03704_mat_hprc_r2_v1.fa.gz
HG03710_hap1,s3://human-pangenomics/submissions/DC27718F-5F38-43B0-9A78-270F395F13E8--INT_ASM_PRODUCTION/HG03710/assemblies/freeze_2/HG03710_pat_hprc_r2_v1.fa.gz
HG03710_hap2,s3://human-pangenomics/submissions/DC27718F-5F38-43B0-9A78-270F395F13E8--INT_ASM_PRODUCTION/HG03710/assemblies/freeze_2/HG03710_mat_hprc_r2_v1.fa.gz
HG03831_hap1,s3://human-pangenomics/submissions/DC27718F-5F38-43B0-9A78-270F395F13E8--INT_ASM_PRODUCTION/HG03831/assemblies/freeze_2/HG03831_pat_hprc_r2_v1.fa.gz
HG03831_hap2,s3://human-pangenomics/submissions/DC27718F-5F38-43B0-9A78-270F395F13E8--INT_ASM_PRODUCTION/HG03831/assemblies/freeze_2/HG03831_mat_hprc_r2_v1.fa.gz
HG03927_hap1,s3://human-pangenomics/submissions/DC27718F-5F38-43B0-9A78-270F395F13E8--INT_ASM_PRODUCTION/HG03927/assemblies/freeze_2/HG03927_pat_hprc_r2_v1.fa.gz
HG03927_hap2,s3://human-pangenomics/submissions/DC27718F-5F38-43B0-9A78-270F395F13E8--INT_ASM_PRODUCTION/HG03927/assemblies/freeze_2/HG03927_mat_hprc_r2_v1.fa.gz
HG04115_hap1,s3://human-pangenomics/submissions/DC27718F-5F38-43B0-9A78-270F395F13E8--INT_ASM_PRODUCTION/HG04115/assemblies/freeze_2/HG04115_pat_hprc_r2_v1.fa.gz
HG04115_hap2,s3://human-pangenomics/submissions/DC27718F-5F38-43B0-9A78-270F395F13E8--INT_ASM_PRODUCTION/HG04115/assemblies/freeze_2/HG04115_mat_hprc_r2_v1.fa.gz
HG04184_hap1,s3://human-pangenomics/submissions/DC27718F-5F38-43B0-9A78-270F395F13E8--INT_ASM_PRODUCTION/HG04184/assemblies/freeze_2/HG04184_pat_hprc_r2_v1.fa.gz
HG04184_hap2,s3://human-pangenomics/submissions/DC27718F-5F38-43B0-9A78-270F395F13E8--INT_ASM_PRODUCTION/HG04184/assemblies/freeze_2/HG04184_mat_hprc_r2_v1.fa.gz
HG04199_hap1,s3://human-pangenomics/submissions/DC27718F-5F38-43B0-9A78-270F395F13E8--INT_ASM_PRODUCTION/HG04199/assemblies/freeze_2/HG04199_pat_hprc_r2_v1.fa.gz
HG04199_hap2,s3://human-pangenomics/submissions/DC27718F-5F38-43B0-9A78-270F395F13E8--INT_ASM_PRODUCTION/HG04199/assemblies/freeze_2/HG04199_mat_hprc_r2_v1.fa.gz
HG00621_hap1,s3://human-pangenomics/submissions/DC27718F-5F38-43B0-9A78-270F395F13E8--INT_ASM_PRODUCTION/HG00621/assemblies/freeze_2/HG00621_pat_hprc_r2_v1.fa.gz
HG00621_hap2,s3://human-pangenomics/submissions/DC27718F-5F38-43B0-9A78-270F395F13E8--INT_ASM_PRODUCTION/HG00621/assemblies/freeze_2/HG00621_mat_hprc_r2_v1.fa.gz
HG00741_hap1,s3://human-pangenomics/submissions/DC27718F-5F38-43B0-9A78-270F395F13E8--INT_ASM_PRODUCTION/HG00741/assemblies/freeze_2/HG00741_pat_hprc_r2_v1.fa.gz
HG00741_hap2,s3://human-pangenomics/submissions/DC27718F-5F38-43B0-9A78-270F395F13E8--INT_ASM_PRODUCTION/HG00741/assemblies/freeze_2/HG00741_mat_hprc_r2_v1.fa.gz
HG01106_hap1,s3://human-pangenomics/submissions/DC27718F-5F38-43B0-9A78-270F395F13E8--INT_ASM_PRODUCTION/HG01106/assemblies/freeze_2/HG01106_pat_hprc_r2_v1.fa.gz
HG01106_hap2,s3://human-pangenomics/submissions/DC27718F-5F38-43B0-9A78-270F395F13E8--INT_ASM_PRODUCTION/HG01106/assemblies/freeze_2/HG01106_mat_hprc_r2_v1.fa.gz
HG01175_hap1,s3://human-pangenomics/submissions/DC27718F-5F38-43B0-9A78-270F395F13E8--INT_ASM_PRODUCTION/HG01175/assemblies/freeze_2/HG01175_pat_hprc_r2_v1.fa.gz
HG01175_hap2,s3://human-pangenomics/submissions/DC27718F-5F38-43B0-9A78-270F395F13E8--INT_ASM_PRODUCTION/HG01175/assemblies/freeze_2/HG01175_mat_hprc_r2_v1.fa.gz
HG01258_hap1,s3://human-pangenomics/submissions/DC27718F-5F38-43B0-9A78-270F395F13E8--INT_ASM_PRODUCTION/HG01258/assemblies/freeze_2/HG01258_pat_hprc_r2_v1.fa.gz
HG01258_hap2,s3://human-pangenomics/submissions/DC27718F-5F38-43B0-9A78-270F395F13E8--INT_ASM_PRODUCTION/HG01258/assemblies/freeze_2/HG01258_mat_hprc_r2_v1.fa.gz
HG01891_hap1,s3://human-pangenomics/submissions/DC27718F-5F38-43B0-9A78-270F395F13E8--INT_ASM_PRODUCTION/HG01891/assemblies/freeze_2/HG01891_pat_hprc_r2_v1.fa.gz
HG01891_hap2,s3://human-pangenomics/submissions/DC27718F-5F38-43B0-9A78-270F395F13E8--INT_ASM_PRODUCTION/HG01891/assemblies/freeze_2/HG01891_mat_hprc_r2_v1.fa.gz
HG01952_hap1,s3://human-pangenomics/submissions/DC27718F-5F38-43B0-9A78-270F395F13E8--INT_ASM_PRODUCTION/HG01952/assemblies/freeze_2/HG01952_pat_hprc_r2_v1.fa.gz
HG01952_hap2,s3://human-pangenomics/submissions/DC27718F-5F38-43B0-9A78-270F395F13E8--INT_ASM_PRODUCTION/HG01952/assemblies/freeze_2/HG01952_mat_hprc_r2_v1.fa.gz
HG02148_hap1,s3://human-pangenomics/submissions/DC27718F-5F38-43B0-9A78-270F395F13E8--INT_ASM_PRODUCTION/HG02148/assemblies/freeze_2/HG02148_pat_hprc_r2_v1.fa.gz
HG02148_hap2,s3://human-pangenomics/submissions/DC27718F-5F38-43B0-9A78-270F395F13E8--INT_ASM_PRODUCTION/HG02148/assemblies/freeze_2/HG02148_mat_hprc_r2_v1.fa.gz
HG02486_hap1,s3://human-pangenomics/submissions/DC27718F-5F38-43B0-9A78-270F395F13E8--INT_ASM_PRODUCTION/HG02486/assemblies/freeze_2/HG02486_pat_hprc_r2_v1.fa.gz
HG02486_hap2,s3://human-pangenomics/submissions/DC27718F-5F38-43B0-9A78-270F395F13E8--INT_ASM_PRODUCTION/HG02486/assemblies/freeze_2/HG02486_mat_hprc_r2_v1.fa.gz
HG02559_hap1,s3://human-pangenomics/submissions/DC27718F-5F38-43B0-9A78-270F395F13E8--INT_ASM_PRODUCTION/HG02559/assemblies/freeze_2/HG02559_pat_hprc_r2_v1.fa.gz
HG02559_hap2,s3://human-pangenomics/submissions/DC27718F-5F38-43B0-9A78-270F395F13E8--INT_ASM_PRODUCTION/HG02559/assemblies/freeze_2/HG02559_mat_hprc_r2_v1.fa.gz
HG02572_hap1,s3://human-pangenomics/submissions/DC27718F-5F38-43B0-9A78-270F395F13E8--INT_ASM_PRODUCTION/HG02572/assemblies/freeze_2/HG02572_pat_hprc_r2_v1.fa.gz
HG02572_hap2,s3://human-pangenomics/submissions/DC27718F-5F38-43B0-9A78-270F395F13E8--INT_ASM_PRODUCTION/HG02572/assemblies/freeze_2/HG02572_mat_hprc_r2_v1.fa.gz
HG02622_hap1,s3://human-pangenomics/submissions/DC27718F-5F38-43B0-9A78-270F395F13E8--INT_ASM_PRODUCTION/HG02622/assemblies/freeze_2/HG02622_pat_hprc_r2_v1.fa.gz
HG02622_hap2,s3://human-pangenomics/submissions/DC27718F-5F38-43B0-9A78-270F395F13E8--INT_ASM_PRODUCTION/HG02622/assemblies/freeze_2/HG02622_mat_hprc_r2_v1.fa.gz
HG02886_hap1,s3://human-pangenomics/submissions/DC27718F-5F38-43B0-9A78-270F395F13E8--INT_ASM_PRODUCTION/HG02886/assemblies/freeze_2/HG02886_pat_hprc_r2_v1.fa.gz
HG02886_hap2,s3://human-pangenomics/submissions/DC27718F-5F38-43B0-9A78-270F395F13E8--INT_ASM_PRODUCTION/HG02886/assemblies/freeze_2/HG02886_mat_hprc_r2_v1.fa.gz
HG03453_hap1,s3://human-pangenomics/submissions/DC27718F-5F38-43B0-9A78-270F395F13E8--INT_ASM_PRODUCTION/HG03453/assemblies/freeze_2/HG03453_pat_hprc_r2_v1.fa.gz
HG03453_hap2,s3://human-pangenomics/submissions/DC27718F-5F38-43B0-9A78-270F395F13E8--INT_ASM_PRODUCTION/HG03453/assemblies/freeze_2/HG03453_mat_hprc_r2_v1.fa.gz
HG03540_hap1,s3://human-pangenomics/submissions/DC27718F-5F38-43B0-9A78-270F395F13E8--INT_ASM_PRODUCTION/HG03540/assemblies/freeze_2/HG03540_pat_hprc_r2_v1.fa.gz
HG03540_hap2,s3://human-pangenomics/submissions/DC27718F-5F38-43B0-9A78-270F395F13E8--INT_ASM_PRODUCTION/HG03540/assemblies/freeze_2/HG03540_mat_hprc_r2_v1.fa.gz
HG00099_hap1,s3://human-pangenomics/submissions/DC27718F-5F38-43B0-9A78-270F395F13E8--INT_ASM_PRODUCTION/HG00099/assemblies/freeze_2/HG00099_hap1_hprc_r2_v1.fa.gz
HG00099_hap2,s3://human-pangenomics/submissions/DC27718F-5F38-43B0-9A78-270F395F13E8--INT_ASM_PRODUCTION/HG00099/assemblies/freeze_2/HG00099_hap2_hprc_r2_v1.fa.gz
HG00140_hap1,s3://human-pangenomics/submissions/DC27718F-5F38-43B0-9A78-270F395F13E8--INT_ASM_PRODUCTION/HG00140/assemblies/freeze_2/HG00140_hap1_hprc_r2_v1.fa.gz
HG00140_hap2,s3://human-pangenomics/submissions/DC27718F-5F38-43B0-9A78-270F395F13E8--INT_ASM_PRODUCTION/HG00140/assemblies/freeze_2/HG00140_hap2_hprc_r2_v1.fa.gz
HG00280_hap1,s3://human-pangenomics/submissions/DC27718F-5F38-43B0-9A78-270F395F13E8--INT_ASM_PRODUCTION/HG00280/assemblies/freeze_2/HG00280_hap1_hprc_r2_v1.fa.gz
HG00280_hap2,s3://human-pangenomics/submissions/DC27718F-5F38-43B0-9A78-270F395F13E8--INT_ASM_PRODUCTION/HG00280/assemblies/freeze_2/HG00280_hap2_hprc_r2_v1.fa.gz
HG00323_hap1,s3://human-pangenomics/submissions/DC27718F-5F38-43B0-9A78-270F395F13E8--INT_ASM_PRODUCTION/HG00323/assemblies/freeze_2/HG00323_hap1_hprc_r2_v1.fa.gz
HG00323_hap2,s3://human-pangenomics/submissions/DC27718F-5F38-43B0-9A78-270F395F13E8--INT_ASM_PRODUCTION/HG00323/assemblies/freeze_2/HG00323_hap2_hprc_r2_v1.fa.gz
HG02040_hap1,s3://human-pangenomics/submissions/DC27718F-5F38-43B0-9A78-270F395F13E8--INT_ASM_PRODUCTION/HG02040/assemblies/freeze_2/HG02040_hap1_hprc_r2_v1.fa.gz
HG02040_hap2,s3://human-pangenomics/submissions/DC27718F-5F38-43B0-9A78-270F395F13E8--INT_ASM_PRODUCTION/HG02040/assemblies/freeze_2/HG02040_hap2_hprc_r2_v1.fa.gz
HG02165_hap1,s3://human-pangenomics/submissions/DC27718F-5F38-43B0-9A78-270F395F13E8--INT_ASM_PRODUCTION/HG02165/assemblies/freeze_2/HG02165_hap1_hprc_r2_v1.fa.gz
HG02165_hap2,s3://human-pangenomics/submissions/DC27718F-5F38-43B0-9A78-270F395F13E8--INT_ASM_PRODUCTION/HG02165/assemblies/freeze_2/HG02165_hap2_hprc_r2_v1.fa.gz
HG02273_hap1,s3://human-pangenomics/submissions/DC27718F-5F38-43B0-9A78-270F395F13E8--INT_ASM_PRODUCTION/HG02273/assemblies/freeze_2/HG02273_hap1_hprc_r2_v1.fa.gz
HG02273_hap2,s3://human-pangenomics/submissions/DC27718F-5F38-43B0-9A78-270F395F13E8--INT_ASM_PRODUCTION/HG02273/assemblies/freeze_2/HG02273_hap2_hprc_r2_v1.fa.gz
HG02922_hap1,s3://human-pangenomics/submissions/DC27718F-5F38-43B0-9A78-270F395F13E8--INT_ASM_PRODUCTION/HG02922/assemblies/freeze_2/HG02922_hap1_hprc_r2_v1.fa.gz
HG02922_hap2,s3://human-pangenomics/submissions/DC27718F-5F38-43B0-9A78-270F395F13E8--INT_ASM_PRODUCTION/HG02922/assemblies/freeze_2/HG02922_hap2_hprc_r2_v1.fa.gz
HG02965_hap1,s3://human-pangenomics/submissions/DC27718F-5F38-43B0-9A78-270F395F13E8--INT_ASM_PRODUCTION/HG02965/assemblies/freeze_2/HG02965_hap1_hprc_r2_v1.fa.gz
HG02965_hap2,s3://human-pangenomics/submissions/DC27718F-5F38-43B0-9A78-270F395F13E8--INT_ASM_PRODUCTION/HG02965/assemblies/freeze_2/HG02965_hap2_hprc_r2_v1.fa.gz
HG02976_hap1,s3://human-pangenomics/submissions/DC27718F-5F38-43B0-9A78-270F395F13E8--INT_ASM_PRODUCTION/HG02976/assemblies/freeze_2/HG02976_hap1_hprc_r2_v1.fa.gz
HG02976_hap2,s3://human-pangenomics/submissions/DC27718F-5F38-43B0-9A78-270F395F13E8--INT_ASM_PRODUCTION/HG02976/assemblies/freeze_2/HG02976_hap2_hprc_r2_v1.fa.gz
HG03130_hap1,s3://human-pangenomics/submissions/DC27718F-5F38-43B0-9A78-270F395F13E8--INT_ASM_PRODUCTION/HG03130/assemblies/freeze_2/HG03130_hap1_hprc_r2_v1.fa.gz
HG03130_hap2,s3://human-pangenomics/submissions/DC27718F-5F38-43B0-9A78-270F395F13E8--INT_ASM_PRODUCTION/HG03130/assemblies/freeze_2/HG03130_hap2_hprc_r2_v1.fa.gz
HG03195_hap1,s3://human-pangenomics/submissions/DC27718F-5F38-43B0-9A78-270F395F13E8--INT_ASM_PRODUCTION/HG03195/assemblies/freeze_2/HG03195_hap1_hprc_r2_v1.fa.gz
HG03195_hap2,s3://human-pangenomics/submissions/DC27718F-5F38-43B0-9A78-270F395F13E8--INT_ASM_PRODUCTION/HG03195/assemblies/freeze_2/HG03195_hap2_hprc_r2_v1.fa.gz
HG03209_hap1,s3://human-pangenomics/submissions/DC27718F-5F38-43B0-9A78-270F395F13E8--INT_ASM_PRODUCTION/HG03209/assemblies/freeze_2/HG03209_hap1_hprc_r2_v1.fa.gz
HG03209_hap2,s3://human-pangenomics/submissions/DC27718F-5F38-43B0-9A78-270F395F13E8--INT_ASM_PRODUCTION/HG03209/assemblies/freeze_2/HG03209_hap2_hprc_r2_v1.fa.gz
NA18522_hap1,s3://human-pangenomics/submissions/DC27718F-5F38-43B0-9A78-270F395F13E8--INT_ASM_PRODUCTION/NA18522/assemblies/freeze_2/NA18522_hap1_hprc_r2_v1.fa.gz
NA18522_hap2,s3://human-pangenomics/submissions/DC27718F-5F38-43B0-9A78-270F395F13E8--INT_ASM_PRODUCTION/NA18522/assemblies/freeze_2/NA18522_hap2_hprc_r2_v1.fa.gz
NA18747_hap1,s3://human-pangenomics/submissions/DC27718F-5F38-43B0-9A78-270F395F13E8--INT_ASM_PRODUCTION/NA18747/assemblies/freeze_2/NA18747_hap1_hprc_r2_v1.fa.gz
NA18747_hap2,s3://human-pangenomics/submissions/DC27718F-5F38-43B0-9A78-270F395F13E8--INT_ASM_PRODUCTION/NA18747/assemblies/freeze_2/NA18747_hap2_hprc_r2_v1.fa.gz
NA18971_hap1,s3://human-pangenomics/submissions/DC27718F-5F38-43B0-9A78-270F395F13E8--INT_ASM_PRODUCTION/NA18971/assemblies/freeze_2/NA18971_hap1_hprc_r2_v1.fa.gz
NA18971_hap2,s3://human-pangenomics/submissions/DC27718F-5F38-43B0-9A78-270F395F13E8--INT_ASM_PRODUCTION/NA18971/assemblies/freeze_2/NA18971_hap2_hprc_r2_v1.fa.gz
NA18983_hap1,s3://human-pangenomics/submissions/DC27718F-5F38-43B0-9A78-270F395F13E8--INT_ASM_PRODUCTION/NA18983/assemblies/freeze_2/NA18983_hap1_hprc_r2_v1.fa.gz
NA18983_hap2,s3://human-pangenomics/submissions/DC27718F-5F38-43B0-9A78-270F395F13E8--INT_ASM_PRODUCTION/NA18983/assemblies/freeze_2/NA18983_hap2_hprc_r2_v1.fa.gz
NA19043_hap1,s3://human-pangenomics/submissions/DC27718F-5F38-43B0-9A78-270F395F13E8--INT_ASM_PRODUCTION/NA19043/assemblies/freeze_2/NA19043_hap1_hprc_r2_v1.fa.gz
NA19043_hap2,s3://human-pangenomics/submissions/DC27718F-5F38-43B0-9A78-270F395F13E8--INT_ASM_PRODUCTION/NA19043/assemblies/freeze_2/NA19043_hap2_hprc_r2_v1.fa.gz
NA20905_hap1,s3://human-pangenomics/submissions/DC27718F-5F38-43B0-9A78-270F395F13E8--INT_ASM_PRODUCTION/NA20905/assemblies/freeze_2/NA20905_hap1_hprc_r2_v1.fa.gz
NA20905_hap2,s3://human-pangenomics/submissions/DC27718F-5F38-43B0-9A78-270F395F13E8--INT_ASM_PRODUCTION/NA20905/assemblies/freeze_2/NA20905_hap2_hprc_r2_v1.fa.gz
HG01530_hap1,s3://human-pangenomics/submissions/DC27718F-5F38-43B0-9A78-270F395F13E8--INT_ASM_PRODUCTION/HG01530/assemblies/freeze_2/HG01530_hap1_hprc_r2_v1.fa.gz
HG01530_hap2,s3://human-pangenomics/submissions/DC27718F-5F38-43B0-9A78-270F395F13E8--INT_ASM_PRODUCTION/HG01530/assemblies/freeze_2/HG01530_hap2_hprc_r2_v1.fa.gz
HG01784_hap1,s3://human-pangenomics/submissions/DC27718F-5F38-43B0-9A78-270F395F13E8--INT_ASM_PRODUCTION/HG01784/assemblies/freeze_2/HG01784_hap1_hprc_r2_v1.fa.gz
HG01784_hap2,s3://human-pangenomics/submissions/DC27718F-5F38-43B0-9A78-270F395F13E8--INT_ASM_PRODUCTION/HG01784/assemblies/freeze_2/HG01784_hap2_hprc_r2_v1.fa.gz
HG02391_hap1,s3://human-pangenomics/submissions/DC27718F-5F38-43B0-9A78-270F395F13E8--INT_ASM_PRODUCTION/HG02391/assemblies/freeze_2/HG02391_hap1_hprc_r2_v1.fa.gz
HG02391_hap2,s3://human-pangenomics/submissions/DC27718F-5F38-43B0-9A78-270F395F13E8--INT_ASM_PRODUCTION/HG02391/assemblies/freeze_2/HG02391_hap2_hprc_r2_v1.fa.gz
HG03471_hap1,s3://human-pangenomics/submissions/DC27718F-5F38-43B0-9A78-270F395F13E8--INT_ASM_PRODUCTION/HG03471/assemblies/freeze_2/HG03471_hap1_hprc_r2_v1.fa.gz
HG03471_hap2,s3://human-pangenomics/submissions/DC27718F-5F38-43B0-9A78-270F395F13E8--INT_ASM_PRODUCTION/HG03471/assemblies/freeze_2/HG03471_hap2_hprc_r2_v1.fa.gz
HG03742_hap1,s3://human-pangenomics/submissions/DC27718F-5F38-43B0-9A78-270F395F13E8--INT_ASM_PRODUCTION/HG03742/assemblies/freeze_2/HG03742_hap1_hprc_r2_v1.fa.gz
HG03742_hap2,s3://human-pangenomics/submissions/DC27718F-5F38-43B0-9A78-270F395F13E8--INT_ASM_PRODUCTION/HG03742/assemblies/freeze_2/HG03742_hap2_hprc_r2_v1.fa.gz
NA18570_hap1,s3://human-pangenomics/submissions/DC27718F-5F38-43B0-9A78-270F395F13E8--INT_ASM_PRODUCTION/NA18570/assemblies/freeze_2/NA18570_hap1_hprc_r2_v1.fa.gz
NA18570_hap2,s3://human-pangenomics/submissions/DC27718F-5F38-43B0-9A78-270F395F13E8--INT_ASM_PRODUCTION/NA18570/assemblies/freeze_2/NA18570_hap2_hprc_r2_v1.fa.gz
NA19087_hap1,s3://human-pangenomics/submissions/DC27718F-5F38-43B0-9A78-270F395F13E8--INT_ASM_PRODUCTION/NA19087/assemblies/freeze_2/NA19087_hap1_hprc_r2_v1.fa.gz
NA19087_hap2,s3://human-pangenomics/submissions/DC27718F-5F38-43B0-9A78-270F395F13E8--INT_ASM_PRODUCTION/NA19087/assemblies/freeze_2/NA19087_hap2_hprc_r2_v1.fa.gz
NA19185_hap1,s3://human-pangenomics/submissions/DC27718F-5F38-43B0-9A78-270F395F13E8--INT_ASM_PRODUCTION/NA19185/assemblies/freeze_2/NA19185_hap1_hprc_r2_v1.fa.gz
NA19185_hap2,s3://human-pangenomics/submissions/DC27718F-5F38-43B0-9A78-270F395F13E8--INT_ASM_PRODUCTION/NA19185/assemblies/freeze_2/NA19185_hap2_hprc_r2_v1.fa.gz
NA19338_hap1,s3://human-pangenomics/submissions/DC27718F-5F38-43B0-9A78-270F395F13E8--INT_ASM_PRODUCTION/NA19338/assemblies/freeze_2/NA19338_hap1_hprc_r2_v1.fa.gz
NA19338_hap2,s3://human-pangenomics/submissions/DC27718F-5F38-43B0-9A78-270F395F13E8--INT_ASM_PRODUCTION/NA19338/assemblies/freeze_2/NA19338_hap2_hprc_r2_v1.fa.gz
NA19391_hap1,s3://human-pangenomics/submissions/DC27718F-5F38-43B0-9A78-270F395F13E8--INT_ASM_PRODUCTION/NA19391/assemblies/freeze_2/NA19391_hap1_hprc_r2_v1.fa.gz
NA19391_hap2,s3://human-pangenomics/submissions/DC27718F-5F38-43B0-9A78-270F395F13E8--INT_ASM_PRODUCTION/NA19391/assemblies/freeze_2/NA19391_hap2_hprc_r2_v1.fa.gz
NA19468_hap1,s3://human-pangenomics/submissions/DC27718F-5F38-43B0-9A78-270F395F13E8--INT_ASM_PRODUCTION/NA19468/assemblies/freeze_2/NA19468_hap1_hprc_r2_v1.fa.gz
NA19468_hap2,s3://human-pangenomics/submissions/DC27718F-5F38-43B0-9A78-270F395F13E8--INT_ASM_PRODUCTION/NA19468/assemblies/freeze_2/NA19468_hap2_hprc_r2_v1.fa.gz
HG00438_hap1,s3://human-pangenomics/submissions/DC27718F-5F38-43B0-9A78-270F395F13E8--INT_ASM_PRODUCTION/HG00438/assemblies/freeze_2/HG00438_pat_hprc_r2_v1.fa.gz
HG00438_hap2,s3://human-pangenomics/submissions/DC27718F-5F38-43B0-9A78-270F395F13E8--INT_ASM_PRODUCTION/HG00438/assemblies/freeze_2/HG00438_mat_hprc_r2_v1.fa.gz
HG00558_hap1,s3://human-pangenomics/submissions/DC27718F-5F38-43B0-9A78-270F395F13E8--INT_ASM_PRODUCTION/HG00558/assemblies/freeze_2/HG00558_pat_hprc_r2_v1.fa.gz
HG00558_hap2,s3://human-pangenomics/submissions/DC27718F-5F38-43B0-9A78-270F395F13E8--INT_ASM_PRODUCTION/HG00558/assemblies/freeze_2/HG00558_mat_hprc_r2_v1.fa.gz
HG00639_hap1,s3://human-pangenomics/submissions/DC27718F-5F38-43B0-9A78-270F395F13E8--INT_ASM_PRODUCTION/HG00639/assemblies/freeze_2/HG00639_pat_hprc_r2_v1.fa.gz
HG00639_hap2,s3://human-pangenomics/submissions/DC27718F-5F38-43B0-9A78-270F395F13E8--INT_ASM_PRODUCTION/HG00639/assemblies/freeze_2/HG00639_mat_hprc_r2_v1.fa.gz
HG00658_hap1,s3://human-pangenomics/submissions/DC27718F-5F38-43B0-9A78-270F395F13E8--INT_ASM_PRODUCTION/HG00658/assemblies/freeze_2/HG00658_pat_hprc_r2_v1.fa.gz
HG00658_hap2,s3://human-pangenomics/submissions/DC27718F-5F38-43B0-9A78-270F395F13E8--INT_ASM_PRODUCTION/HG00658/assemblies/freeze_2/HG00658_mat_hprc_r2_v1.fa.gz
HG00673_hap1,s3://human-pangenomics/submissions/DC27718F-5F38-43B0-9A78-270F395F13E8--INT_ASM_PRODUCTION/HG00673/assemblies/freeze_2/HG00673_pat_hprc_r2_v1.fa.gz
HG00673_hap2,s3://human-pangenomics/submissions/DC27718F-5F38-43B0-9A78-270F395F13E8--INT_ASM_PRODUCTION/HG00673/assemblies/freeze_2/HG00673_mat_hprc_r2_v1.fa.gz
HG01071_hap1,s3://human-pangenomics/submissions/DC27718F-5F38-43B0-9A78-270F395F13E8--INT_ASM_PRODUCTION/HG01071/assemblies/freeze_2/HG01071_pat_hprc_r2_v1.fa.gz
HG01071_hap2,s3://human-pangenomics/submissions/DC27718F-5F38-43B0-9A78-270F395F13E8--INT_ASM_PRODUCTION/HG01071/assemblies/freeze_2/HG01071_mat_hprc_r2_v1.fa.gz
HG01074_hap1,s3://human-pangenomics/submissions/DC27718F-5F38-43B0-9A78-270F395F13E8--INT_ASM_PRODUCTION/HG01074/assemblies/freeze_2/HG01074_pat_hprc_r2_v1.fa.gz
HG01074_hap2,s3://human-pangenomics/submissions/DC27718F-5F38-43B0-9A78-270F395F13E8--INT_ASM_PRODUCTION/HG01074/assemblies/freeze_2/HG01074_mat_hprc_r2_v1.fa.gz
HG01081_hap1,s3://human-pangenomics/submissions/DC27718F-5F38-43B0-9A78-270F395F13E8--INT_ASM_PRODUCTION/HG01081/assemblies/freeze_2/HG01081_pat_hprc_r2_v1.fa.gz
HG01081_hap2,s3://human-pangenomics/submissions/DC27718F-5F38-43B0-9A78-270F395F13E8--INT_ASM_PRODUCTION/HG01081/assemblies/freeze_2/HG01081_mat_hprc_r2_v1.fa.gz
HG01123_hap1,s3://human-pangenomics/submissions/DC27718F-5F38-43B0-9A78-270F395F13E8--INT_ASM_PRODUCTION/HG01123/assemblies/freeze_2/HG01123_pat_hprc_r2_v1.fa.gz
HG01123_hap2,s3://human-pangenomics/submissions/DC27718F-5F38-43B0-9A78-270F395F13E8--INT_ASM_PRODUCTION/HG01123/assemblies/freeze_2/HG01123_mat_hprc_r2_v1.fa.gz
HG01150_hap1,s3://human-pangenomics/submissions/DC27718F-5F38-43B0-9A78-270F395F13E8--INT_ASM_PRODUCTION/HG01150/assemblies/freeze_2/HG01150_pat_hprc_r2_v1.fa.gz
HG01150_hap2,s3://human-pangenomics/submissions/DC27718F-5F38-43B0-9A78-270F395F13E8--INT_ASM_PRODUCTION/HG01150/assemblies/freeze_2/HG01150_mat_hprc_r2_v1.fa.gz
HG01252_hap1,s3://human-pangenomics/submissions/DC27718F-5F38-43B0-9A78-270F395F13E8--INT_ASM_PRODUCTION/HG01252/assemblies/freeze_2/HG01252_pat_hprc_r2_v1.fa.gz
HG01252_hap2,s3://human-pangenomics/submissions/DC27718F-5F38-43B0-9A78-270F395F13E8--INT_ASM_PRODUCTION/HG01252/assemblies/freeze_2/HG01252_mat_hprc_r2_v1.fa.gz
HG01358_hap1,s3://human-pangenomics/submissions/DC27718F-5F38-43B0-9A78-270F395F13E8--INT_ASM_PRODUCTION/HG01358/assemblies/freeze_2/HG01358_pat_hprc_r2_v1.fa.gz
HG01358_hap2,s3://human-pangenomics/submissions/DC27718F-5F38-43B0-9A78-270F395F13E8--INT_ASM_PRODUCTION/HG01358/assemblies/freeze_2/HG01358_mat_hprc_r2_v1.fa.gz
HG01361_hap1,s3://human-pangenomics/submissions/DC27718F-5F38-43B0-9A78-270F395F13E8--INT_ASM_PRODUCTION/HG01361/assemblies/freeze_2/HG01361_pat_hprc_r2_v1.fa.gz
HG01361_hap2,s3://human-pangenomics/submissions/DC27718F-5F38-43B0-9A78-270F395F13E8--INT_ASM_PRODUCTION/HG01361/assemblies/freeze_2/HG01361_mat_hprc_r2_v1.fa.gz
HG01928_hap1,s3://human-pangenomics/submissions/DC27718F-5F38-43B0-9A78-270F395F13E8--INT_ASM_PRODUCTION/HG01928/assemblies/freeze_2/HG01928_pat_hprc_r2_v1.fa.gz
HG01928_hap2,s3://human-pangenomics/submissions/DC27718F-5F38-43B0-9A78-270F395F13E8--INT_ASM_PRODUCTION/HG01928/assemblies/freeze_2/HG01928_mat_hprc_r2_v1.fa.gz
HG01934_hap1,s3://human-pangenomics/submissions/DC27718F-5F38-43B0-9A78-270F395F13E8--INT_ASM_PRODUCTION/HG01934/assemblies/freeze_2/HG01934_pat_hprc_r2_v1.fa.gz
HG01934_hap2,s3://human-pangenomics/submissions/DC27718F-5F38-43B0-9A78-270F395F13E8--INT_ASM_PRODUCTION/HG01934/assemblies/freeze_2/HG01934_mat_hprc_r2_v1.fa.gz
HG01940_hap1,s3://human-pangenomics/submissions/DC27718F-5F38-43B0-9A78-270F395F13E8--INT_ASM_PRODUCTION/HG01940/assemblies/freeze_2/HG01940_pat_hprc_r2_v1.fa.gz
HG01940_hap2,s3://human-pangenomics/submissions/DC27718F-5F38-43B0-9A78-270F395F13E8--INT_ASM_PRODUCTION/HG01940/assemblies/freeze_2/HG01940_mat_hprc_r2_v1.fa.gz
HG01960_hap1,s3://human-pangenomics/submissions/DC27718F-5F38-43B0-9A78-270F395F13E8--INT_ASM_PRODUCTION/HG01960/assemblies/freeze_2/HG01960_pat_hprc_r2_v1.fa.gz
HG01960_hap2,s3://human-pangenomics/submissions/DC27718F-5F38-43B0-9A78-270F395F13E8--INT_ASM_PRODUCTION/HG01960/assemblies/freeze_2/HG01960_mat_hprc_r2_v1.fa.gz
HG01969_hap1,s3://human-pangenomics/submissions/DC27718F-5F38-43B0-9A78-270F395F13E8--INT_ASM_PRODUCTION/HG01969/assemblies/freeze_2/HG01969_pat_hprc_r2_v1.fa.gz
HG01969_hap2,s3://human-pangenomics/submissions/DC27718F-5F38-43B0-9A78-270F395F13E8--INT_ASM_PRODUCTION/HG01969/assemblies/freeze_2/HG01969_mat_hprc_r2_v1.fa.gz
HG01978_hap1,s3://human-pangenomics/submissions/DC27718F-5F38-43B0-9A78-270F395F13E8--INT_ASM_PRODUCTION/HG01978/assemblies/freeze_2/HG01978_pat_hprc_r2_v1.fa.gz
HG01978_hap2,s3://human-pangenomics/submissions/DC27718F-5F38-43B0-9A78-270F395F13E8--INT_ASM_PRODUCTION/HG01978/assemblies/freeze_2/HG01978_mat_hprc_r2_v1.fa.gz
HG02071_hap1,s3://human-pangenomics/submissions/DC27718F-5F38-43B0-9A78-270F395F13E8--INT_ASM_PRODUCTION/HG02071/assemblies/freeze_2/HG02071_pat_hprc_r2_v1.fa.gz
HG02071_hap2,s3://human-pangenomics/submissions/DC27718F-5F38-43B0-9A78-270F395F13E8--INT_ASM_PRODUCTION/HG02071/assemblies/freeze_2/HG02071_mat_hprc_r2_v1.fa.gz
HG02074_hap1,s3://human-pangenomics/submissions/DC27718F-5F38-43B0-9A78-270F395F13E8--INT_ASM_PRODUCTION/HG02074/assemblies/freeze_2/HG02074_pat_hprc_r2_v1.fa.gz
HG02074_hap2,s3://human-pangenomics/submissions/DC27718F-5F38-43B0-9A78-270F395F13E8--INT_ASM_PRODUCTION/HG02074/assemblies/freeze_2/HG02074_mat_hprc_r2_v1.fa.gz
HG02135_hap1,s3://human-pangenomics/submissions/DC27718F-5F38-43B0-9A78-270F395F13E8--INT_ASM_PRODUCTION/HG02135/assemblies/freeze_2/HG02135_pat_hprc_r2_v1.fa.gz
HG02135_hap2,s3://human-pangenomics/submissions/DC27718F-5F38-43B0-9A78-270F395F13E8--INT_ASM_PRODUCTION/HG02135/assemblies/freeze_2/HG02135_mat_hprc_r2_v1.fa.gz
HG02257_hap1,s3://human-pangenomics/submissions/DC27718F-5F38-43B0-9A78-270F395F13E8--INT_ASM_PRODUCTION/HG02257/assemblies/freeze_2/HG02257_pat_hprc_r2_v1.fa.gz
HG02257_hap2,s3://human-pangenomics/submissions/DC27718F-5F38-43B0-9A78-270F395F13E8--INT_ASM_PRODUCTION/HG02257/assemblies/freeze_2/HG02257_mat_hprc_r2_v1.fa.gz
HG02668_hap1,s3://human-pangenomics/submissions/DC27718F-5F38-43B0-9A78-270F395F13E8--INT_ASM_PRODUCTION/HG02668/assemblies/freeze_2/HG02668_pat_hprc_r2_v1.fa.gz
HG02668_hap2,s3://human-pangenomics/submissions/DC27718F-5F38-43B0-9A78-270F395F13E8--INT_ASM_PRODUCTION/HG02668/assemblies/freeze_2/HG02668_mat_hprc_r2_v1.fa.gz
HG02717_hap1,s3://human-pangenomics/submissions/DC27718F-5F38-43B0-9A78-270F395F13E8--INT_ASM_PRODUCTION/HG02717/assemblies/freeze_2/HG02717_pat_hprc_r2_v1.fa.gz
HG02717_hap2,s3://human-pangenomics/submissions/DC27718F-5F38-43B0-9A78-270F395F13E8--INT_ASM_PRODUCTION/HG02717/assemblies/freeze_2/HG02717_mat_hprc_r2_v1.fa.gz
HG02809_hap1,s3://human-pangenomics/submissions/DC27718F-5F38-43B0-9A78-270F395F13E8--INT_ASM_PRODUCTION/HG02809/assemblies/freeze_2/HG02809_pat_hprc_r2_v1.fa.gz
HG02809_hap2,s3://human-pangenomics/submissions/DC27718F-5F38-43B0-9A78-270F395F13E8--INT_ASM_PRODUCTION/HG02809/assemblies/freeze_2/HG02809_mat_hprc_r2_v1.fa.gz
HG03017_hap1,s3://human-pangenomics/submissions/DC27718F-5F38-43B0-9A78-270F395F13E8--INT_ASM_PRODUCTION/HG03017/assemblies/freeze_2/HG03017_pat_hprc_r2_v1.fa.gz
HG03017_hap2,s3://human-pangenomics/submissions/DC27718F-5F38-43B0-9A78-270F395F13E8--INT_ASM_PRODUCTION/HG03017/assemblies/freeze_2/HG03017_mat_hprc_r2_v1.fa.gz
HG03041_hap1,s3://human-pangenomics/submissions/DC27718F-5F38-43B0-9A78-270F395F13E8--INT_ASM_PRODUCTION/HG03041/assemblies/freeze_2/HG03041_pat_hprc_r2_v1.fa.gz
HG03041_hap2,s3://human-pangenomics/submissions/DC27718F-5F38-43B0-9A78-270F395F13E8--INT_ASM_PRODUCTION/HG03041/assemblies/freeze_2/HG03041_mat_hprc_r2_v1.fa.gz
HG03239_hap1,s3://human-pangenomics/submissions/DC27718F-5F38-43B0-9A78-270F395F13E8--INT_ASM_PRODUCTION/HG03239/assemblies/freeze_2/HG03239_pat_hprc_r2_v1.fa.gz
HG03239_hap2,s3://human-pangenomics/submissions/DC27718F-5F38-43B0-9A78-270F395F13E8--INT_ASM_PRODUCTION/HG03239/assemblies/freeze_2/HG03239_mat_hprc_r2_v1.fa.gz
HG03516_hap1,s3://human-pangenomics/submissions/DC27718F-5F38-43B0-9A78-270F395F13E8--INT_ASM_PRODUCTION/HG03516/assemblies/freeze_2/HG03516_pat_hprc_r2_v1.fa.gz
HG03516_hap2,s3://human-pangenomics/submissions/DC27718F-5F38-43B0-9A78-270F395F13E8--INT_ASM_PRODUCTION/HG03516/assemblies/freeze_2/HG03516_mat_hprc_r2_v1.fa.gz
HG03804_hap1,s3://human-pangenomics/submissions/DC27718F-5F38-43B0-9A78-270F395F13E8--INT_ASM_PRODUCTION/HG03804/assemblies/freeze_2/HG03804_pat_hprc_r2_v1.fa.gz
HG03804_hap2,s3://human-pangenomics/submissions/DC27718F-5F38-43B0-9A78-270F395F13E8--INT_ASM_PRODUCTION/HG03804/assemblies/freeze_2/HG03804_mat_hprc_r2_v1.fa.gz
HG03942_hap1,s3://human-pangenomics/submissions/DC27718F-5F38-43B0-9A78-270F395F13E8--INT_ASM_PRODUCTION/HG03942/assemblies/freeze_2/HG03942_pat_hprc_r2_v1.fa.gz
HG03942_hap2,s3://human-pangenomics/submissions/DC27718F-5F38-43B0-9A78-270F395F13E8--INT_ASM_PRODUCTION/HG03942/assemblies/freeze_2/HG03942_mat_hprc_r2_v1.fa.gz
HG04157_hap1,s3://human-pangenomics/submissions/DC27718F-5F38-43B0-9A78-270F395F13E8--INT_ASM_PRODUCTION/HG04157/assemblies/freeze_2/HG04157_pat_hprc_r2_v1.fa.gz
HG04157_hap2,s3://human-pangenomics/submissions/DC27718F-5F38-43B0-9A78-270F395F13E8--INT_ASM_PRODUCTION/HG04157/assemblies/freeze_2/HG04157_mat_hprc_r2_v1.fa.gz
HG04160_hap1,s3://human-pangenomics/submissions/DC27718F-5F38-43B0-9A78-270F395F13E8--INT_ASM_PRODUCTION/HG04160/assemblies/freeze_2/HG04160_pat_hprc_r2_v1.fa.gz
HG04160_hap2,s3://human-pangenomics/submissions/DC27718F-5F38-43B0-9A78-270F395F13E8--INT_ASM_PRODUCTION/HG04160/assemblies/freeze_2/HG04160_mat_hprc_r2_v1.fa.gz
HG04204_hap1,s3://human-pangenomics/submissions/DC27718F-5F38-43B0-9A78-270F395F13E8--INT_ASM_PRODUCTION/HG04204/assemblies/freeze_2/HG04204_pat_hprc_r2_v1.fa.gz
HG04204_hap2,s3://human-pangenomics/submissions/DC27718F-5F38-43B0-9A78-270F395F13E8--INT_ASM_PRODUCTION/HG04204/assemblies/freeze_2/HG04204_mat_hprc_r2_v1.fa.gz
HG04228_hap1,s3://human-pangenomics/submissions/DC27718F-5F38-43B0-9A78-270F395F13E8--INT_ASM_PRODUCTION/HG04228/assemblies/freeze_2/HG04228_pat_hprc_r2_v1.fa.gz
HG04228_hap2,s3://human-pangenomics/submissions/DC27718F-5F38-43B0-9A78-270F395F13E8--INT_ASM_PRODUCTION/HG04228/assemblies/freeze_2/HG04228_mat_hprc_r2_v1.fa.gz
HG00423_hap1,s3://human-pangenomics/submissions/DC27718F-5F38-43B0-9A78-270F395F13E8--INT_ASM_PRODUCTION/HG00423/assemblies/freeze_2/HG00423_pat_hprc_r2_v1.fa.gz
HG00423_hap2,s3://human-pangenomics/submissions/DC27718F-5F38-43B0-9A78-270F395F13E8--INT_ASM_PRODUCTION/HG00423/assemblies/freeze_2/HG00423_mat_hprc_r2_v1.fa.gz
HG00544_hap1,s3://human-pangenomics/submissions/DC27718F-5F38-43B0-9A78-270F395F13E8--INT_ASM_PRODUCTION/HG00544/assemblies/freeze_2/HG00544_pat_hprc_r2_v1.fa.gz
HG00544_hap2,s3://human-pangenomics/submissions/DC27718F-5F38-43B0-9A78-270F395F13E8--INT_ASM_PRODUCTION/HG00544/assemblies/freeze_2/HG00544_mat_hprc_r2_v1.fa.gz
HG01943_hap1,s3://human-pangenomics/submissions/DC27718F-5F38-43B0-9A78-270F395F13E8--INT_ASM_PRODUCTION/HG01943/assemblies/freeze_2/HG01943_pat_hprc_r2_v1.fa.gz
HG01943_hap2,s3://human-pangenomics/submissions/DC27718F-5F38-43B0-9A78-270F395F13E8--INT_ASM_PRODUCTION/HG01943/assemblies/freeze_2/HG01943_mat_hprc_r2_v1.fa.gz
HG02735_hap1,s3://human-pangenomics/submissions/DC27718F-5F38-43B0-9A78-270F395F13E8--INT_ASM_PRODUCTION/HG02735/assemblies/freeze_2/HG02735_pat_hprc_r2_v1.fa.gz
HG02735_hap2,s3://human-pangenomics/submissions/DC27718F-5F38-43B0-9A78-270F395F13E8--INT_ASM_PRODUCTION/HG02735/assemblies/freeze_2/HG02735_mat_hprc_r2_v1.fa.gz
HG03225_hap1,s3://human-pangenomics/submissions/DC27718F-5F38-43B0-9A78-270F395F13E8--INT_ASM_PRODUCTION/HG03225/assemblies/freeze_2/HG03225_hap1_hprc_r2_v1.fa.gz
HG03225_hap2,s3://human-pangenomics/submissions/DC27718F-5F38-43B0-9A78-270F395F13E8--INT_ASM_PRODUCTION/HG03225/assemblies/freeze_2/HG03225_hap2_hprc_r2_v1.fa.gz
HG00126_hap1,s3://human-pangenomics/submissions/DC27718F-5F38-43B0-9A78-270F395F13E8--INT_ASM_PRODUCTION/HG00126/assemblies/freeze_2/HG00126_hap1_hprc_r2_v1.fa.gz
HG00126_hap2,s3://human-pangenomics/submissions/DC27718F-5F38-43B0-9A78-270F395F13E8--INT_ASM_PRODUCTION/HG00126/assemblies/freeze_2/HG00126_hap2_hprc_r2_v1.fa.gz
HG00128_hap1,s3://human-pangenomics/submissions/DC27718F-5F38-43B0-9A78-270F395F13E8--INT_ASM_PRODUCTION/HG00128/assemblies/freeze_2/HG00128_hap1_hprc_r2_v1.fa.gz
HG00128_hap2,s3://human-pangenomics/submissions/DC27718F-5F38-43B0-9A78-270F395F13E8--INT_ASM_PRODUCTION/HG00128/assemblies/freeze_2/HG00128_hap2_hprc_r2_v1.fa.gz
HG00133_hap1,s3://human-pangenomics/submissions/DC27718F-5F38-43B0-9A78-270F395F13E8--INT_ASM_PRODUCTION/HG00133/assemblies/freeze_2/HG00133_hap1_hprc_r2_v1.fa.gz
HG00133_hap2,s3://human-pangenomics/submissions/DC27718F-5F38-43B0-9A78-270F395F13E8--INT_ASM_PRODUCTION/HG00133/assemblies/freeze_2/HG00133_hap2_hprc_r2_v1.fa.gz
HG00146_hap1,s3://human-pangenomics/submissions/DC27718F-5F38-43B0-9A78-270F395F13E8--INT_ASM_PRODUCTION/HG00146/assemblies/freeze_2/HG00146_hap1_hprc_r2_v1.fa.gz
HG00146_hap2,s3://human-pangenomics/submissions/DC27718F-5F38-43B0-9A78-270F395F13E8--INT_ASM_PRODUCTION/HG00146/assemblies/freeze_2/HG00146_hap2_hprc_r2_v1.fa.gz
HG00232_hap1,s3://human-pangenomics/submissions/DC27718F-5F38-43B0-9A78-270F395F13E8--INT_ASM_PRODUCTION/HG00232/assemblies/freeze_2/HG00232_hap1_hprc_r2_v1.fa.gz
HG00232_hap2,s3://human-pangenomics/submissions/DC27718F-5F38-43B0-9A78-270F395F13E8--INT_ASM_PRODUCTION/HG00232/assemblies/freeze_2/HG00232_hap2_hprc_r2_v1.fa.gz
HG00290_hap1,s3://human-pangenomics/submissions/DC27718F-5F38-43B0-9A78-270F395F13E8--INT_ASM_PRODUCTION/HG00290/assemblies/freeze_2/HG00290_hap1_hprc_r2_v1.fa.gz
HG00290_hap2,s3://human-pangenomics/submissions/DC27718F-5F38-43B0-9A78-270F395F13E8--INT_ASM_PRODUCTION/HG00290/assemblies/freeze_2/HG00290_hap2_hprc_r2_v1.fa.gz
HG00320_hap1,s3://human-pangenomics/submissions/DC27718F-5F38-43B0-9A78-270F395F13E8--INT_ASM_PRODUCTION/HG00320/assemblies/freeze_2/HG00320_hap1_hprc_r2_v1.fa.gz
HG00320_hap2,s3://human-pangenomics/submissions/DC27718F-5F38-43B0-9A78-270F395F13E8--INT_ASM_PRODUCTION/HG00320/assemblies/freeze_2/HG00320_hap2_hprc_r2_v1.fa.gz
HG00321_hap1,s3://human-pangenomics/submissions/DC27718F-5F38-43B0-9A78-270F395F13E8--INT_ASM_PRODUCTION/HG00321/assemblies/freeze_2/HG00321_hap1_hprc_r2_v1.fa.gz
HG00321_hap2,s3://human-pangenomics/submissions/DC27718F-5F38-43B0-9A78-270F395F13E8--INT_ASM_PRODUCTION/HG00321/assemblies/freeze_2/HG00321_hap2_hprc_r2_v1.fa.gz
HG01786_hap1,s3://human-pangenomics/submissions/DC27718F-5F38-43B0-9A78-270F395F13E8--INT_ASM_PRODUCTION/HG01786/assemblies/freeze_2/HG01786_hap1_hprc_r2_v1.fa.gz
HG01786_hap2,s3://human-pangenomics/submissions/DC27718F-5F38-43B0-9A78-270F395F13E8--INT_ASM_PRODUCTION/HG01786/assemblies/freeze_2/HG01786_hap2_hprc_r2_v1.fa.gz
HG02178_hap1,s3://human-pangenomics/submissions/DC27718F-5F38-43B0-9A78-270F395F13E8--INT_ASM_PRODUCTION/HG02178/assemblies/freeze_2/HG02178_hap1_hprc_r2_v1.fa.gz
HG02178_hap2,s3://human-pangenomics/submissions/DC27718F-5F38-43B0-9A78-270F395F13E8--INT_ASM_PRODUCTION/HG02178/assemblies/freeze_2/HG02178_hap2_hprc_r2_v1.fa.gz
HG02583_hap1,s3://human-pangenomics/submissions/DC27718F-5F38-43B0-9A78-270F395F13E8--INT_ASM_PRODUCTION/HG02583/assemblies/freeze_2/HG02583_hap1_hprc_r2_v1.fa.gz
HG02583_hap2,s3://human-pangenomics/submissions/DC27718F-5F38-43B0-9A78-270F395F13E8--INT_ASM_PRODUCTION/HG02583/assemblies/freeze_2/HG02583_hap2_hprc_r2_v1.fa.gz
HG03270_hap1,s3://human-pangenomics/submissions/DC27718F-5F38-43B0-9A78-270F395F13E8--INT_ASM_PRODUCTION/HG03270/assemblies/freeze_2/HG03270_hap1_hprc_r2_v1.fa.gz
HG03270_hap2,s3://human-pangenomics/submissions/DC27718F-5F38-43B0-9A78-270F395F13E8--INT_ASM_PRODUCTION/HG03270/assemblies/freeze_2/HG03270_hap2_hprc_r2_v1.fa.gz
HG03583_hap1,s3://human-pangenomics/submissions/DC27718F-5F38-43B0-9A78-270F395F13E8--INT_ASM_PRODUCTION/HG03583/assemblies/freeze_2/HG03583_hap1_hprc_r2_v1.fa.gz
HG03583_hap2,s3://human-pangenomics/submissions/DC27718F-5F38-43B0-9A78-270F395F13E8--INT_ASM_PRODUCTION/HG03583/assemblies/freeze_2/HG03583_hap2_hprc_r2_v1.fa.gz
HG03874_hap1,s3://human-pangenomics/submissions/DC27718F-5F38-43B0-9A78-270F395F13E8--INT_ASM_PRODUCTION/HG03874/assemblies/freeze_2/HG03874_hap1_hprc_r2_v1.fa.gz
HG03874_hap2,s3://human-pangenomics/submissions/DC27718F-5F38-43B0-9A78-270F395F13E8--INT_ASM_PRODUCTION/HG03874/assemblies/freeze_2/HG03874_hap2_hprc_r2_v1.fa.gz
NA18505_hap1,s3://human-pangenomics/submissions/DC27718F-5F38-43B0-9A78-270F395F13E8--INT_ASM_PRODUCTION/NA18505/assemblies/freeze_2/NA18505_hap1_hprc_r2_v1.fa.gz
NA18505_hap2,s3://human-pangenomics/submissions/DC27718F-5F38-43B0-9A78-270F395F13E8--INT_ASM_PRODUCTION/NA18505/assemblies/freeze_2/NA18505_hap2_hprc_r2_v1.fa.gz
NA18508_hap1,s3://human-pangenomics/submissions/DC27718F-5F38-43B0-9A78-270F395F13E8--INT_ASM_PRODUCTION/NA18508/assemblies/freeze_2/NA18508_hap1_hprc_r2_v1.fa.gz
NA18508_hap2,s3://human-pangenomics/submissions/DC27718F-5F38-43B0-9A78-270F395F13E8--INT_ASM_PRODUCTION/NA18508/assemblies/freeze_2/NA18508_hap2_hprc_r2_v1.fa.gz
NA18608_hap1,s3://human-pangenomics/submissions/DC27718F-5F38-43B0-9A78-270F395F13E8--INT_ASM_PRODUCTION/NA18608/assemblies/freeze_2/NA18608_hap1_hprc_r2_v1.fa.gz
NA18608_hap2,s3://human-pangenomics/submissions/DC27718F-5F38-43B0-9A78-270F395F13E8--INT_ASM_PRODUCTION/NA18608/assemblies/freeze_2/NA18608_hap2_hprc_r2_v1.fa.gz
NA18620_hap1,s3://human-pangenomics/submissions/DC27718F-5F38-43B0-9A78-270F395F13E8--INT_ASM_PRODUCTION/NA18620/assemblies/freeze_2/NA18620_hap1_hprc_r2_v1.fa.gz
NA18620_hap2,s3://human-pangenomics/submissions/DC27718F-5F38-43B0-9A78-270F395F13E8--INT_ASM_PRODUCTION/NA18620/assemblies/freeze_2/NA18620_hap2_hprc_r2_v1.fa.gz
NA18952_hap1,s3://human-pangenomics/submissions/DC27718F-5F38-43B0-9A78-270F395F13E8--INT_ASM_PRODUCTION/NA18952/assemblies/freeze_2/NA18952_hap1_hprc_r2_v1.fa.gz
NA18952_hap2,s3://human-pangenomics/submissions/DC27718F-5F38-43B0-9A78-270F395F13E8--INT_ASM_PRODUCTION/NA18952/assemblies/freeze_2/NA18952_hap2_hprc_r2_v1.fa.gz
NA18974_hap1,s3://human-pangenomics/submissions/DC27718F-5F38-43B0-9A78-270F395F13E8--INT_ASM_PRODUCTION/NA18974/assemblies/freeze_2/NA18974_hap1_hprc_r2_v1.fa.gz
NA18974_hap2,s3://human-pangenomics/submissions/DC27718F-5F38-43B0-9A78-270F395F13E8--INT_ASM_PRODUCTION/NA18974/assemblies/freeze_2/NA18974_hap2_hprc_r2_v1.fa.gz
NA18976_hap1,s3://human-pangenomics/submissions/DC27718F-5F38-43B0-9A78-270F395F13E8--INT_ASM_PRODUCTION/NA18976/assemblies/freeze_2/NA18976_hap1_hprc_r2_v1.fa.gz
NA18976_hap2,s3://human-pangenomics/submissions/DC27718F-5F38-43B0-9A78-270F395F13E8--INT_ASM_PRODUCTION/NA18976/assemblies/freeze_2/NA18976_hap2_hprc_r2_v1.fa.gz
NA19036_hap1,s3://human-pangenomics/submissions/DC27718F-5F38-43B0-9A78-270F395F13E8--INT_ASM_PRODUCTION/NA19036/assemblies/freeze_2/NA19036_hap1_hprc_r2_v1.fa.gz
NA19036_hap2,s3://human-pangenomics/submissions/DC27718F-5F38-43B0-9A78-270F395F13E8--INT_ASM_PRODUCTION/NA19036/assemblies/freeze_2/NA19036_hap2_hprc_r2_v1.fa.gz
NA19443_hap1,s3://human-pangenomics/submissions/DC27718F-5F38-43B0-9A78-270F395F13E8--INT_ASM_PRODUCTION/NA19443/assemblies/freeze_2/NA19443_hap1_hprc_r2_v1.fa.gz
NA19443_hap2,s3://human-pangenomics/submissions/DC27718F-5F38-43B0-9A78-270F395F13E8--INT_ASM_PRODUCTION/NA19443/assemblies/freeze_2/NA19443_hap2_hprc_r2_v1.fa.gz
NA19700_hap1,s3://human-pangenomics/submissions/DC27718F-5F38-43B0-9A78-270F395F13E8--INT_ASM_PRODUCTION/NA19700/assemblies/freeze_2/NA19700_hap1_hprc_r2_v1.fa.gz
NA19700_hap2,s3://human-pangenomics/submissions/DC27718F-5F38-43B0-9A78-270F395F13E8--INT_ASM_PRODUCTION/NA19700/assemblies/freeze_2/NA19700_hap2_hprc_r2_v1.fa.gz
NA20870_hap1,s3://human-pangenomics/submissions/DC27718F-5F38-43B0-9A78-270F395F13E8--INT_ASM_PRODUCTION/NA20870/assemblies/freeze_2/NA20870_hap1_hprc_r2_v1.fa.gz
NA20870_hap2,s3://human-pangenomics/submissions/DC27718F-5F38-43B0-9A78-270F395F13E8--INT_ASM_PRODUCTION/NA20870/assemblies/freeze_2/NA20870_hap2_hprc_r2_v1.fa.gz
NA21093_hap1,s3://human-pangenomics/submissions/DC27718F-5F38-43B0-9A78-270F395F13E8--INT_ASM_PRODUCTION/NA21093/assemblies/freeze_2/NA21093_hap1_hprc_r2_v1.fa.gz
NA21093_hap2,s3://human-pangenomics/submissions/DC27718F-5F38-43B0-9A78-270F395F13E8--INT_ASM_PRODUCTION/NA21093/assemblies/freeze_2/NA21093_hap2_hprc_r2_v1.fa.gz
NA21106_hap1,s3://human-pangenomics/submissions/DC27718F-5F38-43B0-9A78-270F395F13E8--INT_ASM_PRODUCTION/NA21106/assemblies/freeze_2/NA21106_hap1_hprc_r2_v1.fa.gz
NA21106_hap2,s3://human-pangenomics/submissions/DC27718F-5F38-43B0-9A78-270F395F13E8--INT_ASM_PRODUCTION/NA21106/assemblies/freeze_2/NA21106_hap2_hprc_r2_v1.fa.gz
NA21110_hap1,s3://human-pangenomics/submissions/DC27718F-5F38-43B0-9A78-270F395F13E8--INT_ASM_PRODUCTION/NA21110/assemblies/freeze_2/NA21110_hap1_hprc_r2_v1.fa.gz
NA21110_hap2,s3://human-pangenomics/submissions/DC27718F-5F38-43B0-9A78-270F395F13E8--INT_ASM_PRODUCTION/NA21110/assemblies/freeze_2/NA21110_hap2_hprc_r2_v1.fa.gz
HG00735_hap1,s3://human-pangenomics/submissions/DC27718F-5F38-43B0-9A78-270F395F13E8--INT_ASM_PRODUCTION/HG00735/assemblies/freeze_2/HG00735_pat_hprc_r2_v1.fa.gz
HG00735_hap2,s3://human-pangenomics/submissions/DC27718F-5F38-43B0-9A78-270F395F13E8--INT_ASM_PRODUCTION/HG00735/assemblies/freeze_2/HG00735_mat_hprc_r2_v1.fa.gz
HG02155_hap1,s3://human-pangenomics/submissions/DC27718F-5F38-43B0-9A78-270F395F13E8--INT_ASM_PRODUCTION/HG02155/assemblies/freeze_2/HG02155_hap1_hprc_r2_v1.fa.gz
HG02155_hap2,s3://human-pangenomics/submissions/DC27718F-5F38-43B0-9A78-270F395F13E8--INT_ASM_PRODUCTION/HG02155/assemblies/freeze_2/HG02155_hap2_hprc_r2_v1.fa.gz
HG02630_hap1,s3://human-pangenomics/submissions/DC27718F-5F38-43B0-9A78-270F395F13E8--INT_ASM_PRODUCTION/HG02630/assemblies/freeze_2/HG02630_pat_hprc_r2_v1.fa.gz
HG02630_hap2,s3://human-pangenomics/submissions/DC27718F-5F38-43B0-9A78-270F395F13E8--INT_ASM_PRODUCTION/HG02630/assemblies/freeze_2/HG02630_mat_hprc_r2_v1.fa.gz
HG03139_hap1,s3://human-pangenomics/submissions/DC27718F-5F38-43B0-9A78-270F395F13E8--INT_ASM_PRODUCTION/HG03139/assemblies/freeze_2/HG03139_hap1_hprc_r2_v1.fa.gz
HG03139_hap2,s3://human-pangenomics/submissions/DC27718F-5F38-43B0-9A78-270F395F13E8--INT_ASM_PRODUCTION/HG03139/assemblies/freeze_2/HG03139_hap2_hprc_r2_v1.fa.gz
HG03470_hap1,s3://human-pangenomics/submissions/DC27718F-5F38-43B0-9A78-270F395F13E8--INT_ASM_PRODUCTION/HG03470/assemblies/freeze_2/HG03470_hap1_hprc_r2_v1.fa.gz
HG03470_hap2,s3://human-pangenomics/submissions/DC27718F-5F38-43B0-9A78-270F395F13E8--INT_ASM_PRODUCTION/HG03470/assemblies/freeze_2/HG03470_hap2_hprc_r2_v1.fa.gz
HG03579_hap1,s3://human-pangenomics/submissions/DC27718F-5F38-43B0-9A78-270F395F13E8--INT_ASM_PRODUCTION/HG03579/assemblies/freeze_2/HG03579_pat_hprc_r2_v1.fa.gz
HG03579_hap2,s3://human-pangenomics/submissions/DC27718F-5F38-43B0-9A78-270F395F13E8--INT_ASM_PRODUCTION/HG03579/assemblies/freeze_2/HG03579_mat_hprc_r2_v1.fa.gz
NA20805_hap1,s3://human-pangenomics/submissions/DC27718F-5F38-43B0-9A78-270F395F13E8--INT_ASM_PRODUCTION/NA20805/assemblies/freeze_2/NA20805_hap1_hprc_r2_v1.fa.gz
NA20805_hap2,s3://human-pangenomics/submissions/DC27718F-5F38-43B0-9A78-270F395F13E8--INT_ASM_PRODUCTION/NA20805/assemblies/freeze_2/NA20805_hap2_hprc_r2_v1.fa.gz
HG01109_hap1,s3://human-pangenomics/submissions/DC27718F-5F38-43B0-9A78-270F395F13E8--INT_ASM_PRODUCTION/HG01109/assemblies/freeze_2/HG01109_pat_hprc_r2_v1.fa.gz
HG01109_hap2,s3://human-pangenomics/submissions/DC27718F-5F38-43B0-9A78-270F395F13E8--INT_ASM_PRODUCTION/HG01109/assemblies/freeze_2/HG01109_mat_hprc_r2_v1.fa.gz
HG02055_hap1,s3://human-pangenomics/submissions/DC27718F-5F38-43B0-9A78-270F395F13E8--INT_ASM_PRODUCTION/HG02055/assemblies/freeze_2/HG02055_pat_hprc_r2_v1.fa.gz
HG02055_hap2,s3://human-pangenomics/submissions/DC27718F-5F38-43B0-9A78-270F395F13E8--INT_ASM_PRODUCTION/HG02055/assemblies/freeze_2/HG02055_mat_hprc_r2_v1.fa.gz
HG02080_hap1,s3://human-pangenomics/submissions/DC27718F-5F38-43B0-9A78-270F395F13E8--INT_ASM_PRODUCTION/HG02080/assemblies/freeze_2/HG02080_pat_hprc_r2_v1.fa.gz
HG02080_hap2,s3://human-pangenomics/submissions/DC27718F-5F38-43B0-9A78-270F395F13E8--INT_ASM_PRODUCTION/HG02080/assemblies/freeze_2/HG02080_mat_hprc_r2_v1.fa.gz
HG02109_hap1,s3://human-pangenomics/submissions/DC27718F-5F38-43B0-9A78-270F395F13E8--INT_ASM_PRODUCTION/HG02109/assemblies/freeze_2/HG02109_pat_hprc_r2_v1.fa.gz
HG02109_hap2,s3://human-pangenomics/submissions/DC27718F-5F38-43B0-9A78-270F395F13E8--INT_ASM_PRODUCTION/HG02109/assemblies/freeze_2/HG02109_mat_hprc_r2_v1.fa.gz
HG02723_hap1,s3://human-pangenomics/submissions/DC27718F-5F38-43B0-9A78-270F395F13E8--INT_ASM_PRODUCTION/HG02723/assemblies/freeze_2/HG02723_pat_hprc_r2_v1.fa.gz
HG02723_hap2,s3://human-pangenomics/submissions/DC27718F-5F38-43B0-9A78-270F395F13E8--INT_ASM_PRODUCTION/HG02723/assemblies/freeze_2/HG02723_mat_hprc_r2_v1.fa.gz
HG02818_hap1,s3://human-pangenomics/submissions/DC27718F-5F38-43B0-9A78-270F395F13E8--INT_ASM_PRODUCTION/HG02818/assemblies/freeze_2/HG02818_pat_hprc_r2_v1.fa.gz
HG02818_hap2,s3://human-pangenomics/submissions/DC27718F-5F38-43B0-9A78-270F395F13E8--INT_ASM_PRODUCTION/HG02818/assemblies/freeze_2/HG02818_mat_hprc_r2_v1.fa.gz
HG03098_hap1,s3://human-pangenomics/submissions/DC27718F-5F38-43B0-9A78-270F395F13E8--INT_ASM_PRODUCTION/HG03098/assemblies/freeze_2/HG03098_pat_hprc_r2_v1.fa.gz
HG03098_hap2,s3://human-pangenomics/submissions/DC27718F-5F38-43B0-9A78-270F395F13E8--INT_ASM_PRODUCTION/HG03098/assemblies/freeze_2/HG03098_mat_hprc_r2_v1.fa.gz
HG03486_hap1,s3://human-pangenomics/submissions/DC27718F-5F38-43B0-9A78-270F395F13E8--INT_ASM_PRODUCTION/HG03486/assemblies/freeze_2/HG03486_pat_hprc_r2_v1.fa.gz
HG03486_hap2,s3://human-pangenomics/submissions/DC27718F-5F38-43B0-9A78-270F395F13E8--INT_ASM_PRODUCTION/HG03486/assemblies/freeze_2/HG03486_mat_hprc_r2_v1.fa.gz
NA18906_hap1,s3://human-pangenomics/submissions/DC27718F-5F38-43B0-9A78-270F395F13E8--INT_ASM_PRODUCTION/NA18906/assemblies/freeze_2/NA18906_pat_hprc_r2_v1.fa.gz
NA18906_hap2,s3://human-pangenomics/submissions/DC27718F-5F38-43B0-9A78-270F395F13E8--INT_ASM_PRODUCTION/NA18906/assemblies/freeze_2/NA18906_mat_hprc_r2_v1.fa.gz
NA20129_hap1,s3://human-pangenomics/submissions/DC27718F-5F38-43B0-9A78-270F395F13E8--INT_ASM_PRODUCTION/NA20129/assemblies/freeze_2/NA20129_pat_hprc_r2_v1.fa.gz
NA20129_hap2,s3://human-pangenomics/submissions/DC27718F-5F38-43B0-9A78-270F395F13E8--INT_ASM_PRODUCTION/NA20129/assemblies/freeze_2/NA20129_mat_hprc_r2_v1.fa.gz
NA21309_hap1,s3://human-pangenomics/submissions/DC27718F-5F38-43B0-9A78-270F395F13E8--INT_ASM_PRODUCTION/NA21309/assemblies/freeze_2/NA21309_pat_hprc_r2_v1.fa.gz
NA21309_hap2,s3://human-pangenomics/submissions/DC27718F-5F38-43B0-9A78-270F395F13E8--INT_ASM_PRODUCTION/NA21309/assemblies/freeze_2/NA21309_mat_hprc_r2_v1.fa.gz
HG00097_hap1,s3://human-pangenomics/submissions/DC27718F-5F38-43B0-9A78-270F395F13E8--INT_ASM_PRODUCTION/HG00097/assemblies/freeze_2/HG00097_hap1_hprc_r2_v1.fa.gz
HG00097_hap2,s3://human-pangenomics/submissions/DC27718F-5F38-43B0-9A78-270F395F13E8--INT_ASM_PRODUCTION/HG00097/assemblies/freeze_2/HG00097_hap2_hprc_r2_v1.fa.gz
HG00235_hap1,s3://human-pangenomics/submissions/DC27718F-5F38-43B0-9A78-270F395F13E8--INT_ASM_PRODUCTION/HG00235/assemblies/freeze_2/HG00235_hap1_hprc_r2_v1.fa.gz
HG00235_hap2,s3://human-pangenomics/submissions/DC27718F-5F38-43B0-9A78-270F395F13E8--INT_ASM_PRODUCTION/HG00235/assemblies/freeze_2/HG00235_hap2_hprc_r2_v1.fa.gz
HG00253_hap1,s3://human-pangenomics/submissions/DC27718F-5F38-43B0-9A78-270F395F13E8--INT_ASM_PRODUCTION/HG00253/assemblies/freeze_2/HG00253_hap1_hprc_r2_v1.fa.gz
HG00253_hap2,s3://human-pangenomics/submissions/DC27718F-5F38-43B0-9A78-270F395F13E8--INT_ASM_PRODUCTION/HG00253/assemblies/freeze_2/HG00253_hap2_hprc_r2_v1.fa.gz
HG00272_hap1,s3://human-pangenomics/submissions/DC27718F-5F38-43B0-9A78-270F395F13E8--INT_ASM_PRODUCTION/HG00272/assemblies/freeze_2/HG00272_hap1_hprc_r2_v1.fa.gz
HG00272_hap2,s3://human-pangenomics/submissions/DC27718F-5F38-43B0-9A78-270F395F13E8--INT_ASM_PRODUCTION/HG00272/assemblies/freeze_2/HG00272_hap2_hprc_r2_v1.fa.gz
HG00329_hap1,s3://human-pangenomics/submissions/DC27718F-5F38-43B0-9A78-270F395F13E8--INT_ASM_PRODUCTION/HG00329/assemblies/freeze_2/HG00329_hap1_hprc_r2_v1.fa.gz
HG00329_hap2,s3://human-pangenomics/submissions/DC27718F-5F38-43B0-9A78-270F395F13E8--INT_ASM_PRODUCTION/HG00329/assemblies/freeze_2/HG00329_hap2_hprc_r2_v1.fa.gz
HG00344_hap1,s3://human-pangenomics/submissions/DC27718F-5F38-43B0-9A78-270F395F13E8--INT_ASM_PRODUCTION/HG00344/assemblies/freeze_2/HG00344_hap1_hprc_r2_v1.fa.gz
HG00344_hap2,s3://human-pangenomics/submissions/DC27718F-5F38-43B0-9A78-270F395F13E8--INT_ASM_PRODUCTION/HG00344/assemblies/freeze_2/HG00344_hap2_hprc_r2_v1.fa.gz
HG00350_hap1,s3://human-pangenomics/submissions/DC27718F-5F38-43B0-9A78-270F395F13E8--INT_ASM_PRODUCTION/HG00350/assemblies/freeze_2/HG00350_hap1_hprc_r2_v1.fa.gz
HG00350_hap2,s3://human-pangenomics/submissions/DC27718F-5F38-43B0-9A78-270F395F13E8--INT_ASM_PRODUCTION/HG00350/assemblies/freeze_2/HG00350_hap2_hprc_r2_v1.fa.gz
HG01167_hap1,s3://human-pangenomics/submissions/DC27718F-5F38-43B0-9A78-270F395F13E8--INT_ASM_PRODUCTION/HG01167/assemblies/freeze_2/HG01167_hap1_hprc_r2_v1.fa.gz
HG01167_hap2,s3://human-pangenomics/submissions/DC27718F-5F38-43B0-9A78-270F395F13E8--INT_ASM_PRODUCTION/HG01167/assemblies/freeze_2/HG01167_hap2_hprc_r2_v1.fa.gz
HG03369_hap1,s3://human-pangenomics/submissions/DC27718F-5F38-43B0-9A78-270F395F13E8--INT_ASM_PRODUCTION/HG03369/assemblies/freeze_2/HG03369_hap1_hprc_r2_v1.fa.gz
HG03369_hap2,s3://human-pangenomics/submissions/DC27718F-5F38-43B0-9A78-270F395F13E8--INT_ASM_PRODUCTION/HG03369/assemblies/freeze_2/HG03369_hap2_hprc_r2_v1.fa.gz
HG03521_hap1,s3://human-pangenomics/submissions/DC27718F-5F38-43B0-9A78-270F395F13E8--INT_ASM_PRODUCTION/HG03521/assemblies/freeze_2/HG03521_hap1_hprc_r2_v1.fa.gz
HG03521_hap2,s3://human-pangenomics/submissions/DC27718F-5F38-43B0-9A78-270F395F13E8--INT_ASM_PRODUCTION/HG03521/assemblies/freeze_2/HG03521_hap2_hprc_r2_v1.fa.gz
HG03784_hap1,s3://human-pangenomics/submissions/DC27718F-5F38-43B0-9A78-270F395F13E8--INT_ASM_PRODUCTION/HG03784/assemblies/freeze_2/HG03784_hap1_hprc_r2_v1.fa.gz
HG03784_hap2,s3://human-pangenomics/submissions/DC27718F-5F38-43B0-9A78-270F395F13E8--INT_ASM_PRODUCTION/HG03784/assemblies/freeze_2/HG03784_hap2_hprc_r2_v1.fa.gz
NA18565_hap1,s3://human-pangenomics/submissions/DC27718F-5F38-43B0-9A78-270F395F13E8--INT_ASM_PRODUCTION/NA18565/assemblies/freeze_2/NA18565_hap1_hprc_r2_v1.fa.gz
NA18565_hap2,s3://human-pangenomics/submissions/DC27718F-5F38-43B0-9A78-270F395F13E8--INT_ASM_PRODUCTION/NA18565/assemblies/freeze_2/NA18565_hap2_hprc_r2_v1.fa.gz
NA19682_hap1,s3://human-pangenomics/submissions/DC27718F-5F38-43B0-9A78-270F395F13E8--INT_ASM_PRODUCTION/NA19682/assemblies/freeze_2/NA19682_hap1_hprc_r2_v1.fa.gz
NA19682_hap2,s3://human-pangenomics/submissions/DC27718F-5F38-43B0-9A78-270F395F13E8--INT_ASM_PRODUCTION/NA19682/assemblies/freeze_2/NA19682_hap2_hprc_r2_v1.fa.gz
NA19776_hap1,s3://human-pangenomics/submissions/DC27718F-5F38-43B0-9A78-270F395F13E8--INT_ASM_PRODUCTION/NA19776/assemblies/freeze_2/NA19776_hap1_hprc_r2_v1.fa.gz
NA19776_hap2,s3://human-pangenomics/submissions/DC27718F-5F38-43B0-9A78-270F395F13E8--INT_ASM_PRODUCTION/NA19776/assemblies/freeze_2/NA19776_hap2_hprc_r2_v1.fa.gz
NA19835_hap1,s3://human-pangenomics/submissions/DC27718F-5F38-43B0-9A78-270F395F13E8--INT_ASM_PRODUCTION/NA19835/assemblies/freeze_2/NA19835_hap1_hprc_r2_v1.fa.gz
NA19835_hap2,s3://human-pangenomics/submissions/DC27718F-5F38-43B0-9A78-270F395F13E8--INT_ASM_PRODUCTION/NA19835/assemblies/freeze_2/NA19835_hap2_hprc_r2_v1.fa.gz
NA19909_hap1,s3://human-pangenomics/submissions/DC27718F-5F38-43B0-9A78-270F395F13E8--INT_ASM_PRODUCTION/NA19909/assemblies/freeze_2/NA19909_hap1_hprc_r2_v1.fa.gz
NA19909_hap2,s3://human-pangenomics/submissions/DC27718F-5F38-43B0-9A78-270F395F13E8--INT_ASM_PRODUCTION/NA19909/assemblies/freeze_2/NA19909_hap2_hprc_r2_v1.fa.gz
NA20282_hap1,s3://human-pangenomics/submissions/DC27718F-5F38-43B0-9A78-270F395F13E8--INT_ASM_PRODUCTION/NA20282/assemblies/freeze_2/NA20282_hap1_hprc_r2_v1.fa.gz
NA20282_hap2,s3://human-pangenomics/submissions/DC27718F-5F38-43B0-9A78-270F395F13E8--INT_ASM_PRODUCTION/NA20282/assemblies/freeze_2/NA20282_hap2_hprc_r2_v1.fa.gz
NA20346_hap1,s3://human-pangenomics/submissions/DC27718F-5F38-43B0-9A78-270F395F13E8--INT_ASM_PRODUCTION/NA20346/assemblies/freeze_2/NA20346_hap1_hprc_r2_v1.fa.gz
NA20346_hap2,s3://human-pangenomics/submissions/DC27718F-5F38-43B0-9A78-270F395F13E8--INT_ASM_PRODUCTION/NA20346/assemblies/freeze_2/NA20346_hap2_hprc_r2_v1.fa.gz
NA20809_hap1,s3://human-pangenomics/submissions/DC27718F-5F38-43B0-9A78-270F395F13E8--INT_ASM_PRODUCTION/NA20809/assemblies/freeze_2/NA20809_hap1_hprc_r2_v1.fa.gz
NA20809_hap2,s3://human-pangenomics/submissions/DC27718F-5F38-43B0-9A78-270F395F13E8--INT_ASM_PRODUCTION/NA20809/assemblies/freeze_2/NA20809_hap2_hprc_r2_v1.fa.gz
NA20850_hap1,s3://human-pangenomics/submissions/DC27718F-5F38-43B0-9A78-270F395F13E8--INT_ASM_PRODUCTION/NA20850/assemblies/freeze_2/NA20850_hap1_hprc_r2_v1.fa.gz
NA20850_hap2,s3://human-pangenomics/submissions/DC27718F-5F38-43B0-9A78-270F395F13E8--INT_ASM_PRODUCTION/NA20850/assemblies/freeze_2/NA20850_hap2_hprc_r2_v1.fa.gz
NA21102_hap1,s3://human-pangenomics/submissions/DC27718F-5F38-43B0-9A78-270F395F13E8--INT_ASM_PRODUCTION/NA21102/assemblies/freeze_2/NA21102_hap1_hprc_r2_v1.fa.gz
NA21102_hap2,s3://human-pangenomics/submissions/DC27718F-5F38-43B0-9A78-270F395F13E8--INT_ASM_PRODUCTION/NA21102/assemblies/freeze_2/NA21102_hap2_hprc_r2_v1.fa.gz
NA21144_hap1,s3://human-pangenomics/submissions/DC27718F-5F38-43B0-9A78-270F395F13E8--INT_ASM_PRODUCTION/NA21144/assemblies/freeze_2/NA21144_hap1_hprc_r2_v1.fa.gz
NA21144_hap2,s3://human-pangenomics/submissions/DC27718F-5F38-43B0-9A78-270F395F13E8--INT_ASM_PRODUCTION/NA21144/assemblies/freeze_2/NA21144_hap2_hprc_r2_v1.fa.gz
