sample_id,haplotype,assembly_name,location
HG00408,1,HG00408_pat_hprc_r2_v1.0.1,s3://human-pangenomics/working/HPRC/HG00408/assemblies/release2/annotation/methylation/ont/HG00408_pat_hprc_r2_v1.0.1.R941_minimap2_2.28.5mC.bigwig
HG00597,1,HG00597_pat_hprc_r2_v1.0.1,s3://human-pangenomics/working/HPRC/HG00597/assemblies/release2/annotation/methylation/ont/HG00597_pat_hprc_r2_v1.0.1.R941_minimap2_2.28.5mC.bigwig
HG01192,1,HG01192_pat_hprc_r2_v1.0.1,s3://human-pangenomics/working/HPRC/HG01192/assemblies/release2/annotation/methylation/ont/HG01192_pat_hprc_r2_v1.0.1.R941_minimap2_2.28.5mC.bigwig
HG01261,1,HG01261_pat_hprc_r2_v1.0.1,s3://human-pangenomics/working/HPRC/HG01261/assemblies/release2/annotation/methylation/ont/HG01261_pat_hprc_r2_v1.0.1.R941_minimap2_2.28.5mC.bigwig
HG02015,1,HG02015_pat_hprc_r2_v1.0.1,s3://human-pangenomics/working/HPRC/HG02015/assemblies/release2/annotation/methylation/ont/HG02015_pat_hprc_r2_v1.0.1.R941_minimap2_2.28.5mC.bigwig
HG02056,1,HG02056_pat_hprc_r2_v1.0.1,s3://human-pangenomics/working/HPRC/HG02056/assemblies/release2/annotation/methylation/ont/HG02056_pat_hprc_r2_v1.0.1.R941_minimap2_2.28.5mC.bigwig
HG02129,1,HG02129_pat_hprc_r2_v1.0.1,s3://human-pangenomics/working/HPRC/HG02129/assemblies/release2/annotation/methylation/ont/HG02129_pat_hprc_r2_v1.0.1.R941_minimap2_2.28.5mC.bigwig
HG02258,1,HG02258_pat_hprc_r2_v1.0.1,s3://human-pangenomics/working/HPRC/HG02258/assemblies/release2/annotation/methylation/ont/HG02258_pat_hprc_r2_v1.0.1.R941_minimap2_2.28.5mC.bigwig
HG03834,1,HG03834_pat_hprc_r2_v1.0.1,s3://human-pangenomics/working/HPRC/HG03834/assemblies/release2/annotation/methylation/ont/HG03834_pat_hprc_r2_v1.0.1.R941_minimap2_2.28.5mC.bigwig
HG01975,1,HG01975_pat_hprc_r2_v1.0.1,s3://human-pangenomics/working/HPRC/HG01975/assemblies/release2/annotation/methylation/ont/HG01975_pat_hprc_r2_v1.0.1.R941_minimap2_2.28.5mC.bigwig
HG02602,1,HG02602_pat_hprc_r2_v1.0.1,s3://human-pangenomics/working/HPRC/HG02602/assemblies/release2/annotation/methylation/ont/HG02602_pat_hprc_r2_v1.0.1.R941_minimap2_2.28.5mC.bigwig
HG04187,1,HG04187_pat_hprc_r2_v1.0.1,s3://human-pangenomics/working/HPRC/HG04187/assemblies/release2/annotation/methylation/ont/HG04187_pat_hprc_r2_v1.0.1.R941_minimap2_2.28.5mC.bigwig
NA18879,1,NA18879_hap1_hprc_r2_v1.0.1,s3://human-pangenomics/working/HPRC/NA18879/assemblies/release2/annotation/methylation/ont/NA18879_hap1_hprc_r2_v1.0.1.R1041_minimap2_2.28.5mC.bigwig
NA20752,1,NA20752_hap1_hprc_r2_v1.0.1,s3://human-pangenomics/working/HPRC/NA20752/assemblies/release2/annotation/methylation/ont/NA20752_hap1_hprc_r2_v1.0.1.R941_minimap2_2.28.5mC.bigwig
HG02145,1,HG02145_pat_hprc_r2_v1.0.1,s3://human-pangenomics/working/HPRC_PLUS/HG02145/assemblies/release2/annotation/methylation/ont/HG02145_pat_hprc_r2_v1.0.1.R941_minimap2_2.28.5mC.bigwig
HG00609,1,HG00609_pat_hprc_r2_v1.0.1,s3://human-pangenomics/working/HPRC/HG00609/assemblies/release2/annotation/methylation/ont/HG00609_pat_hprc_r2_v1.0.1.R941_minimap2_2.28.5mC.bigwig
HG00642,1,HG00642_pat_hprc_r2_v1.0.1,s3://human-pangenomics/working/HPRC/HG00642/assemblies/release2/annotation/methylation/ont/HG00642_pat_hprc_r2_v1.0.1.R941_minimap2_2.28.5mC.bigwig
HG00738,1,HG00738_pat_hprc_r2_v1.0.1,s3://human-pangenomics/working/HPRC/HG00738/assemblies/release2/annotation/methylation/ont/HG00738_pat_hprc_r2_v1.0.1.R941_minimap2_2.28.5mC.bigwig
HG01099,1,HG01099_pat_hprc_r2_v1.0.1,s3://human-pangenomics/working/HPRC/HG01099/assemblies/release2/annotation/methylation/ont/HG01099_pat_hprc_r2_v1.0.1.R941_minimap2_2.28.5mC.bigwig
HG01255,1,HG01255_pat_hprc_r2_v1.0.1,s3://human-pangenomics/working/HPRC/HG01255/assemblies/release2/annotation/methylation/ont/HG01255_pat_hprc_r2_v1.0.1.R941_minimap2_2.28.5mC.bigwig
HG01346,1,HG01346_pat_hprc_r2_v1.0.1,s3://human-pangenomics/working/HPRC/HG01346/assemblies/release2/annotation/methylation/ont/HG01346_pat_hprc_r2_v1.0.1.R941_minimap2_2.28.5mC.bigwig
HG01433,1,HG01433_pat_hprc_r2_v1.0.1,s3://human-pangenomics/working/HPRC/HG01433/assemblies/release2/annotation/methylation/ont/HG01433_pat_hprc_r2_v1.0.1.R941_minimap2_2.28.5mC.bigwig
HG01496,1,HG01496_pat_hprc_r2_v1.0.1,s3://human-pangenomics/working/HPRC/HG01496/assemblies/release2/annotation/methylation/ont/HG01496_pat_hprc_r2_v1.0.1.R941_minimap2_2.28.5mC.bigwig
HG01884,1,HG01884_pat_hprc_r2_v1.0.1,s3://human-pangenomics/working/HPRC/HG01884/assemblies/release2/annotation/methylation/ont/HG01884_pat_hprc_r2_v1.0.1.R941_minimap2_2.28.5mC.bigwig
HG01981,1,HG01981_pat_hprc_r2_v1.0.1,s3://human-pangenomics/working/HPRC/HG01981/assemblies/release2/annotation/methylation/ont/HG01981_pat_hprc_r2_v1.0.1.R941_minimap2_2.28.5mC.bigwig
HG01993,1,HG01993_pat_hprc_r2_v1.0.1,s3://human-pangenomics/working/HPRC/HG01993/assemblies/release2/annotation/methylation/ont/HG01993_pat_hprc_r2_v1.0.1.R941_minimap2_2.28.5mC.bigwig
HG02004,1,HG02004_pat_hprc_r2_v1.0.1,s3://human-pangenomics/working/HPRC/HG02004/assemblies/release2/annotation/methylation/ont/HG02004_pat_hprc_r2_v1.0.1.R941_minimap2_2.28.5mC.bigwig
HG02027,1,HG02027_pat_hprc_r2_v1.0.1,s3://human-pangenomics/working/HPRC/HG02027/assemblies/release2/annotation/methylation/ont/HG02027_pat_hprc_r2_v1.0.1.R941_minimap2_2.28.5mC.bigwig
HG02083,1,HG02083_pat_hprc_r2_v1.0.1,s3://human-pangenomics/working/HPRC/HG02083/assemblies/release2/annotation/methylation/ont/HG02083_pat_hprc_r2_v1.0.1.R941_minimap2_2.28.5mC.bigwig
HG02132,1,HG02132_pat_hprc_r2_v1.0.1,s3://human-pangenomics/working/HPRC/HG02132/assemblies/release2/annotation/methylation/ont/HG02132_pat_hprc_r2_v1.0.1.R941_minimap2_2.28.5mC.bigwig
HG02280,1,HG02280_pat_hprc_r2_v1.0.1,s3://human-pangenomics/working/HPRC/HG02280/assemblies/release2/annotation/methylation/ont/HG02280_pat_hprc_r2_v1.0.1.R941_minimap2_2.28.5mC.bigwig
HG02293,1,HG02293_pat_hprc_r2_v1.0.1,s3://human-pangenomics/working/HPRC/HG02293/assemblies/release2/annotation/methylation/ont/HG02293_pat_hprc_r2_v1.0.1.R941_minimap2_2.28.5mC.bigwig
HG02300,1,HG02300_pat_hprc_r2_v1.0.1,s3://human-pangenomics/working/HPRC/HG02300/assemblies/release2/annotation/methylation/ont/HG02300_pat_hprc_r2_v1.0.1.R941_minimap2_2.28.5mC.bigwig
HG02451,1,HG02451_pat_hprc_r2_v1.0.1,s3://human-pangenomics/working/HPRC/HG02451/assemblies/release2/annotation/methylation/ont/HG02451_pat_hprc_r2_v1.0.1.R941_minimap2_2.28.5mC.bigwig
HG02523,1,HG02523_pat_hprc_r2_v1.0.1,s3://human-pangenomics/working/HPRC/HG02523/assemblies/release2/annotation/methylation/ont/HG02523_pat_hprc_r2_v1.0.1.R941_minimap2_2.28.5mC.bigwig
HG02615,1,HG02615_pat_hprc_r2_v1.0.1,s3://human-pangenomics/working/HPRC/HG02615/assemblies/release2/annotation/methylation/ont/HG02615_pat_hprc_r2_v1.0.1.R941_minimap2_2.28.5mC.bigwig
HG02647,1,HG02647_pat_hprc_r2_v1.0.1,s3://human-pangenomics/working/HPRC/HG02647/assemblies/release2/annotation/methylation/ont/HG02647_pat_hprc_r2_v1.0.1.R941_minimap2_2.28.5mC.bigwig
HG02698,1,HG02698_pat_hprc_r2_v1.0.1,s3://human-pangenomics/working/HPRC/HG02698/assemblies/release2/annotation/methylation/ont/HG02698_pat_hprc_r2_v1.0.1.R941_minimap2_2.28.5mC.bigwig
HG03654,1,HG03654_pat_hprc_r2_v1.0.1,s3://human-pangenomics/working/HPRC/HG03654/assemblies/release2/annotation/methylation/ont/HG03654_pat_hprc_r2_v1.0.1.R941_minimap2_2.28.5mC.bigwig
HG03669,1,HG03669_pat_hprc_r2_v1.0.1,s3://human-pangenomics/working/HPRC/HG03669/assemblies/release2/annotation/methylation/ont/HG03669_pat_hprc_r2_v1.0.1.R941_minimap2_2.28.5mC.bigwig
HG03688,1,HG03688_pat_hprc_r2_v1.0.1,s3://human-pangenomics/working/HPRC/HG03688/assemblies/release2/annotation/methylation/ont/HG03688_pat_hprc_r2_v1.0.1.R941_minimap2_2.28.5mC.bigwig
HG03704,1,HG03704_pat_hprc_r2_v1.0.1,s3://human-pangenomics/working/HPRC/HG03704/assemblies/release2/annotation/methylation/ont/HG03704_pat_hprc_r2_v1.0.1.R941_minimap2_2.28.5mC.bigwig
HG03710,1,HG03710_pat_hprc_r2_v1.0.1,s3://human-pangenomics/working/HPRC/HG03710/assemblies/release2/annotation/methylation/ont/HG03710_pat_hprc_r2_v1.0.1.R941_minimap2_2.28.5mC.bigwig
HG03831,1,HG03831_pat_hprc_r2_v1.0.1,s3://human-pangenomics/working/HPRC/HG03831/assemblies/release2/annotation/methylation/ont/HG03831_pat_hprc_r2_v1.0.1.R941_minimap2_2.28.5mC.bigwig
HG03927,1,HG03927_pat_hprc_r2_v1.0.1,s3://human-pangenomics/working/HPRC/HG03927/assemblies/release2/annotation/methylation/ont/HG03927_pat_hprc_r2_v1.0.1.R941_minimap2_2.28.5mC.bigwig
HG04115,1,HG04115_pat_hprc_r2_v1.0.1,s3://human-pangenomics/working/HPRC/HG04115/assemblies/release2/annotation/methylation/ont/HG04115_pat_hprc_r2_v1.0.1.R941_minimap2_2.28.5mC.bigwig
HG04184,1,HG04184_pat_hprc_r2_v1.0.1,s3://human-pangenomics/working/HPRC/HG04184/assemblies/release2/annotation/methylation/ont/HG04184_pat_hprc_r2_v1.0.1.R941_minimap2_2.28.5mC.bigwig
HG04199,1,HG04199_pat_hprc_r2_v1.0.1,s3://human-pangenomics/working/HPRC/HG04199/assemblies/release2/annotation/methylation/ont/HG04199_pat_hprc_r2_v1.0.1.R941_minimap2_2.28.5mC.bigwig
HG02738,1,HG02738_pat_hprc_r2_v1.0.1,s3://human-pangenomics/working/HPRC/HG02738/assemblies/release2/annotation/methylation/ont/HG02738_pat_hprc_r2_v1.0.1.R941_minimap2_2.28.5mC.bigwig
HG00621,1,HG00621_pat_hprc_r2_v1.0.1,s3://human-pangenomics/working/HPRC/HG00621/assemblies/release2/annotation/methylation/ont/HG00621_pat_hprc_r2_v1.0.1.R941_minimap2_2.28.5mC.bigwig
HG00741,1,HG00741_pat_hprc_r2_v1.0.1,s3://human-pangenomics/working/HPRC/HG00741/assemblies/release2/annotation/methylation/ont/HG00741_pat_hprc_r2_v1.0.1.R941_minimap2_2.28.5mC.bigwig
HG01106,1,HG01106_pat_hprc_r2_v1.0.1,s3://human-pangenomics/working/HPRC/HG01106/assemblies/release2/annotation/methylation/ont/HG01106_pat_hprc_r2_v1.0.1.R941_minimap2_2.28.5mC.bigwig
HG01175,1,HG01175_pat_hprc_r2_v1.0.1,s3://human-pangenomics/working/HPRC/HG01175/assemblies/release2/annotation/methylation/ont/HG01175_pat_hprc_r2_v1.0.1.R941_minimap2_2.28.5mC.bigwig
HG01258,1,HG01258_pat_hprc_r2_v1.0.1,s3://human-pangenomics/working/HPRC/HG01258/assemblies/release2/annotation/methylation/ont/HG01258_pat_hprc_r2_v1.0.1.R941_minimap2_2.28.5mC.bigwig
HG01891,1,HG01891_pat_hprc_r2_v1.0.1,s3://human-pangenomics/working/HPRC/HG01891/assemblies/release2/annotation/methylation/ont/HG01891_pat_hprc_r2_v1.0.1.R941_minimap2_2.28.5mC.bigwig
HG01952,1,HG01952_pat_hprc_r2_v1.0.1,s3://human-pangenomics/working/HPRC/HG01952/assemblies/release2/annotation/methylation/ont/HG01952_pat_hprc_r2_v1.0.1.R941_minimap2_2.28.5mC.bigwig
HG02148,1,HG02148_pat_hprc_r2_v1.0.1,s3://human-pangenomics/working/HPRC/HG02148/assemblies/release2/annotation/methylation/ont/HG02148_pat_hprc_r2_v1.0.1.R941_minimap2_2.28.5mC.bigwig
HG02486,1,HG02486_pat_hprc_r2_v1.0.1,s3://human-pangenomics/working/HPRC/HG02486/assemblies/release2/annotation/methylation/ont/HG02486_pat_hprc_r2_v1.0.1.R941_minimap2_2.28.5mC.bigwig
HG02559,1,HG02559_pat_hprc_r2_v1.0.1,s3://human-pangenomics/working/HPRC/HG02559/assemblies/release2/annotation/methylation/ont/HG02559_pat_hprc_r2_v1.0.1.R941_minimap2_2.28.5mC.bigwig
HG02572,1,HG02572_pat_hprc_r2_v1.0.1,s3://human-pangenomics/working/HPRC/HG02572/assemblies/release2/annotation/methylation/ont/HG02572_pat_hprc_r2_v1.0.1.R941_minimap2_2.28.5mC.bigwig
HG02622,1,HG02622_pat_hprc_r2_v1.0.1,s3://human-pangenomics/working/HPRC/HG02622/assemblies/release2/annotation/methylation/ont/HG02622_pat_hprc_r2_v1.0.1.R941_minimap2_2.28.5mC.bigwig
HG02886,1,HG02886_pat_hprc_r2_v1.0.1,s3://human-pangenomics/working/HPRC/HG02886/assemblies/release2/annotation/methylation/ont/HG02886_pat_hprc_r2_v1.0.1.R941_minimap2_2.28.5mC.bigwig
HG03453,1,HG03453_pat_hprc_r2_v1.0.1,s3://human-pangenomics/working/HPRC/HG03453/assemblies/release2/annotation/methylation/ont/HG03453_pat_hprc_r2_v1.0.1.R941_minimap2_2.28.5mC.bigwig
HG03540,1,HG03540_pat_hprc_r2_v1.0.1,s3://human-pangenomics/working/HPRC/HG03540/assemblies/release2/annotation/methylation/ont/HG03540_pat_hprc_r2_v1.0.1.R941_minimap2_2.28.5mC.bigwig
HG00099,1,HG00099_hap1_hprc_r2_v1.0.1,s3://human-pangenomics/working/HPRC/HG00099/assemblies/release2/annotation/methylation/ont/HG00099_hap1_hprc_r2_v1.0.1.R941_minimap2_2.28.5mC.bigwig
HG00140,1,HG00140_hap1_hprc_r2_v1.0.1,s3://human-pangenomics/working/HPRC/HG00140/assemblies/release2/annotation/methylation/ont/HG00140_hap1_hprc_r2_v1.0.1.R941_minimap2_2.28.5mC.bigwig
HG00280,1,HG00280_hap1_hprc_r2_v1.0.1,s3://human-pangenomics/working/HPRC/HG00280/assemblies/release2/annotation/methylation/ont/HG00280_hap1_hprc_r2_v1.0.1.R941_minimap2_2.28.5mC.bigwig
HG00323,1,HG00323_hap1_hprc_r2_v1.0.1,s3://human-pangenomics/working/HPRC/HG00323/assemblies/release2/annotation/methylation/ont/HG00323_hap1_hprc_r2_v1.0.1.R941_minimap2_2.28.5mC.bigwig
HG02040,1,HG02040_hap1_hprc_r2_v1.0.1,s3://human-pangenomics/working/HPRC/HG02040/assemblies/release2/annotation/methylation/ont/HG02040_hap1_hprc_r2_v1.0.1.R941_minimap2_2.28.5mC.bigwig
HG02165,1,HG02165_hap1_hprc_r2_v1.0.1,s3://human-pangenomics/working/HPRC/HG02165/assemblies/release2/annotation/methylation/ont/HG02165_hap1_hprc_r2_v1.0.1.R941_minimap2_2.28.5mC.bigwig
HG02273,1,HG02273_hap1_hprc_r2_v1.0.1,s3://human-pangenomics/working/HPRC/HG02273/assemblies/release2/annotation/methylation/ont/HG02273_hap1_hprc_r2_v1.0.1.R941_minimap2_2.28.5mC.bigwig
HG02922,1,HG02922_hap1_hprc_r2_v1.0.1,s3://human-pangenomics/working/HPRC/HG02922/assemblies/release2/annotation/methylation/ont/HG02922_hap1_hprc_r2_v1.0.1.R941_minimap2_2.28.5mC.bigwig
HG02965,1,HG02965_hap1_hprc_r2_v1.0.1,s3://human-pangenomics/working/HPRC/HG02965/assemblies/release2/annotation/methylation/ont/HG02965_hap1_hprc_r2_v1.0.1.R941_minimap2_2.28.5mC.bigwig
HG02976,1,HG02976_hap1_hprc_r2_v1.0.1,s3://human-pangenomics/working/HPRC/HG02976/assemblies/release2/annotation/methylation/ont/HG02976_hap1_hprc_r2_v1.0.1.R941_minimap2_2.28.5mC.bigwig
HG03130,1,HG03130_hap1_hprc_r2_v1.0.1,s3://human-pangenomics/working/HPRC/HG03130/assemblies/release2/annotation/methylation/ont/HG03130_hap1_hprc_r2_v1.0.1.R941_minimap2_2.28.5mC.bigwig
HG03195,1,HG03195_hap1_hprc_r2_v1.0.1,s3://human-pangenomics/working/HPRC/HG03195/assemblies/release2/annotation/methylation/ont/HG03195_hap1_hprc_r2_v1.0.1.R941_minimap2_2.28.5mC.bigwig
HG03209,1,HG03209_hap1_hprc_r2_v1.0.1,s3://human-pangenomics/working/HPRC/HG03209/assemblies/release2/annotation/methylation/ont/HG03209_hap1_hprc_r2_v1.0.1.R941_minimap2_2.28.5mC.bigwig
NA18522,1,NA18522_hap1_hprc_r2_v1.0.1,s3://human-pangenomics/working/HPRC/NA18522/assemblies/release2/annotation/methylation/ont/NA18522_hap1_hprc_r2_v1.0.1.R941_minimap2_2.28.5mC.bigwig
NA18747,1,NA18747_hap1_hprc_r2_v1.0.1,s3://human-pangenomics/working/HPRC/NA18747/assemblies/release2/annotation/methylation/ont/NA18747_hap1_hprc_r2_v1.0.1.R941_minimap2_2.28.5mC.bigwig
NA18971,1,NA18971_hap1_hprc_r2_v1.0.1,s3://human-pangenomics/working/HPRC/NA18971/assemblies/release2/annotation/methylation/ont/NA18971_hap1_hprc_r2_v1.0.1.R941_minimap2_2.28.5mC.bigwig
NA18983,1,NA18983_hap1_hprc_r2_v1.0.1,s3://human-pangenomics/working/HPRC/NA18983/assemblies/release2/annotation/methylation/ont/NA18983_hap1_hprc_r2_v1.0.1.R941_minimap2_2.28.5mC.bigwig
NA19043,1,NA19043_hap1_hprc_r2_v1.0.1,s3://human-pangenomics/working/HPRC/NA19043/assemblies/release2/annotation/methylation/ont/NA19043_hap1_hprc_r2_v1.0.1.R941_minimap2_2.28.5mC.bigwig
NA20905,1,NA20905_hap1_hprc_r2_v1.0.1,s3://human-pangenomics/working/HPRC/NA20905/assemblies/release2/annotation/methylation/ont/NA20905_hap1_hprc_r2_v1.0.1.R941_minimap2_2.28.5mC.bigwig
HG01530,1,HG01530_hap1_hprc_r2_v1.0.1,s3://human-pangenomics/working/HPRC/HG01530/assemblies/release2/annotation/methylation/ont/HG01530_hap1_hprc_r2_v1.0.1.R941_minimap2_2.28.5mC.bigwig
HG01784,1,HG01784_hap1_hprc_r2_v1.0.1,s3://human-pangenomics/working/HPRC/HG01784/assemblies/release2/annotation/methylation/ont/HG01784_hap1_hprc_r2_v1.0.1.R941_minimap2_2.28.5mC.bigwig
HG02391,1,HG02391_hap1_hprc_r2_v1.0.1,s3://human-pangenomics/working/HPRC/HG02391/assemblies/release2/annotation/methylation/ont/HG02391_hap1_hprc_r2_v1.0.1.R941_minimap2_2.28.5mC.bigwig
HG03471,1,HG03471_hap1_hprc_r2_v1.0.1,s3://human-pangenomics/working/HPRC/HG03471/assemblies/release2/annotation/methylation/ont/HG03471_hap1_hprc_r2_v1.0.1.R941_minimap2_2.28.5mC.bigwig
HG03742,1,HG03742_hap1_hprc_r2_v1.0.1,s3://human-pangenomics/working/HPRC/HG03742/assemblies/release2/annotation/methylation/ont/HG03742_hap1_hprc_r2_v1.0.1.R941_minimap2_2.28.5mC.bigwig
NA18570,1,NA18570_hap1_hprc_r2_v1.0.1,s3://human-pangenomics/working/HPRC/NA18570/assemblies/release2/annotation/methylation/ont/NA18570_hap1_hprc_r2_v1.0.1.R941_minimap2_2.28.5mC.bigwig
NA19087,1,NA19087_hap1_hprc_r2_v1.0.1,s3://human-pangenomics/working/HPRC/NA19087/assemblies/release2/annotation/methylation/ont/NA19087_hap1_hprc_r2_v1.0.1.R941_minimap2_2.28.5mC.bigwig
NA19185,1,NA19185_hap1_hprc_r2_v1.0.1,s3://human-pangenomics/working/HPRC/NA19185/assemblies/release2/annotation/methylation/ont/NA19185_hap1_hprc_r2_v1.0.1.R941_minimap2_2.28.5mC.bigwig
NA19338,1,NA19338_hap1_hprc_r2_v1.0.1,s3://human-pangenomics/working/HPRC/NA19338/assemblies/release2/annotation/methylation/ont/NA19338_hap1_hprc_r2_v1.0.1.R941_minimap2_2.28.5mC.bigwig
NA19391,1,NA19391_hap1_hprc_r2_v1.0.1,s3://human-pangenomics/working/HPRC/NA19391/assemblies/release2/annotation/methylation/ont/NA19391_hap1_hprc_r2_v1.0.1.R941_minimap2_2.28.5mC.bigwig
NA19468,1,NA19468_hap1_hprc_r2_v1.0.1,s3://human-pangenomics/working/HPRC/NA19468/assemblies/release2/annotation/methylation/ont/NA19468_hap1_hprc_r2_v1.0.1.R941_minimap2_2.28.5mC.bigwig
HG00438,1,HG00438_pat_hprc_r2_v1.0.1,s3://human-pangenomics/working/HPRC/HG00438/assemblies/release2/annotation/methylation/ont/HG00438_pat_hprc_r2_v1.0.1.R941_minimap2_2.28.5mC.bigwig
HG00558,1,HG00558_pat_hprc_r2_v1.0.1,s3://human-pangenomics/working/HPRC/HG00558/assemblies/release2/annotation/methylation/ont/HG00558_pat_hprc_r2_v1.0.1.R941_minimap2_2.28.5mC.bigwig
HG00639,1,HG00639_pat_hprc_r2_v1.0.1,s3://human-pangenomics/working/HPRC/HG00639/assemblies/release2/annotation/methylation/ont/HG00639_pat_hprc_r2_v1.0.1.R941_minimap2_2.28.5mC.bigwig
HG00658,1,HG00658_pat_hprc_r2_v1.0.1,s3://human-pangenomics/working/HPRC/HG00658/assemblies/release2/annotation/methylation/ont/HG00658_pat_hprc_r2_v1.0.1.R941_minimap2_2.28.5mC.bigwig
HG00673,1,HG00673_pat_hprc_r2_v1.0.1,s3://human-pangenomics/working/HPRC/HG00673/assemblies/release2/annotation/methylation/ont/HG00673_pat_hprc_r2_v1.0.1.R941_minimap2_2.28.5mC.bigwig
HG01071,1,HG01071_pat_hprc_r2_v1.0.1,s3://human-pangenomics/working/HPRC/HG01071/assemblies/release2/annotation/methylation/ont/HG01071_pat_hprc_r2_v1.0.1.R941_minimap2_2.28.5mC.bigwig
HG01074,1,HG01074_pat_hprc_r2_v1.0.1,s3://human-pangenomics/working/HPRC/HG01074/assemblies/release2/annotation/methylation/ont/HG01074_pat_hprc_r2_v1.0.1.R941_minimap2_2.28.5mC.bigwig
HG01081,1,HG01081_pat_hprc_r2_v1.0.1,s3://human-pangenomics/working/HPRC/HG01081/assemblies/release2/annotation/methylation/ont/HG01081_pat_hprc_r2_v1.0.1.R941_minimap2_2.28.5mC.bigwig
HG01123,1,HG01123_pat_hprc_r2_v1.0.1,s3://human-pangenomics/working/HPRC/HG01123/assemblies/release2/annotation/methylation/ont/HG01123_pat_hprc_r2_v1.0.1.R941_minimap2_2.28.5mC.bigwig
HG01150,1,HG01150_pat_hprc_r2_v1.0.1,s3://human-pangenomics/working/HPRC/HG01150/assemblies/release2/annotation/methylation/ont/HG01150_pat_hprc_r2_v1.0.1.R941_minimap2_2.28.5mC.bigwig
HG01252,1,HG01252_pat_hprc_r2_v1.0.1,s3://human-pangenomics/working/HPRC/HG01252/assemblies/release2/annotation/methylation/ont/HG01252_pat_hprc_r2_v1.0.1.R941_minimap2_2.28.5mC.bigwig
HG01358,1,HG01358_pat_hprc_r2_v1.0.1,s3://human-pangenomics/working/HPRC/HG01358/assemblies/release2/annotation/methylation/ont/HG01358_pat_hprc_r2_v1.0.1.R941_minimap2_2.28.5mC.bigwig
HG01361,1,HG01361_pat_hprc_r2_v1.0.1,s3://human-pangenomics/working/HPRC/HG01361/assemblies/release2/annotation/methylation/ont/HG01361_pat_hprc_r2_v1.0.1.R941_minimap2_2.28.5mC.bigwig
HG01928,1,HG01928_pat_hprc_r2_v1.0.1,s3://human-pangenomics/working/HPRC/HG01928/assemblies/release2/annotation/methylation/ont/HG01928_pat_hprc_r2_v1.0.1.R941_minimap2_2.28.5mC.bigwig
HG01934,1,HG01934_pat_hprc_r2_v1.0.1,s3://human-pangenomics/working/HPRC/HG01934/assemblies/release2/annotation/methylation/ont/HG01934_pat_hprc_r2_v1.0.1.R941_minimap2_2.28.5mC.bigwig
HG01940,1,HG01940_pat_hprc_r2_v1.0.1,s3://human-pangenomics/working/HPRC/HG01940/assemblies/release2/annotation/methylation/ont/HG01940_pat_hprc_r2_v1.0.1.R941_minimap2_2.28.5mC.bigwig
HG01960,1,HG01960_pat_hprc_r2_v1.0.1,s3://human-pangenomics/working/HPRC/HG01960/assemblies/release2/annotation/methylation/ont/HG01960_pat_hprc_r2_v1.0.1.R941_minimap2_2.28.5mC.bigwig
HG01969,1,HG01969_pat_hprc_r2_v1.0.1,s3://human-pangenomics/working/HPRC/HG01969/assemblies/release2/annotation/methylation/ont/HG01969_pat_hprc_r2_v1.0.1.R941_minimap2_2.28.5mC.bigwig
HG01978,1,HG01978_pat_hprc_r2_v1.1.0,s3://human-pangenomics/working/HPRC/HG01978/assemblies/release2/annotation/methylation/ont/HG01978_pat_hprc_r2_v1.1.0.R941_minimap2_2.28.5mC.bigwig
HG02071,1,HG02071_pat_hprc_r2_v1.0.1,s3://human-pangenomics/working/HPRC/HG02071/assemblies/release2/annotation/methylation/ont/HG02071_pat_hprc_r2_v1.0.1.R941_minimap2_2.28.5mC.bigwig
HG02074,1,HG02074_pat_hprc_r2_v1.0.1,s3://human-pangenomics/working/HPRC/HG02074/assemblies/release2/annotation/methylation/ont/HG02074_pat_hprc_r2_v1.0.1.R941_minimap2_2.28.5mC.bigwig
HG02135,1,HG02135_pat_hprc_r2_v1.0.1,s3://human-pangenomics/working/HPRC/HG02135/assemblies/release2/annotation/methylation/ont/HG02135_pat_hprc_r2_v1.0.1.R941_minimap2_2.28.5mC.bigwig
HG02257,1,HG02257_pat_hprc_r2_v1.1.0,s3://human-pangenomics/working/HPRC/HG02257/assemblies/release2/annotation/methylation/ont/HG02257_pat_hprc_r2_v1.1.0.R941_minimap2_2.28.5mC.bigwig
HG02668,1,HG02668_pat_hprc_r2_v1.0.1,s3://human-pangenomics/working/HPRC/HG02668/assemblies/release2/annotation/methylation/ont/HG02668_pat_hprc_r2_v1.0.1.R941_minimap2_2.28.5mC.bigwig
HG02717,1,HG02717_pat_hprc_r2_v1.0.1,s3://human-pangenomics/working/HPRC/HG02717/assemblies/release2/annotation/methylation/ont/HG02717_pat_hprc_r2_v1.0.1.R941_minimap2_2.28.5mC.bigwig
HG02809,1,HG02809_pat_hprc_r2_v1.0.1,s3://human-pangenomics/working/HPRC/HG02809/assemblies/release2/annotation/methylation/ont/HG02809_pat_hprc_r2_v1.0.1.R941_minimap2_2.28.5mC.bigwig
HG03017,1,HG03017_pat_hprc_r2_v1.0.1,s3://human-pangenomics/working/HPRC/HG03017/assemblies/release2/annotation/methylation/ont/HG03017_pat_hprc_r2_v1.0.1.R941_minimap2_2.28.5mC.bigwig
HG03041,1,HG03041_pat_hprc_r2_v1.0.1,s3://human-pangenomics/working/HPRC/HG03041/assemblies/release2/annotation/methylation/ont/HG03041_pat_hprc_r2_v1.0.1.R941_minimap2_2.28.5mC.bigwig
HG03239,1,HG03239_pat_hprc_r2_v1.0.1,s3://human-pangenomics/working/HPRC/HG03239/assemblies/release2/annotation/methylation/ont/HG03239_pat_hprc_r2_v1.0.1.R941_minimap2_2.28.5mC.bigwig
HG03516,1,HG03516_pat_hprc_r2_v1.1.0,s3://human-pangenomics/working/HPRC/HG03516/assemblies/release2/annotation/methylation/ont/HG03516_pat_hprc_r2_v1.1.0.R941_minimap2_2.28.5mC.bigwig
HG03804,1,HG03804_pat_hprc_r2_v1.0.1,s3://human-pangenomics/working/HPRC/HG03804/assemblies/release2/annotation/methylation/ont/HG03804_pat_hprc_r2_v1.0.1.R941_minimap2_2.28.5mC.bigwig
HG03942,1,HG03942_pat_hprc_r2_v1.0.1,s3://human-pangenomics/working/HPRC/HG03942/assemblies/release2/annotation/methylation/ont/HG03942_pat_hprc_r2_v1.0.1.R941_minimap2_2.28.5mC.bigwig
HG04157,1,HG04157_pat_hprc_r2_v1.0.1,s3://human-pangenomics/working/HPRC/HG04157/assemblies/release2/annotation/methylation/ont/HG04157_pat_hprc_r2_v1.0.1.R941_minimap2_2.28.5mC.bigwig
HG04160,1,HG04160_pat_hprc_r2_v1.0.1,s3://human-pangenomics/working/HPRC/HG04160/assemblies/release2/annotation/methylation/ont/HG04160_pat_hprc_r2_v1.0.1.R941_minimap2_2.28.5mC.bigwig
HG04204,1,HG04204_pat_hprc_r2_v1.0.1,s3://human-pangenomics/working/HPRC/HG04204/assemblies/release2/annotation/methylation/ont/HG04204_pat_hprc_r2_v1.0.1.R941_minimap2_2.28.5mC.bigwig
HG04228,1,HG04228_pat_hprc_r2_v1.0.1,s3://human-pangenomics/working/HPRC/HG04228/assemblies/release2/annotation/methylation/ont/HG04228_pat_hprc_r2_v1.0.1.R941_minimap2_2.28.5mC.bigwig
HG00706,1,HG00706_pat_hprc_r2_v1.0.1,s3://human-pangenomics/working/HPRC/HG00706/assemblies/release2/annotation/methylation/ont/HG00706_pat_hprc_r2_v1.0.1.R941_minimap2_2.28.5mC.bigwig
HG03816,1,HG03816_pat_hprc_r2_v1.0.1,s3://human-pangenomics/working/HPRC/HG03816/assemblies/release2/annotation/methylation/ont/HG03816_pat_hprc_r2_v1.0.1.R941_minimap2_2.28.5mC.bigwig
HG00423,1,HG00423_pat_hprc_r2_v1.0.1,s3://human-pangenomics/working/HPRC/HG00423/assemblies/release2/annotation/methylation/ont/HG00423_pat_hprc_r2_v1.0.1.R941_minimap2_2.28.5mC.bigwig
HG00544,1,HG00544_pat_hprc_r2_v1.0.1,s3://human-pangenomics/working/HPRC/HG00544/assemblies/release2/annotation/methylation/ont/HG00544_pat_hprc_r2_v1.0.1.R941_minimap2_2.28.5mC.bigwig
HG01943,1,HG01943_pat_hprc_r2_v1.0.1,s3://human-pangenomics/working/HPRC/HG01943/assemblies/release2/annotation/methylation/ont/HG01943_pat_hprc_r2_v1.0.1.R941_minimap2_2.28.5mC.bigwig
HG02735,1,HG02735_pat_hprc_r2_v1.0.1,s3://human-pangenomics/working/HPRC/HG02735/assemblies/release2/annotation/methylation/ont/HG02735_pat_hprc_r2_v1.0.1.R941_minimap2_2.28.5mC.bigwig
HG03225,1,HG03225_hap1_hprc_r2_v1.0.1,s3://human-pangenomics/working/HPRC/HG03225/assemblies/release2/annotation/methylation/ont/HG03225_hap1_hprc_r2_v1.0.1.R941_minimap2_2.28.5mC.bigwig
NA19159,1,NA19159_hap1_hprc_r2_v1.0.1,s3://human-pangenomics/working/HPRC/NA19159/assemblies/release2/annotation/methylation/ont/NA19159_hap1_hprc_r2_v1.0.1.R941_minimap2_2.28.5mC.bigwig
HG00126,1,HG00126_hap1_hprc_r2_v1.0.1,s3://human-pangenomics/working/HPRC/HG00126/assemblies/release2/annotation/methylation/ont/HG00126_hap1_hprc_r2_v1.0.1.R1041_minimap2_2.28.5mC.bigwig
HG00128,1,HG00128_hap1_hprc_r2_v1.0.1,s3://human-pangenomics/working/HPRC/HG00128/assemblies/release2/annotation/methylation/ont/HG00128_hap1_hprc_r2_v1.0.1.R1041_minimap2_2.28.5mC.bigwig
HG00133,1,HG00133_hap1_hprc_r2_v1.0.1,s3://human-pangenomics/working/HPRC/HG00133/assemblies/release2/annotation/methylation/ont/HG00133_hap1_hprc_r2_v1.0.1.R1041_minimap2_2.28.5mC.bigwig
HG00146,1,HG00146_hap1_hprc_r2_v1.0.1,s3://human-pangenomics/working/HPRC/HG00146/assemblies/release2/annotation/methylation/ont/HG00146_hap1_hprc_r2_v1.0.1.R1041_minimap2_2.28.5mC.bigwig
HG00232,1,HG00232_hap1_hprc_r2_v1.0.1,s3://human-pangenomics/working/HPRC/HG00232/assemblies/release2/annotation/methylation/ont/HG00232_hap1_hprc_r2_v1.0.1.R1041_minimap2_2.28.5mC.bigwig
HG00290,1,HG00290_hap1_hprc_r2_v1.0.1,s3://human-pangenomics/working/HPRC/HG00290/assemblies/release2/annotation/methylation/ont/HG00290_hap1_hprc_r2_v1.0.1.R1041_minimap2_2.28.5mC.bigwig
HG00320,1,HG00320_hap1_hprc_r2_v1.0.1,s3://human-pangenomics/working/HPRC/HG00320/assemblies/release2/annotation/methylation/ont/HG00320_hap1_hprc_r2_v1.0.1.R1041_minimap2_2.28.5mC.bigwig
HG00321,1,HG00321_hap1_hprc_r2_v1.0.1,s3://human-pangenomics/working/HPRC/HG00321/assemblies/release2/annotation/methylation/ont/HG00321_hap1_hprc_r2_v1.0.1.R1041_minimap2_2.28.5mC.bigwig
HG01786,1,HG01786_hap1_hprc_r2_v1.0.1,s3://human-pangenomics/working/HPRC/HG01786/assemblies/release2/annotation/methylation/ont/HG01786_hap1_hprc_r2_v1.0.1.R1041_minimap2_2.28.5mC.bigwig
HG02178,1,HG02178_hap1_hprc_r2_v1.0.1,s3://human-pangenomics/working/HPRC/HG02178/assemblies/release2/annotation/methylation/ont/HG02178_hap1_hprc_r2_v1.0.1.R1041_minimap2_2.28.5mC.bigwig
HG02583,1,HG02583_hap1_hprc_r2_v1.0.1,s3://human-pangenomics/working/HPRC/HG02583/assemblies/release2/annotation/methylation/ont/HG02583_hap1_hprc_r2_v1.0.1.R1041_minimap2_2.28.5mC.bigwig
HG03270,1,HG03270_hap1_hprc_r2_v1.0.1,s3://human-pangenomics/working/HPRC/HG03270/assemblies/release2/annotation/methylation/ont/HG03270_hap1_hprc_r2_v1.0.1.R1041_minimap2_2.28.5mC.bigwig
HG03583,1,HG03583_hap1_hprc_r2_v1.0.1,s3://human-pangenomics/working/HPRC/HG03583/assemblies/release2/annotation/methylation/ont/HG03583_hap1_hprc_r2_v1.0.1.R1041_minimap2_2.28.5mC.bigwig
HG03874,1,HG03874_hap1_hprc_r2_v1.0.1,s3://human-pangenomics/working/HPRC/HG03874/assemblies/release2/annotation/methylation/ont/HG03874_hap1_hprc_r2_v1.0.1.R1041_minimap2_2.28.5mC.bigwig
NA18505,1,NA18505_hap1_hprc_r2_v1.0.1,s3://human-pangenomics/working/HPRC/NA18505/assemblies/release2/annotation/methylation/ont/NA18505_hap1_hprc_r2_v1.0.1.R1041_minimap2_2.28.5mC.bigwig
NA18508,1,NA18508_hap1_hprc_r2_v1.0.1,s3://human-pangenomics/working/HPRC/NA18508/assemblies/release2/annotation/methylation/ont/NA18508_hap1_hprc_r2_v1.0.1.R1041_minimap2_2.28.5mC.bigwig
NA18608,1,NA18608_hap1_hprc_r2_v1.0.1,s3://human-pangenomics/working/HPRC/NA18608/assemblies/release2/annotation/methylation/ont/NA18608_hap1_hprc_r2_v1.0.1.R1041_minimap2_2.28.5mC.bigwig
NA18620,1,NA18620_hap1_hprc_r2_v1.0.1,s3://human-pangenomics/working/HPRC/NA18620/assemblies/release2/annotation/methylation/ont/NA18620_hap1_hprc_r2_v1.0.1.R1041_minimap2_2.28.5mC.bigwig
NA18952,1,NA18952_hap1_hprc_r2_v1.0.1,s3://human-pangenomics/working/HPRC/NA18952/assemblies/release2/annotation/methylation/ont/NA18952_hap1_hprc_r2_v1.0.1.R1041_minimap2_2.28.5mC.bigwig
NA18974,1,NA18974_hap1_hprc_r2_v1.0.1,s3://human-pangenomics/working/HPRC/NA18974/assemblies/release2/annotation/methylation/ont/NA18974_hap1_hprc_r2_v1.0.1.R1041_minimap2_2.28.5mC.bigwig
NA18976,1,NA18976_hap1_hprc_r2_v1.0.1,s3://human-pangenomics/working/HPRC/NA18976/assemblies/release2/annotation/methylation/ont/NA18976_hap1_hprc_r2_v1.0.1.R1041_minimap2_2.28.5mC.bigwig
NA19036,1,NA19036_hap1_hprc_r2_v1.0.1,s3://human-pangenomics/working/HPRC/NA19036/assemblies/release2/annotation/methylation/ont/NA19036_hap1_hprc_r2_v1.0.1.R1041_minimap2_2.28.5mC.bigwig
NA19443,1,NA19443_hap1_hprc_r2_v1.0.1,s3://human-pangenomics/working/HPRC/NA19443/assemblies/release2/annotation/methylation/ont/NA19443_hap1_hprc_r2_v1.0.1.R1041_minimap2_2.28.5mC.bigwig
NA19700,1,NA19700_hap1_hprc_r2_v1.0.1,s3://human-pangenomics/working/HPRC/NA19700/assemblies/release2/annotation/methylation/ont/NA19700_hap1_hprc_r2_v1.0.1.R1041_minimap2_2.28.5mC.bigwig
NA20870,1,NA20870_hap1_hprc_r2_v1.0.1,s3://human-pangenomics/working/HPRC/NA20870/assemblies/release2/annotation/methylation/ont/NA20870_hap1_hprc_r2_v1.0.1.R1041_minimap2_2.28.5mC.bigwig
NA21093,1,NA21093_hap1_hprc_r2_v1.0.1,s3://human-pangenomics/working/HPRC/NA21093/assemblies/release2/annotation/methylation/ont/NA21093_hap1_hprc_r2_v1.0.1.R1041_minimap2_2.28.5mC.bigwig
NA21106,1,NA21106_hap1_hprc_r2_v1.0.1,s3://human-pangenomics/working/HPRC/NA21106/assemblies/release2/annotation/methylation/ont/NA21106_hap1_hprc_r2_v1.0.1.R1041_minimap2_2.28.5mC.bigwig
NA21110,1,NA21110_hap1_hprc_r2_v1.0.1,s3://human-pangenomics/working/HPRC/NA21110/assemblies/release2/annotation/methylation/ont/NA21110_hap1_hprc_r2_v1.0.1.R1041_minimap2_2.28.5mC.bigwig
HG02392,1,HG02392_hap1_hprc_r2_v1.0.1,s3://human-pangenomics/working/HPRC/HG02392/assemblies/release2/annotation/methylation/ont/HG02392_hap1_hprc_r2_v1.0.1.R1041_minimap2_2.28.5mC.bigwig
HG02514,1,HG02514_pat_hprc_r2_v1.0.1,s3://human-pangenomics/working/HPRC/HG02514/assemblies/release2/annotation/methylation/ont/HG02514_pat_hprc_r2_v1.0.1.R941_minimap2_2.28.5mC.bigwig
HG02841,1,HG02841_pat_hprc_r2_v1.0.1,s3://human-pangenomics/working/HPRC/HG02841/assemblies/release2/annotation/methylation/ont/HG02841_pat_hprc_r2_v1.0.1.R941_minimap2_2.28.5mC.bigwig
HG02984,1,HG02984_pat_hprc_r2_v1.0.1,s3://human-pangenomics/working/HPRC/HG02984/assemblies/release2/annotation/methylation/ont/HG02984_pat_hprc_r2_v1.0.1.R941_minimap2_2.28.5mC.bigwig
HG03050,1,HG03050_pat_hprc_r2_v1.0.1,s3://human-pangenomics/working/HPRC/HG03050/assemblies/release2/annotation/methylation/ont/HG03050_pat_hprc_r2_v1.0.1.R941_minimap2_2.28.5mC.bigwig
NA20799,1,NA20799_hap1_hprc_r2_v1.0.1,s3://human-pangenomics/working/HPRC/NA20799/assemblies/release2/annotation/methylation/ont/NA20799_hap1_hprc_r2_v1.0.1.R941_minimap2_2.28.5mC.bigwig
HG01109,1,HG01109_pat_hprc_r2_v1.0.1,s3://human-pangenomics/working/HPRC_PLUS/HG01109/assemblies/release2/annotation/methylation/ont/HG01109_pat_hprc_r2_v1.0.1.R941_minimap2_2.28.5mC.bigwig
HG02055,1,HG02055_pat_hprc_r2_v1.0.1,s3://human-pangenomics/working/HPRC_PLUS/HG02055/assemblies/release2/annotation/methylation/ont/HG02055_pat_hprc_r2_v1.0.1.R941_minimap2_2.28.5mC.bigwig
HG02080,1,HG02080_pat_hprc_r2_v1.0.1,s3://human-pangenomics/working/HPRC_PLUS/HG02080/assemblies/release2/annotation/methylation/ont/HG02080_pat_hprc_r2_v1.0.1.R941_minimap2_2.28.5mC.bigwig
HG02109,1,HG02109_pat_hprc_r2_v1.0.1,s3://human-pangenomics/working/HPRC_PLUS/HG02109/assemblies/release2/annotation/methylation/ont/HG02109_pat_hprc_r2_v1.0.1.R941_minimap2_2.28.5mC.bigwig
HG02723,1,HG02723_pat_hprc_r2_v1.0.1,s3://human-pangenomics/working/HPRC_PLUS/HG02723/assemblies/release2/annotation/methylation/ont/HG02723_pat_hprc_r2_v1.0.1.R941_minimap2_2.28.5mC.bigwig
HG02818,1,HG02818_pat_hprc_r2_v1.0.1,s3://human-pangenomics/working/HPRC_PLUS/HG02818/assemblies/release2/annotation/methylation/ont/HG02818_pat_hprc_r2_v1.0.1.R1041_minimap2_2.28.5mC.bigwig
HG03098,1,HG03098_pat_hprc_r2_v1.0.1,s3://human-pangenomics/working/HPRC_PLUS/HG03098/assemblies/release2/annotation/methylation/ont/HG03098_pat_hprc_r2_v1.0.1.R941_minimap2_2.28.5mC.bigwig
HG03486,1,HG03486_pat_hprc_r2_v1.0.1,s3://human-pangenomics/working/HPRC_PLUS/HG03486/assemblies/release2/annotation/methylation/ont/HG03486_pat_hprc_r2_v1.0.1.R1041_minimap2_2.28.5mC.bigwig
NA18906,1,NA18906_pat_hprc_r2_v1.0.1,s3://human-pangenomics/working/HPRC_PLUS/NA18906/assemblies/release2/annotation/methylation/ont/NA18906_pat_hprc_r2_v1.0.1.R1041_minimap2_2.28.5mC.bigwig
NA20129,1,NA20129_pat_hprc_r2_v1.0.1,s3://human-pangenomics/working/HPRC_PLUS/NA20129/assemblies/release2/annotation/methylation/ont/NA20129_pat_hprc_r2_v1.0.1.R1041_minimap2_2.28.5mC.bigwig
NA21309,1,NA21309_pat_hprc_r2_v1.0.1,s3://human-pangenomics/working/HPRC_PLUS/NA21309/assemblies/release2/annotation/methylation/ont/NA21309_pat_hprc_r2_v1.0.1.R1041_minimap2_2.28.5mC.bigwig
HG00733,1,HG00733_pat_hprc_r2_v1.0.1,s3://human-pangenomics/working/HPRC_PLUS/HG00733/assemblies/release2/annotation/methylation/ont/HG00733_pat_hprc_r2_v1.0.1.R941_minimap2_2.28.5mC.bigwig
HG01243,1,HG01243_pat_hprc_r2_v1.0.1,s3://human-pangenomics/working/HPRC_PLUS/HG01243/assemblies/release2/annotation/methylation/ont/HG01243_pat_hprc_r2_v1.0.1.R941_minimap2_2.28.5mC.bigwig
NA19240,1,NA19240_pat_hprc_r2_v1.0.1,s3://human-pangenomics/working/HPRC_PLUS/NA19240/assemblies/release2/annotation/methylation/ont/NA19240_pat_hprc_r2_v1.0.1.R1041_minimap2_2.28.5mC.bigwig
HG005,1,HG005_pat_hprc_r2_v1.0.1,s3://human-pangenomics/working/HPRC_PLUS/HG005/assemblies/release2/annotation/methylation/ont/HG005_pat_hprc_r2_v1.0.1.R941_minimap2_2.28.5mC.bigwig
HG00097,1,HG00097_hap1_hprc_r2_v1.0.1,s3://human-pangenomics/working/HPRC/HG00097/assemblies/release2/annotation/methylation/ont/HG00097_hap1_hprc_r2_v1.0.1.R1041_minimap2_2.28.5mC.bigwig
HG00235,1,HG00235_hap1_hprc_r2_v1.0.1,s3://human-pangenomics/working/HPRC/HG00235/assemblies/release2/annotation/methylation/ont/HG00235_hap1_hprc_r2_v1.0.1.R1041_minimap2_2.28.5mC.bigwig
HG00253,1,HG00253_hap1_hprc_r2_v1.0.1,s3://human-pangenomics/working/HPRC/HG00253/assemblies/release2/annotation/methylation/ont/HG00253_hap1_hprc_r2_v1.0.1.R1041_minimap2_2.28.5mC.bigwig
HG00272,1,HG00272_hap1_hprc_r2_v1.0.1,s3://human-pangenomics/working/HPRC/HG00272/assemblies/release2/annotation/methylation/ont/HG00272_hap1_hprc_r2_v1.0.1.R1041_minimap2_2.28.5mC.bigwig
HG00329,1,HG00329_hap1_hprc_r2_v1.0.1,s3://human-pangenomics/working/HPRC/HG00329/assemblies/release2/annotation/methylation/ont/HG00329_hap1_hprc_r2_v1.0.1.R1041_minimap2_2.28.5mC.bigwig
HG00344,1,HG00344_hap1_hprc_r2_v1.0.1,s3://human-pangenomics/working/HPRC/HG00344/assemblies/release2/annotation/methylation/ont/HG00344_hap1_hprc_r2_v1.0.1.R1041_minimap2_2.28.5mC.bigwig
HG00350,1,HG00350_hap1_hprc_r2_v1.0.1,s3://human-pangenomics/working/HPRC/HG00350/assemblies/release2/annotation/methylation/ont/HG00350_hap1_hprc_r2_v1.0.1.R1041_minimap2_2.28.5mC.bigwig
HG01167,1,HG01167_hap1_hprc_r2_v1.0.1,s3://human-pangenomics/working/HPRC/HG01167/assemblies/release2/annotation/methylation/ont/HG01167_hap1_hprc_r2_v1.0.1.R1041_minimap2_2.28.5mC.bigwig
HG03369,1,HG03369_hap1_hprc_r2_v1.0.1,s3://human-pangenomics/working/HPRC/HG03369/assemblies/release2/annotation/methylation/ont/HG03369_hap1_hprc_r2_v1.0.1.R1041_minimap2_2.28.5mC.bigwig
HG03521,1,HG03521_hap1_hprc_r2_v1.0.1,s3://human-pangenomics/working/HPRC/HG03521/assemblies/release2/annotation/methylation/ont/HG03521_hap1_hprc_r2_v1.0.1.R1041_minimap2_2.28.5mC.bigwig
HG03784,1,HG03784_hap1_hprc_r2_v1.0.1,s3://human-pangenomics/working/HPRC/HG03784/assemblies/release2/annotation/methylation/ont/HG03784_hap1_hprc_r2_v1.0.1.R1041_minimap2_2.28.5mC.bigwig
NA18565,1,NA18565_hap1_hprc_r2_v1.0.1,s3://human-pangenomics/working/HPRC/NA18565/assemblies/release2/annotation/methylation/ont/NA18565_hap1_hprc_r2_v1.0.1.R1041_minimap2_2.28.5mC.bigwig
NA19682,1,NA19682_hap1_hprc_r2_v1.0.1,s3://human-pangenomics/working/HPRC/NA19682/assemblies/release2/annotation/methylation/ont/NA19682_hap1_hprc_r2_v1.0.1.R1041_minimap2_2.28.5mC.bigwig
NA19776,1,NA19776_hap1_hprc_r2_v1.0.1,s3://human-pangenomics/working/HPRC/NA19776/assemblies/release2/annotation/methylation/ont/NA19776_hap1_hprc_r2_v1.0.1.R1041_minimap2_2.28.5mC.bigwig
NA19835,1,NA19835_hap1_hprc_r2_v1.0.1,s3://human-pangenomics/working/HPRC/NA19835/assemblies/release2/annotation/methylation/ont/NA19835_hap1_hprc_r2_v1.0.1.R1041_minimap2_2.28.5mC.bigwig
NA19909,1,NA19909_hap1_hprc_r2_v1.0.1,s3://human-pangenomics/working/HPRC/NA19909/assemblies/release2/annotation/methylation/ont/NA19909_hap1_hprc_r2_v1.0.1.R1041_minimap2_2.28.5mC.bigwig
NA20282,1,NA20282_hap1_hprc_r2_v1.0.1,s3://human-pangenomics/working/HPRC/NA20282/assemblies/release2/annotation/methylation/ont/NA20282_hap1_hprc_r2_v1.0.1.R1041_minimap2_2.28.5mC.bigwig
NA20346,1,NA20346_hap1_hprc_r2_v1.0.1,s3://human-pangenomics/working/HPRC/NA20346/assemblies/release2/annotation/methylation/ont/NA20346_hap1_hprc_r2_v1.0.1.R1041_minimap2_2.28.5mC.bigwig
NA20809,1,NA20809_hap1_hprc_r2_v1.0.1,s3://human-pangenomics/working/HPRC/NA20809/assemblies/release2/annotation/methylation/ont/NA20809_hap1_hprc_r2_v1.0.1.R1041_minimap2_2.28.5mC.bigwig
NA20850,1,NA20850_hap1_hprc_r2_v1.0.1,s3://human-pangenomics/working/HPRC/NA20850/assemblies/release2/annotation/methylation/ont/NA20850_hap1_hprc_r2_v1.0.1.R1041_minimap2_2.28.5mC.bigwig
NA21102,1,NA21102_hap1_hprc_r2_v1.0.1,s3://human-pangenomics/working/HPRC/NA21102/assemblies/release2/annotation/methylation/ont/NA21102_hap1_hprc_r2_v1.0.1.R1041_minimap2_2.28.5mC.bigwig
NA21144,1,NA21144_hap1_hprc_r2_v1.0.1,s3://human-pangenomics/working/HPRC/NA21144/assemblies/release2/annotation/methylation/ont/NA21144_hap1_hprc_r2_v1.0.1.R1041_minimap2_2.28.5mC.bigwig
HG00735,1,HG00735_pat_hprc_r2_v1.0.1,s3://human-pangenomics/working/HPRC/HG00735/assemblies/release2/annotation/methylation/ont/HG00735_pat_hprc_r2_v1.0.1.R941_minimap2_2.28.5mC.bigwig
HG02155,1,HG02155_hap1_hprc_r2_v1.0.1,s3://human-pangenomics/working/HPRC/HG02155/assemblies/release2/annotation/methylation/ont/HG02155_hap1_hprc_r2_v1.0.1.R941_minimap2_2.28.5mC.bigwig
HG02630,1,HG02630_pat_hprc_r2_v1.0.1,s3://human-pangenomics/working/HPRC/HG02630/assemblies/release2/annotation/methylation/ont/HG02630_pat_hprc_r2_v1.0.1.R941_minimap2_2.28.5mC.bigwig
HG03139,1,HG03139_hap1_hprc_r2_v1.0.1,s3://human-pangenomics/working/HPRC/HG03139/assemblies/release2/annotation/methylation/ont/HG03139_hap1_hprc_r2_v1.0.1.R941_minimap2_2.28.5mC.bigwig
HG03470,1,HG03470_hap1_hprc_r2_v1.0.1,s3://human-pangenomics/working/HPRC/HG03470/assemblies/release2/annotation/methylation/ont/HG03470_hap1_hprc_r2_v1.0.1.R941_minimap2_2.28.5mC.bigwig
HG03579,1,HG03579_pat_hprc_r2_v1.0.1,s3://human-pangenomics/working/HPRC/HG03579/assemblies/release2/annotation/methylation/ont/HG03579_pat_hprc_r2_v1.0.1.R941_minimap2_2.28.5mC.bigwig
NA20805,1,NA20805_hap1_hprc_r2_v1.0.1,s3://human-pangenomics/working/HPRC/NA20805/assemblies/release2/annotation/methylation/ont/NA20805_hap1_hprc_r2_v1.0.1.R941_minimap2_2.28.5mC.bigwig
NA18940,1,NA18940_hap1_hprc_r2_v1.0.1,s3://human-pangenomics/working/HPP/NA18940/assemblies/release2/annotation/methylation/ont/NA18940_hap1_hprc_r2_v1.0.1.R1041_minimap2_2.28.5mC.bigwig
NA18943,1,NA18943_hap1_hprc_r2_v1.0.1,s3://human-pangenomics/working/HPP/NA18943/assemblies/release2/annotation/methylation/ont/NA18943_hap1_hprc_r2_v1.0.1.R1041_minimap2_2.28.5mC.bigwig
NA18944,1,NA18944_hap1_hprc_r2_v1.0.1,s3://human-pangenomics/working/HPP/NA18944/assemblies/release2/annotation/methylation/ont/NA18944_hap1_hprc_r2_v1.0.1.R1041_minimap2_2.28.5mC.bigwig
NA18945,1,NA18945_hap1_hprc_r2_v1.0.1,s3://human-pangenomics/working/HPP/NA18945/assemblies/release2/annotation/methylation/ont/NA18945_hap1_hprc_r2_v1.0.1.R1041_minimap2_2.28.5mC.bigwig
NA18948,1,NA18948_hap1_hprc_r2_v1.0.1,s3://human-pangenomics/working/HPP/NA18948/assemblies/release2/annotation/methylation/ont/NA18948_hap1_hprc_r2_v1.0.1.R1041_minimap2_2.28.5mC.bigwig
NA18959,1,NA18959_hap1_hprc_r2_v1.0.1,s3://human-pangenomics/working/HPP/NA18959/assemblies/release2/annotation/methylation/ont/NA18959_hap1_hprc_r2_v1.0.1.R1041_minimap2_2.28.5mC.bigwig
NA18960,1,NA18960_hap1_hprc_r2_v1.0.1,s3://human-pangenomics/working/HPP/NA18960/assemblies/release2/annotation/methylation/ont/NA18960_hap1_hprc_r2_v1.0.1.R1041_minimap2_2.28.5mC.bigwig
NA18967,1,NA18967_hap1_hprc_r2_v1.0.1,s3://human-pangenomics/working/HPP/NA18967/assemblies/release2/annotation/methylation/ont/NA18967_hap1_hprc_r2_v1.0.1.R1041_minimap2_2.28.5mC.bigwig
NA18970,1,NA18970_hap1_hprc_r2_v1.0.1,s3://human-pangenomics/working/HPP/NA18970/assemblies/release2/annotation/methylation/ont/NA18970_hap1_hprc_r2_v1.0.1.R1041_minimap2_2.28.5mC.bigwig
NA18982,1,NA18982_hap1_hprc_r2_v1.0.1,s3://human-pangenomics/working/HPP/NA18982/assemblies/release2/annotation/methylation/ont/NA18982_hap1_hprc_r2_v1.0.1.R1041_minimap2_2.28.5mC.bigwig
NA20503,1,NA20503_hap1_hprc_r2_v1.0.1,s3://human-pangenomics/working/HPRC/NA20503/assemblies/release2/annotation/methylation/ont/NA20503_hap1_hprc_r2_v1.0.1.R1041_minimap2_2.28.5mC.bigwig
NA20762,1,NA20762_hap1_hprc_r2_v1.0.1,s3://human-pangenomics/working/HPRC/NA20762/assemblies/release2/annotation/methylation/ont/NA20762_hap1_hprc_r2_v1.0.1.R1041_minimap2_2.28.5mC.bigwig
NA20806,1,NA20806_hap1_hprc_r2_v1.0.1,s3://human-pangenomics/working/HPRC/NA20806/assemblies/release2/annotation/methylation/ont/NA20806_hap1_hprc_r2_v1.0.1.R1041_minimap2_2.28.5mC.bigwig
NA20827,1,NA20827_hap1_hprc_r2_v1.0.1,s3://human-pangenomics/working/HPRC/NA20827/assemblies/release2/annotation/methylation/ont/NA20827_hap1_hprc_r2_v1.0.1.R1041_minimap2_2.28.5mC.bigwig
HG06807,1,HG06807_pat_v1,s3://human-pangenomics/working/HPRC/HG06807/assemblies/release2/annotation/methylation/ont/HG06807_pat_v1.R1041_minimap2_2.28.5mC.bigwig
HG00408,2,HG00408_mat_hprc_r2_v1.0.1,s3://human-pangenomics/working/HPRC/HG00408/assemblies/release2/annotation/methylation/ont/HG00408_mat_hprc_r2_v1.0.1.R941_minimap2_2.28.5mC.bigwig
HG00597,2,HG00597_mat_hprc_r2_v1.0.1,s3://human-pangenomics/working/HPRC/HG00597/assemblies/release2/annotation/methylation/ont/HG00597_mat_hprc_r2_v1.0.1.R941_minimap2_2.28.5mC.bigwig
HG01192,2,HG01192_mat_hprc_r2_v1.0.1,s3://human-pangenomics/working/HPRC/HG01192/assemblies/release2/annotation/methylation/ont/HG01192_mat_hprc_r2_v1.0.1.R941_minimap2_2.28.5mC.bigwig
HG01261,2,HG01261_mat_hprc_r2_v1.0.1,s3://human-pangenomics/working/HPRC/HG01261/assemblies/release2/annotation/methylation/ont/HG01261_mat_hprc_r2_v1.0.1.R941_minimap2_2.28.5mC.bigwig
HG02015,2,HG02015_mat_hprc_r2_v1.0.1,s3://human-pangenomics/working/HPRC/HG02015/assemblies/release2/annotation/methylation/ont/HG02015_mat_hprc_r2_v1.0.1.R941_minimap2_2.28.5mC.bigwig
HG02056,2,HG02056_mat_hprc_r2_v1.0.1,s3://human-pangenomics/working/HPRC/HG02056/assemblies/release2/annotation/methylation/ont/HG02056_mat_hprc_r2_v1.0.1.R941_minimap2_2.28.5mC.bigwig
HG02129,2,HG02129_mat_hprc_r2_v1.0.1,s3://human-pangenomics/working/HPRC/HG02129/assemblies/release2/annotation/methylation/ont/HG02129_mat_hprc_r2_v1.0.1.R941_minimap2_2.28.5mC.bigwig
HG02258,2,HG02258_mat_hprc_r2_v1.0.1,s3://human-pangenomics/working/HPRC/HG02258/assemblies/release2/annotation/methylation/ont/HG02258_mat_hprc_r2_v1.0.1.R941_minimap2_2.28.5mC.bigwig
HG03834,2,HG03834_mat_hprc_r2_v1.0.1,s3://human-pangenomics/working/HPRC/HG03834/assemblies/release2/annotation/methylation/ont/HG03834_mat_hprc_r2_v1.0.1.R941_minimap2_2.28.5mC.bigwig
HG01975,2,HG01975_mat_hprc_r2_v1.0.1,s3://human-pangenomics/working/HPRC/HG01975/assemblies/release2/annotation/methylation/ont/HG01975_mat_hprc_r2_v1.0.1.R941_minimap2_2.28.5mC.bigwig
HG02602,2,HG02602_mat_hprc_r2_v1.0.1,s3://human-pangenomics/working/HPRC/HG02602/assemblies/release2/annotation/methylation/ont/HG02602_mat_hprc_r2_v1.0.1.R941_minimap2_2.28.5mC.bigwig
HG04187,2,HG04187_mat_hprc_r2_v1.0.1,s3://human-pangenomics/working/HPRC/HG04187/assemblies/release2/annotation/methylation/ont/HG04187_mat_hprc_r2_v1.0.1.R941_minimap2_2.28.5mC.bigwig
NA18879,2,NA18879_hap2_hprc_r2_v1.0.1,s3://human-pangenomics/working/HPRC/NA18879/assemblies/release2/annotation/methylation/ont/NA18879_hap2_hprc_r2_v1.0.1.R1041_minimap2_2.28.5mC.bigwig
NA20752,2,NA20752_hap2_hprc_r2_v1.0.1,s3://human-pangenomics/working/HPRC/NA20752/assemblies/release2/annotation/methylation/ont/NA20752_hap2_hprc_r2_v1.0.1.R941_minimap2_2.28.5mC.bigwig
HG02145,2,HG02145_mat_hprc_r2_v1.0.1,s3://human-pangenomics/working/HPRC_PLUS/HG02145/assemblies/release2/annotation/methylation/ont/HG02145_mat_hprc_r2_v1.0.1.R941_minimap2_2.28.5mC.bigwig
HG00609,2,HG00609_mat_hprc_r2_v1.0.1,s3://human-pangenomics/working/HPRC/HG00609/assemblies/release2/annotation/methylation/ont/HG00609_mat_hprc_r2_v1.0.1.R941_minimap2_2.28.5mC.bigwig
HG00642,2,HG00642_mat_hprc_r2_v1.0.1,s3://human-pangenomics/working/HPRC/HG00642/assemblies/release2/annotation/methylation/ont/HG00642_mat_hprc_r2_v1.0.1.R941_minimap2_2.28.5mC.bigwig
HG00738,2,HG00738_mat_hprc_r2_v1.0.1,s3://human-pangenomics/working/HPRC/HG00738/assemblies/release2/annotation/methylation/ont/HG00738_mat_hprc_r2_v1.0.1.R941_minimap2_2.28.5mC.bigwig
HG01099,2,HG01099_mat_hprc_r2_v1.0.1,s3://human-pangenomics/working/HPRC/HG01099/assemblies/release2/annotation/methylation/ont/HG01099_mat_hprc_r2_v1.0.1.R941_minimap2_2.28.5mC.bigwig
HG01255,2,HG01255_mat_hprc_r2_v1.0.1,s3://human-pangenomics/working/HPRC/HG01255/assemblies/release2/annotation/methylation/ont/HG01255_mat_hprc_r2_v1.0.1.R941_minimap2_2.28.5mC.bigwig
HG01346,2,HG01346_mat_hprc_r2_v1.0.1,s3://human-pangenomics/working/HPRC/HG01346/assemblies/release2/annotation/methylation/ont/HG01346_mat_hprc_r2_v1.0.1.R941_minimap2_2.28.5mC.bigwig
HG01433,2,HG01433_mat_hprc_r2_v1.0.1,s3://human-pangenomics/working/HPRC/HG01433/assemblies/release2/annotation/methylation/ont/HG01433_mat_hprc_r2_v1.0.1.R941_minimap2_2.28.5mC.bigwig
HG01496,2,HG01496_mat_hprc_r2_v1.0.1,s3://human-pangenomics/working/HPRC/HG01496/assemblies/release2/annotation/methylation/ont/HG01496_mat_hprc_r2_v1.0.1.R941_minimap2_2.28.5mC.bigwig
HG01884,2,HG01884_mat_hprc_r2_v1.0.1,s3://human-pangenomics/working/HPRC/HG01884/assemblies/release2/annotation/methylation/ont/HG01884_mat_hprc_r2_v1.0.1.R941_minimap2_2.28.5mC.bigwig
HG01981,2,HG01981_mat_hprc_r2_v1.0.1,s3://human-pangenomics/working/HPRC/HG01981/assemblies/release2/annotation/methylation/ont/HG01981_mat_hprc_r2_v1.0.1.R941_minimap2_2.28.5mC.bigwig
HG01993,2,HG01993_mat_hprc_r2_v1.0.1,s3://human-pangenomics/working/HPRC/HG01993/assemblies/release2/annotation/methylation/ont/HG01993_mat_hprc_r2_v1.0.1.R941_minimap2_2.28.5mC.bigwig
HG02004,2,HG02004_mat_hprc_r2_v1.0.1,s3://human-pangenomics/working/HPRC/HG02004/assemblies/release2/annotation/methylation/ont/HG02004_mat_hprc_r2_v1.0.1.R941_minimap2_2.28.5mC.bigwig
HG02027,2,HG02027_mat_hprc_r2_v1.0.1,s3://human-pangenomics/working/HPRC/HG02027/assemblies/release2/annotation/methylation/ont/HG02027_mat_hprc_r2_v1.0.1.R941_minimap2_2.28.5mC.bigwig
HG02083,2,HG02083_mat_hprc_r2_v1.0.1,s3://human-pangenomics/working/HPRC/HG02083/assemblies/release2/annotation/methylation/ont/HG02083_mat_hprc_r2_v1.0.1.R941_minimap2_2.28.5mC.bigwig
HG02132,2,HG02132_mat_hprc_r2_v1.0.1,s3://human-pangenomics/working/HPRC/HG02132/assemblies/release2/annotation/methylation/ont/HG02132_mat_hprc_r2_v1.0.1.R941_minimap2_2.28.5mC.bigwig
HG02280,2,HG02280_mat_hprc_r2_v1.0.1,s3://human-pangenomics/working/HPRC/HG02280/assemblies/release2/annotation/methylation/ont/HG02280_mat_hprc_r2_v1.0.1.R941_minimap2_2.28.5mC.bigwig
HG02293,2,HG02293_mat_hprc_r2_v1.0.1,s3://human-pangenomics/working/HPRC/HG02293/assemblies/release2/annotation/methylation/ont/HG02293_mat_hprc_r2_v1.0.1.R941_minimap2_2.28.5mC.bigwig
HG02300,2,HG02300_mat_hprc_r2_v1.0.1,s3://human-pangenomics/working/HPRC/HG02300/assemblies/release2/annotation/methylation/ont/HG02300_mat_hprc_r2_v1.0.1.R941_minimap2_2.28.5mC.bigwig
HG02451,2,HG02451_mat_hprc_r2_v1.0.1,s3://human-pangenomics/working/HPRC/HG02451/assemblies/release2/annotation/methylation/ont/HG02451_mat_hprc_r2_v1.0.1.R941_minimap2_2.28.5mC.bigwig
HG02523,2,HG02523_mat_hprc_r2_v1.0.1,s3://human-pangenomics/working/HPRC/HG02523/assemblies/release2/annotation/methylation/ont/HG02523_mat_hprc_r2_v1.0.1.R941_minimap2_2.28.5mC.bigwig
HG02615,2,HG02615_mat_hprc_r2_v1.0.1,s3://human-pangenomics/working/HPRC/HG02615/assemblies/release2/annotation/methylation/ont/HG02615_mat_hprc_r2_v1.0.1.R941_minimap2_2.28.5mC.bigwig
HG02647,2,HG02647_mat_hprc_r2_v1.0.1,s3://human-pangenomics/working/HPRC/HG02647/assemblies/release2/annotation/methylation/ont/HG02647_mat_hprc_r2_v1.0.1.R941_minimap2_2.28.5mC.bigwig
HG02698,2,HG02698_mat_hprc_r2_v1.0.1,s3://human-pangenomics/working/HPRC/HG02698/assemblies/release2/annotation/methylation/ont/HG02698_mat_hprc_r2_v1.0.1.R941_minimap2_2.28.5mC.bigwig
HG03654,2,HG03654_mat_hprc_r2_v1.0.1,s3://human-pangenomics/working/HPRC/HG03654/assemblies/release2/annotation/methylation/ont/HG03654_mat_hprc_r2_v1.0.1.R941_minimap2_2.28.5mC.bigwig
HG03669,2,HG03669_mat_hprc_r2_v1.0.1,s3://human-pangenomics/working/HPRC/HG03669/assemblies/release2/annotation/methylation/ont/HG03669_mat_hprc_r2_v1.0.1.R941_minimap2_2.28.5mC.bigwig
HG03688,2,HG03688_mat_hprc_r2_v1.0.1,s3://human-pangenomics/working/HPRC/HG03688/assemblies/release2/annotation/methylation/ont/HG03688_mat_hprc_r2_v1.0.1.R941_minimap2_2.28.5mC.bigwig
HG03704,2,HG03704_mat_hprc_r2_v1.0.1,s3://human-pangenomics/working/HPRC/HG03704/assemblies/release2/annotation/methylation/ont/HG03704_mat_hprc_r2_v1.0.1.R941_minimap2_2.28.5mC.bigwig
HG03710,2,HG03710_mat_hprc_r2_v1.0.1,s3://human-pangenomics/working/HPRC/HG03710/assemblies/release2/annotation/methylation/ont/HG03710_mat_hprc_r2_v1.0.1.R941_minimap2_2.28.5mC.bigwig
HG03831,2,HG03831_mat_hprc_r2_v1.0.1,s3://human-pangenomics/working/HPRC/HG03831/assemblies/release2/annotation/methylation/ont/HG03831_mat_hprc_r2_v1.0.1.R941_minimap2_2.28.5mC.bigwig
HG03927,2,HG03927_mat_hprc_r2_v1.0.1,s3://human-pangenomics/working/HPRC/HG03927/assemblies/release2/annotation/methylation/ont/HG03927_mat_hprc_r2_v1.0.1.R941_minimap2_2.28.5mC.bigwig
HG04115,2,HG04115_mat_hprc_r2_v1.0.1,s3://human-pangenomics/working/HPRC/HG04115/assemblies/release2/annotation/methylation/ont/HG04115_mat_hprc_r2_v1.0.1.R941_minimap2_2.28.5mC.bigwig
HG04184,2,HG04184_mat_hprc_r2_v1.0.1,s3://human-pangenomics/working/HPRC/HG04184/assemblies/release2/annotation/methylation/ont/HG04184_mat_hprc_r2_v1.0.1.R941_minimap2_2.28.5mC.bigwig
HG04199,2,HG04199_mat_hprc_r2_v1.0.1,s3://human-pangenomics/working/HPRC/HG04199/assemblies/release2/annotation/methylation/ont/HG04199_mat_hprc_r2_v1.0.1.R941_minimap2_2.28.5mC.bigwig
HG02738,2,HG02738_mat_hprc_r2_v1.0.1,s3://human-pangenomics/working/HPRC/HG02738/assemblies/release2/annotation/methylation/ont/HG02738_mat_hprc_r2_v1.0.1.R941_minimap2_2.28.5mC.bigwig
HG00621,2,HG00621_mat_hprc_r2_v1.0.1,s3://human-pangenomics/working/HPRC/HG00621/assemblies/release2/annotation/methylation/ont/HG00621_mat_hprc_r2_v1.0.1.R941_minimap2_2.28.5mC.bigwig
HG00741,2,HG00741_mat_hprc_r2_v1.0.1,s3://human-pangenomics/working/HPRC/HG00741/assemblies/release2/annotation/methylation/ont/HG00741_mat_hprc_r2_v1.0.1.R941_minimap2_2.28.5mC.bigwig
HG01106,2,HG01106_mat_hprc_r2_v1.0.1,s3://human-pangenomics/working/HPRC/HG01106/assemblies/release2/annotation/methylation/ont/HG01106_mat_hprc_r2_v1.0.1.R941_minimap2_2.28.5mC.bigwig
HG01175,2,HG01175_mat_hprc_r2_v1.0.1,s3://human-pangenomics/working/HPRC/HG01175/assemblies/release2/annotation/methylation/ont/HG01175_mat_hprc_r2_v1.0.1.R941_minimap2_2.28.5mC.bigwig
HG01258,2,HG01258_mat_hprc_r2_v1.0.1,s3://human-pangenomics/working/HPRC/HG01258/assemblies/release2/annotation/methylation/ont/HG01258_mat_hprc_r2_v1.0.1.R941_minimap2_2.28.5mC.bigwig
HG01891,2,HG01891_mat_hprc_r2_v1.0.1,s3://human-pangenomics/working/HPRC/HG01891/assemblies/release2/annotation/methylation/ont/HG01891_mat_hprc_r2_v1.0.1.R941_minimap2_2.28.5mC.bigwig
HG01952,2,HG01952_mat_hprc_r2_v1.0.1,s3://human-pangenomics/working/HPRC/HG01952/assemblies/release2/annotation/methylation/ont/HG01952_mat_hprc_r2_v1.0.1.R941_minimap2_2.28.5mC.bigwig
HG02148,2,HG02148_mat_hprc_r2_v1.0.1,s3://human-pangenomics/working/HPRC/HG02148/assemblies/release2/annotation/methylation/ont/HG02148_mat_hprc_r2_v1.0.1.R941_minimap2_2.28.5mC.bigwig
HG02486,2,HG02486_mat_hprc_r2_v1.0.1,s3://human-pangenomics/working/HPRC/HG02486/assemblies/release2/annotation/methylation/ont/HG02486_mat_hprc_r2_v1.0.1.R941_minimap2_2.28.5mC.bigwig
HG02559,2,HG02559_mat_hprc_r2_v1.0.1,s3://human-pangenomics/working/HPRC/HG02559/assemblies/release2/annotation/methylation/ont/HG02559_mat_hprc_r2_v1.0.1.R941_minimap2_2.28.5mC.bigwig
HG02572,2,HG02572_mat_hprc_r2_v1.0.1,s3://human-pangenomics/working/HPRC/HG02572/assemblies/release2/annotation/methylation/ont/HG02572_mat_hprc_r2_v1.0.1.R941_minimap2_2.28.5mC.bigwig
HG02622,2,HG02622_mat_hprc_r2_v1.0.1,s3://human-pangenomics/working/HPRC/HG02622/assemblies/release2/annotation/methylation/ont/HG02622_mat_hprc_r2_v1.0.1.R941_minimap2_2.28.5mC.bigwig
HG02886,2,HG02886_mat_hprc_r2_v1.0.1,s3://human-pangenomics/working/HPRC/HG02886/assemblies/release2/annotation/methylation/ont/HG02886_mat_hprc_r2_v1.0.1.R941_minimap2_2.28.5mC.bigwig
HG03453,2,HG03453_mat_hprc_r2_v1.0.1,s3://human-pangenomics/working/HPRC/HG03453/assemblies/release2/annotation/methylation/ont/HG03453_mat_hprc_r2_v1.0.1.R941_minimap2_2.28.5mC.bigwig
HG03540,2,HG03540_mat_hprc_r2_v1.0.1,s3://human-pangenomics/working/HPRC/HG03540/assemblies/release2/annotation/methylation/ont/HG03540_mat_hprc_r2_v1.0.1.R941_minimap2_2.28.5mC.bigwig
HG00099,2,HG00099_hap2_hprc_r2_v1.0.1,s3://human-pangenomics/working/HPRC/HG00099/assemblies/release2/annotation/methylation/ont/HG00099_hap2_hprc_r2_v1.0.1.R941_minimap2_2.28.5mC.bigwig
HG00140,2,HG00140_hap2_hprc_r2_v1.0.1,s3://human-pangenomics/working/HPRC/HG00140/assemblies/release2/annotation/methylation/ont/HG00140_hap2_hprc_r2_v1.0.1.R941_minimap2_2.28.5mC.bigwig
HG00280,2,HG00280_hap2_hprc_r2_v1.0.1,s3://human-pangenomics/working/HPRC/HG00280/assemblies/release2/annotation/methylation/ont/HG00280_hap2_hprc_r2_v1.0.1.R941_minimap2_2.28.5mC.bigwig
HG00323,2,HG00323_hap2_hprc_r2_v1.0.1,s3://human-pangenomics/working/HPRC/HG00323/assemblies/release2/annotation/methylation/ont/HG00323_hap2_hprc_r2_v1.0.1.R941_minimap2_2.28.5mC.bigwig
HG02040,2,HG02040_hap2_hprc_r2_v1.0.1,s3://human-pangenomics/working/HPRC/HG02040/assemblies/release2/annotation/methylation/ont/HG02040_hap2_hprc_r2_v1.0.1.R941_minimap2_2.28.5mC.bigwig
HG02165,2,HG02165_hap2_hprc_r2_v1.0.1,s3://human-pangenomics/working/HPRC/HG02165/assemblies/release2/annotation/methylation/ont/HG02165_hap2_hprc_r2_v1.0.1.R941_minimap2_2.28.5mC.bigwig
HG02273,2,HG02273_hap2_hprc_r2_v1.0.1,s3://human-pangenomics/working/HPRC/HG02273/assemblies/release2/annotation/methylation/ont/HG02273_hap2_hprc_r2_v1.0.1.R941_minimap2_2.28.5mC.bigwig
HG02922,2,HG02922_hap2_hprc_r2_v1.0.1,s3://human-pangenomics/working/HPRC/HG02922/assemblies/release2/annotation/methylation/ont/HG02922_hap2_hprc_r2_v1.0.1.R941_minimap2_2.28.5mC.bigwig
HG02965,2,HG02965_hap2_hprc_r2_v1.0.1,s3://human-pangenomics/working/HPRC/HG02965/assemblies/release2/annotation/methylation/ont/HG02965_hap2_hprc_r2_v1.0.1.R941_minimap2_2.28.5mC.bigwig
HG02976,2,HG02976_hap2_hprc_r2_v1.0.1,s3://human-pangenomics/working/HPRC/HG02976/assemblies/release2/annotation/methylation/ont/HG02976_hap2_hprc_r2_v1.0.1.R941_minimap2_2.28.5mC.bigwig
HG03130,2,HG03130_hap2_hprc_r2_v1.0.1,s3://human-pangenomics/working/HPRC/HG03130/assemblies/release2/annotation/methylation/ont/HG03130_hap2_hprc_r2_v1.0.1.R941_minimap2_2.28.5mC.bigwig
HG03195,2,HG03195_hap2_hprc_r2_v1.0.1,s3://human-pangenomics/working/HPRC/HG03195/assemblies/release2/annotation/methylation/ont/HG03195_hap2_hprc_r2_v1.0.1.R941_minimap2_2.28.5mC.bigwig
HG03209,2,HG03209_hap2_hprc_r2_v1.0.1,s3://human-pangenomics/working/HPRC/HG03209/assemblies/release2/annotation/methylation/ont/HG03209_hap2_hprc_r2_v1.0.1.R941_minimap2_2.28.5mC.bigwig
NA18522,2,NA18522_hap2_hprc_r2_v1.0.1,s3://human-pangenomics/working/HPRC/NA18522/assemblies/release2/annotation/methylation/ont/NA18522_hap2_hprc_r2_v1.0.1.R941_minimap2_2.28.5mC.bigwig
NA18747,2,NA18747_hap2_hprc_r2_v1.0.1,s3://human-pangenomics/working/HPRC/NA18747/assemblies/release2/annotation/methylation/ont/NA18747_hap2_hprc_r2_v1.0.1.R941_minimap2_2.28.5mC.bigwig
NA18971,2,NA18971_hap2_hprc_r2_v1.0.1,s3://human-pangenomics/working/HPRC/NA18971/assemblies/release2/annotation/methylation/ont/NA18971_hap2_hprc_r2_v1.0.1.R941_minimap2_2.28.5mC.bigwig
NA18983,2,NA18983_hap2_hprc_r2_v1.0.1,s3://human-pangenomics/working/HPRC/NA18983/assemblies/release2/annotation/methylation/ont/NA18983_hap2_hprc_r2_v1.0.1.R941_minimap2_2.28.5mC.bigwig
NA19043,2,NA19043_hap2_hprc_r2_v1.0.1,s3://human-pangenomics/working/HPRC/NA19043/assemblies/release2/annotation/methylation/ont/NA19043_hap2_hprc_r2_v1.0.1.R941_minimap2_2.28.5mC.bigwig
NA20905,2,NA20905_hap2_hprc_r2_v1.0.1,s3://human-pangenomics/working/HPRC/NA20905/assemblies/release2/annotation/methylation/ont/NA20905_hap2_hprc_r2_v1.0.1.R941_minimap2_2.28.5mC.bigwig
HG01530,2,HG01530_hap2_hprc_r2_v1.0.1,s3://human-pangenomics/working/HPRC/HG01530/assemblies/release2/annotation/methylation/ont/HG01530_hap2_hprc_r2_v1.0.1.R941_minimap2_2.28.5mC.bigwig
HG01784,2,HG01784_hap2_hprc_r2_v1.0.1,s3://human-pangenomics/working/HPRC/HG01784/assemblies/release2/annotation/methylation/ont/HG01784_hap2_hprc_r2_v1.0.1.R941_minimap2_2.28.5mC.bigwig
HG02391,2,HG02391_hap2_hprc_r2_v1.0.1,s3://human-pangenomics/working/HPRC/HG02391/assemblies/release2/annotation/methylation/ont/HG02391_hap2_hprc_r2_v1.0.1.R941_minimap2_2.28.5mC.bigwig
HG03471,2,HG03471_hap2_hprc_r2_v1.0.1,s3://human-pangenomics/working/HPRC/HG03471/assemblies/release2/annotation/methylation/ont/HG03471_hap2_hprc_r2_v1.0.1.R941_minimap2_2.28.5mC.bigwig
HG03742,2,HG03742_hap2_hprc_r2_v1.0.1,s3://human-pangenomics/working/HPRC/HG03742/assemblies/release2/annotation/methylation/ont/HG03742_hap2_hprc_r2_v1.0.1.R941_minimap2_2.28.5mC.bigwig
NA18570,2,NA18570_hap2_hprc_r2_v1.0.1,s3://human-pangenomics/working/HPRC/NA18570/assemblies/release2/annotation/methylation/ont/NA18570_hap2_hprc_r2_v1.0.1.R941_minimap2_2.28.5mC.bigwig
NA19087,2,NA19087_hap2_hprc_r2_v1.0.1,s3://human-pangenomics/working/HPRC/NA19087/assemblies/release2/annotation/methylation/ont/NA19087_hap2_hprc_r2_v1.0.1.R941_minimap2_2.28.5mC.bigwig
NA19185,2,NA19185_hap2_hprc_r2_v1.0.1,s3://human-pangenomics/working/HPRC/NA19185/assemblies/release2/annotation/methylation/ont/NA19185_hap2_hprc_r2_v1.0.1.R941_minimap2_2.28.5mC.bigwig
NA19338,2,NA19338_hap2_hprc_r2_v1.0.1,s3://human-pangenomics/working/HPRC/NA19338/assemblies/release2/annotation/methylation/ont/NA19338_hap2_hprc_r2_v1.0.1.R941_minimap2_2.28.5mC.bigwig
NA19391,2,NA19391_hap2_hprc_r2_v1.0.1,s3://human-pangenomics/working/HPRC/NA19391/assemblies/release2/annotation/methylation/ont/NA19391_hap2_hprc_r2_v1.0.1.R941_minimap2_2.28.5mC.bigwig
NA19468,2,NA19468_hap2_hprc_r2_v1.0.1,s3://human-pangenomics/working/HPRC/NA19468/assemblies/release2/annotation/methylation/ont/NA19468_hap2_hprc_r2_v1.0.1.R941_minimap2_2.28.5mC.bigwig
HG00438,2,HG00438_mat_hprc_r2_v1.0.1,s3://human-pangenomics/working/HPRC/HG00438/assemblies/release2/annotation/methylation/ont/HG00438_mat_hprc_r2_v1.0.1.R941_minimap2_2.28.5mC.bigwig
HG00558,2,HG00558_mat_hprc_r2_v1.0.1,s3://human-pangenomics/working/HPRC/HG00558/assemblies/release2/annotation/methylation/ont/HG00558_mat_hprc_r2_v1.0.1.R941_minimap2_2.28.5mC.bigwig
HG00639,2,HG00639_mat_hprc_r2_v1.0.1,s3://human-pangenomics/working/HPRC/HG00639/assemblies/release2/annotation/methylation/ont/HG00639_mat_hprc_r2_v1.0.1.R941_minimap2_2.28.5mC.bigwig
HG00658,2,HG00658_mat_hprc_r2_v1.0.1,s3://human-pangenomics/working/HPRC/HG00658/assemblies/release2/annotation/methylation/ont/HG00658_mat_hprc_r2_v1.0.1.R941_minimap2_2.28.5mC.bigwig
HG00673,2,HG00673_mat_hprc_r2_v1.0.1,s3://human-pangenomics/working/HPRC/HG00673/assemblies/release2/annotation/methylation/ont/HG00673_mat_hprc_r2_v1.0.1.R941_minimap2_2.28.5mC.bigwig
HG01071,2,HG01071_mat_hprc_r2_v1.0.1,s3://human-pangenomics/working/HPRC/HG01071/assemblies/release2/annotation/methylation/ont/HG01071_mat_hprc_r2_v1.0.1.R941_minimap2_2.28.5mC.bigwig
HG01074,2,HG01074_mat_hprc_r2_v1.0.1,s3://human-pangenomics/working/HPRC/HG01074/assemblies/release2/annotation/methylation/ont/HG01074_mat_hprc_r2_v1.0.1.R941_minimap2_2.28.5mC.bigwig
HG01081,2,HG01081_mat_hprc_r2_v1.0.1,s3://human-pangenomics/working/HPRC/HG01081/assemblies/release2/annotation/methylation/ont/HG01081_mat_hprc_r2_v1.0.1.R941_minimap2_2.28.5mC.bigwig
HG01123,2,HG01123_mat_hprc_r2_v1.0.1,s3://human-pangenomics/working/HPRC/HG01123/assemblies/release2/annotation/methylation/ont/HG01123_mat_hprc_r2_v1.0.1.R941_minimap2_2.28.5mC.bigwig
HG01150,2,HG01150_mat_hprc_r2_v1.0.1,s3://human-pangenomics/working/HPRC/HG01150/assemblies/release2/annotation/methylation/ont/HG01150_mat_hprc_r2_v1.0.1.R941_minimap2_2.28.5mC.bigwig
HG01252,2,HG01252_mat_hprc_r2_v1.0.1,s3://human-pangenomics/working/HPRC/HG01252/assemblies/release2/annotation/methylation/ont/HG01252_mat_hprc_r2_v1.0.1.R941_minimap2_2.28.5mC.bigwig
HG01358,2,HG01358_mat_hprc_r2_v1.0.1,s3://human-pangenomics/working/HPRC/HG01358/assemblies/release2/annotation/methylation/ont/HG01358_mat_hprc_r2_v1.0.1.R941_minimap2_2.28.5mC.bigwig
HG01361,2,HG01361_mat_hprc_r2_v1.0.1,s3://human-pangenomics/working/HPRC/HG01361/assemblies/release2/annotation/methylation/ont/HG01361_mat_hprc_r2_v1.0.1.R941_minimap2_2.28.5mC.bigwig
HG01928,2,HG01928_mat_hprc_r2_v1.0.1,s3://human-pangenomics/working/HPRC/HG01928/assemblies/release2/annotation/methylation/ont/HG01928_mat_hprc_r2_v1.0.1.R941_minimap2_2.28.5mC.bigwig
HG01934,2,HG01934_mat_hprc_r2_v1.0.1,s3://human-pangenomics/working/HPRC/HG01934/assemblies/release2/annotation/methylation/ont/HG01934_mat_hprc_r2_v1.0.1.R941_minimap2_2.28.5mC.bigwig
HG01940,2,HG01940_mat_hprc_r2_v1.0.1,s3://human-pangenomics/working/HPRC/HG01940/assemblies/release2/annotation/methylation/ont/HG01940_mat_hprc_r2_v1.0.1.R941_minimap2_2.28.5mC.bigwig
HG01960,2,HG01960_mat_hprc_r2_v1.0.1,s3://human-pangenomics/working/HPRC/HG01960/assemblies/release2/annotation/methylation/ont/HG01960_mat_hprc_r2_v1.0.1.R941_minimap2_2.28.5mC.bigwig
HG01969,2,HG01969_mat_hprc_r2_v1.0.1,s3://human-pangenomics/working/HPRC/HG01969/assemblies/release2/annotation/methylation/ont/HG01969_mat_hprc_r2_v1.0.1.R941_minimap2_2.28.5mC.bigwig
HG01978,2,HG01978_mat_hprc_r2_v1.1.0,s3://human-pangenomics/working/HPRC/HG01978/assemblies/release2/annotation/methylation/ont/HG01978_mat_hprc_r2_v1.1.0.R941_minimap2_2.28.5mC.bigwig
HG02071,2,HG02071_mat_hprc_r2_v1.0.1,s3://human-pangenomics/working/HPRC/HG02071/assemblies/release2/annotation/methylation/ont/HG02071_mat_hprc_r2_v1.0.1.R941_minimap2_2.28.5mC.bigwig
HG02074,2,HG02074_mat_hprc_r2_v1.0.1,s3://human-pangenomics/working/HPRC/HG02074/assemblies/release2/annotation/methylation/ont/HG02074_mat_hprc_r2_v1.0.1.R941_minimap2_2.28.5mC.bigwig
HG02135,2,HG02135_mat_hprc_r2_v1.0.1,s3://human-pangenomics/working/HPRC/HG02135/assemblies/release2/annotation/methylation/ont/HG02135_mat_hprc_r2_v1.0.1.R941_minimap2_2.28.5mC.bigwig
HG02257,2,HG02257_mat_hprc_r2_v1.1.0,s3://human-pangenomics/working/HPRC/HG02257/assemblies/release2/annotation/methylation/ont/HG02257_mat_hprc_r2_v1.1.0.R941_minimap2_2.28.5mC.bigwig
HG02668,2,HG02668_mat_hprc_r2_v1.0.1,s3://human-pangenomics/working/HPRC/HG02668/assemblies/release2/annotation/methylation/ont/HG02668_mat_hprc_r2_v1.0.1.R941_minimap2_2.28.5mC.bigwig
HG02717,2,HG02717_mat_hprc_r2_v1.0.1,s3://human-pangenomics/working/HPRC/HG02717/assemblies/release2/annotation/methylation/ont/HG02717_mat_hprc_r2_v1.0.1.R941_minimap2_2.28.5mC.bigwig
HG02809,2,HG02809_mat_hprc_r2_v1.0.1,s3://human-pangenomics/working/HPRC/HG02809/assemblies/release2/annotation/methylation/ont/HG02809_mat_hprc_r2_v1.0.1.R941_minimap2_2.28.5mC.bigwig
HG03017,2,HG03017_mat_hprc_r2_v1.0.1,s3://human-pangenomics/working/HPRC/HG03017/assemblies/release2/annotation/methylation/ont/HG03017_mat_hprc_r2_v1.0.1.R941_minimap2_2.28.5mC.bigwig
HG03041,2,HG03041_mat_hprc_r2_v1.0.1,s3://human-pangenomics/working/HPRC/HG03041/assemblies/release2/annotation/methylation/ont/HG03041_mat_hprc_r2_v1.0.1.R941_minimap2_2.28.5mC.bigwig
HG03239,2,HG03239_mat_hprc_r2_v1.0.1,s3://human-pangenomics/working/HPRC/HG03239/assemblies/release2/annotation/methylation/ont/HG03239_mat_hprc_r2_v1.0.1.R941_minimap2_2.28.5mC.bigwig
HG03516,2,HG03516_mat_hprc_r2_v1.1.0,s3://human-pangenomics/working/HPRC/HG03516/assemblies/release2/annotation/methylation/ont/HG03516_mat_hprc_r2_v1.1.0.R941_minimap2_2.28.5mC.bigwig
HG03804,2,HG03804_mat_hprc_r2_v1.0.1,s3://human-pangenomics/working/HPRC/HG03804/assemblies/release2/annotation/methylation/ont/HG03804_mat_hprc_r2_v1.0.1.R941_minimap2_2.28.5mC.bigwig
HG03942,2,HG03942_mat_hprc_r2_v1.0.1,s3://human-pangenomics/working/HPRC/HG03942/assemblies/release2/annotation/methylation/ont/HG03942_mat_hprc_r2_v1.0.1.R941_minimap2_2.28.5mC.bigwig
HG04157,2,HG04157_mat_hprc_r2_v1.0.1,s3://human-pangenomics/working/HPRC/HG04157/assemblies/release2/annotation/methylation/ont/HG04157_mat_hprc_r2_v1.0.1.R941_minimap2_2.28.5mC.bigwig
HG04160,2,HG04160_mat_hprc_r2_v1.0.1,s3://human-pangenomics/working/HPRC/HG04160/assemblies/release2/annotation/methylation/ont/HG04160_mat_hprc_r2_v1.0.1.R941_minimap2_2.28.5mC.bigwig
HG04204,2,HG04204_mat_hprc_r2_v1.0.1,s3://human-pangenomics/working/HPRC/HG04204/assemblies/release2/annotation/methylation/ont/HG04204_mat_hprc_r2_v1.0.1.R941_minimap2_2.28.5mC.bigwig
HG04228,2,HG04228_mat_hprc_r2_v1.0.1,s3://human-pangenomics/working/HPRC/HG04228/assemblies/release2/annotation/methylation/ont/HG04228_mat_hprc_r2_v1.0.1.R941_minimap2_2.28.5mC.bigwig
HG00706,2,HG00706_mat_hprc_r2_v1.0.1,s3://human-pangenomics/working/HPRC/HG00706/assemblies/release2/annotation/methylation/ont/HG00706_mat_hprc_r2_v1.0.1.R941_minimap2_2.28.5mC.bigwig
HG03816,2,HG03816_mat_hprc_r2_v1.0.1,s3://human-pangenomics/working/HPRC/HG03816/assemblies/release2/annotation/methylation/ont/HG03816_mat_hprc_r2_v1.0.1.R941_minimap2_2.28.5mC.bigwig
HG00423,2,HG00423_mat_hprc_r2_v1.0.1,s3://human-pangenomics/working/HPRC/HG00423/assemblies/release2/annotation/methylation/ont/HG00423_mat_hprc_r2_v1.0.1.R941_minimap2_2.28.5mC.bigwig
HG00544,2,HG00544_mat_hprc_r2_v1.0.1,s3://human-pangenomics/working/HPRC/HG00544/assemblies/release2/annotation/methylation/ont/HG00544_mat_hprc_r2_v1.0.1.R941_minimap2_2.28.5mC.bigwig
HG01943,2,HG01943_mat_hprc_r2_v1.0.1,s3://human-pangenomics/working/HPRC/HG01943/assemblies/release2/annotation/methylation/ont/HG01943_mat_hprc_r2_v1.0.1.R941_minimap2_2.28.5mC.bigwig
HG02735,2,HG02735_mat_hprc_r2_v1.0.1,s3://human-pangenomics/working/HPRC/HG02735/assemblies/release2/annotation/methylation/ont/HG02735_mat_hprc_r2_v1.0.1.R941_minimap2_2.28.5mC.bigwig
HG03225,2,HG03225_hap2_hprc_r2_v1.0.1,s3://human-pangenomics/working/HPRC/HG03225/assemblies/release2/annotation/methylation/ont/HG03225_hap2_hprc_r2_v1.0.1.R941_minimap2_2.28.5mC.bigwig
NA19159,2,NA19159_hap2_hprc_r2_v1.0.1,s3://human-pangenomics/working/HPRC/NA19159/assemblies/release2/annotation/methylation/ont/NA19159_hap2_hprc_r2_v1.0.1.R941_minimap2_2.28.5mC.bigwig
HG00126,2,HG00126_hap2_hprc_r2_v1.0.1,s3://human-pangenomics/working/HPRC/HG00126/assemblies/release2/annotation/methylation/ont/HG00126_hap2_hprc_r2_v1.0.1.R1041_minimap2_2.28.5mC.bigwig
HG00128,2,HG00128_hap2_hprc_r2_v1.0.1,s3://human-pangenomics/working/HPRC/HG00128/assemblies/release2/annotation/methylation/ont/HG00128_hap2_hprc_r2_v1.0.1.R1041_minimap2_2.28.5mC.bigwig
HG00133,2,HG00133_hap2_hprc_r2_v1.0.1,s3://human-pangenomics/working/HPRC/HG00133/assemblies/release2/annotation/methylation/ont/HG00133_hap2_hprc_r2_v1.0.1.R1041_minimap2_2.28.5mC.bigwig
HG00146,2,HG00146_hap2_hprc_r2_v1.0.1,s3://human-pangenomics/working/HPRC/HG00146/assemblies/release2/annotation/methylation/ont/HG00146_hap2_hprc_r2_v1.0.1.R1041_minimap2_2.28.5mC.bigwig
HG00232,2,HG00232_hap2_hprc_r2_v1.0.1,s3://human-pangenomics/working/HPRC/HG00232/assemblies/release2/annotation/methylation/ont/HG00232_hap2_hprc_r2_v1.0.1.R1041_minimap2_2.28.5mC.bigwig
HG00290,2,HG00290_hap2_hprc_r2_v1.0.1,s3://human-pangenomics/working/HPRC/HG00290/assemblies/release2/annotation/methylation/ont/HG00290_hap2_hprc_r2_v1.0.1.R1041_minimap2_2.28.5mC.bigwig
HG00320,2,HG00320_hap2_hprc_r2_v1.0.1,s3://human-pangenomics/working/HPRC/HG00320/assemblies/release2/annotation/methylation/ont/HG00320_hap2_hprc_r2_v1.0.1.R1041_minimap2_2.28.5mC.bigwig
HG00321,2,HG00321_hap2_hprc_r2_v1.0.1,s3://human-pangenomics/working/HPRC/HG00321/assemblies/release2/annotation/methylation/ont/HG00321_hap2_hprc_r2_v1.0.1.R1041_minimap2_2.28.5mC.bigwig
HG01786,2,HG01786_hap2_hprc_r2_v1.0.1,s3://human-pangenomics/working/HPRC/HG01786/assemblies/release2/annotation/methylation/ont/HG01786_hap2_hprc_r2_v1.0.1.R1041_minimap2_2.28.5mC.bigwig
HG02178,2,HG02178_hap2_hprc_r2_v1.0.1,s3://human-pangenomics/working/HPRC/HG02178/assemblies/release2/annotation/methylation/ont/HG02178_hap2_hprc_r2_v1.0.1.R1041_minimap2_2.28.5mC.bigwig
HG02583,2,HG02583_hap2_hprc_r2_v1.0.1,s3://human-pangenomics/working/HPRC/HG02583/assemblies/release2/annotation/methylation/ont/HG02583_hap2_hprc_r2_v1.0.1.R1041_minimap2_2.28.5mC.bigwig
HG03270,2,HG03270_hap2_hprc_r2_v1.0.1,s3://human-pangenomics/working/HPRC/HG03270/assemblies/release2/annotation/methylation/ont/HG03270_hap2_hprc_r2_v1.0.1.R1041_minimap2_2.28.5mC.bigwig
HG03583,2,HG03583_hap2_hprc_r2_v1.0.1,s3://human-pangenomics/working/HPRC/HG03583/assemblies/release2/annotation/methylation/ont/HG03583_hap2_hprc_r2_v1.0.1.R1041_minimap2_2.28.5mC.bigwig
HG03874,2,HG03874_hap2_hprc_r2_v1.0.1,s3://human-pangenomics/working/HPRC/HG03874/assemblies/release2/annotation/methylation/ont/HG03874_hap2_hprc_r2_v1.0.1.R1041_minimap2_2.28.5mC.bigwig
NA18505,2,NA18505_hap2_hprc_r2_v1.0.1,s3://human-pangenomics/working/HPRC/NA18505/assemblies/release2/annotation/methylation/ont/NA18505_hap2_hprc_r2_v1.0.1.R1041_minimap2_2.28.5mC.bigwig
NA18508,2,NA18508_hap2_hprc_r2_v1.0.1,s3://human-pangenomics/working/HPRC/NA18508/assemblies/release2/annotation/methylation/ont/NA18508_hap2_hprc_r2_v1.0.1.R1041_minimap2_2.28.5mC.bigwig
NA18608,2,NA18608_hap2_hprc_r2_v1.0.1,s3://human-pangenomics/working/HPRC/NA18608/assemblies/release2/annotation/methylation/ont/NA18608_hap2_hprc_r2_v1.0.1.R1041_minimap2_2.28.5mC.bigwig
NA18620,2,NA18620_hap2_hprc_r2_v1.0.1,s3://human-pangenomics/working/HPRC/NA18620/assemblies/release2/annotation/methylation/ont/NA18620_hap2_hprc_r2_v1.0.1.R1041_minimap2_2.28.5mC.bigwig
NA18952,2,NA18952_hap2_hprc_r2_v1.0.1,s3://human-pangenomics/working/HPRC/NA18952/assemblies/release2/annotation/methylation/ont/NA18952_hap2_hprc_r2_v1.0.1.R1041_minimap2_2.28.5mC.bigwig
NA18974,2,NA18974_hap2_hprc_r2_v1.0.1,s3://human-pangenomics/working/HPRC/NA18974/assemblies/release2/annotation/methylation/ont/NA18974_hap2_hprc_r2_v1.0.1.R1041_minimap2_2.28.5mC.bigwig
NA18976,2,NA18976_hap2_hprc_r2_v1.0.1,s3://human-pangenomics/working/HPRC/NA18976/assemblies/release2/annotation/methylation/ont/NA18976_hap2_hprc_r2_v1.0.1.R1041_minimap2_2.28.5mC.bigwig
NA19036,2,NA19036_hap2_hprc_r2_v1.0.1,s3://human-pangenomics/working/HPRC/NA19036/assemblies/release2/annotation/methylation/ont/NA19036_hap2_hprc_r2_v1.0.1.R1041_minimap2_2.28.5mC.bigwig
NA19443,2,NA19443_hap2_hprc_r2_v1.0.1,s3://human-pangenomics/working/HPRC/NA19443/assemblies/release2/annotation/methylation/ont/NA19443_hap2_hprc_r2_v1.0.1.R1041_minimap2_2.28.5mC.bigwig
NA19700,2,NA19700_hap2_hprc_r2_v1.0.1,s3://human-pangenomics/working/HPRC/NA19700/assemblies/release2/annotation/methylation/ont/NA19700_hap2_hprc_r2_v1.0.1.R1041_minimap2_2.28.5mC.bigwig
NA20870,2,NA20870_hap2_hprc_r2_v1.0.1,s3://human-pangenomics/working/HPRC/NA20870/assemblies/release2/annotation/methylation/ont/NA20870_hap2_hprc_r2_v1.0.1.R1041_minimap2_2.28.5mC.bigwig
NA21093,2,NA21093_hap2_hprc_r2_v1.0.1,s3://human-pangenomics/working/HPRC/NA21093/assemblies/release2/annotation/methylation/ont/NA21093_hap2_hprc_r2_v1.0.1.R1041_minimap2_2.28.5mC.bigwig
NA21106,2,NA21106_hap2_hprc_r2_v1.0.1,s3://human-pangenomics/working/HPRC/NA21106/assemblies/release2/annotation/methylation/ont/NA21106_hap2_hprc_r2_v1.0.1.R1041_minimap2_2.28.5mC.bigwig
NA21110,2,NA21110_hap2_hprc_r2_v1.0.1,s3://human-pangenomics/working/HPRC/NA21110/assemblies/release2/annotation/methylation/ont/NA21110_hap2_hprc_r2_v1.0.1.R1041_minimap2_2.28.5mC.bigwig
HG02392,2,HG02392_hap2_hprc_r2_v1.0.1,s3://human-pangenomics/working/HPRC/HG02392/assemblies/release2/annotation/methylation/ont/HG02392_hap2_hprc_r2_v1.0.1.R1041_minimap2_2.28.5mC.bigwig
HG02514,2,HG02514_mat_hprc_r2_v1.0.1,s3://human-pangenomics/working/HPRC/HG02514/assemblies/release2/annotation/methylation/ont/HG02514_mat_hprc_r2_v1.0.1.R941_minimap2_2.28.5mC.bigwig
HG02841,2,HG02841_mat_hprc_r2_v1.0.1,s3://human-pangenomics/working/HPRC/HG02841/assemblies/release2/annotation/methylation/ont/HG02841_mat_hprc_r2_v1.0.1.R941_minimap2_2.28.5mC.bigwig
HG02984,2,HG02984_mat_hprc_r2_v1.0.1,s3://human-pangenomics/working/HPRC/HG02984/assemblies/release2/annotation/methylation/ont/HG02984_mat_hprc_r2_v1.0.1.R941_minimap2_2.28.5mC.bigwig
HG03050,2,HG03050_mat_hprc_r2_v1.0.1,s3://human-pangenomics/working/HPRC/HG03050/assemblies/release2/annotation/methylation/ont/HG03050_mat_hprc_r2_v1.0.1.R941_minimap2_2.28.5mC.bigwig
NA20799,2,NA20799_hap2_hprc_r2_v1.0.1,s3://human-pangenomics/working/HPRC/NA20799/assemblies/release2/annotation/methylation/ont/NA20799_hap2_hprc_r2_v1.0.1.R941_minimap2_2.28.5mC.bigwig
HG01109,2,HG01109_mat_hprc_r2_v1.0.1,s3://human-pangenomics/working/HPRC_PLUS/HG01109/assemblies/release2/annotation/methylation/ont/HG01109_mat_hprc_r2_v1.0.1.R941_minimap2_2.28.5mC.bigwig
HG02055,2,HG02055_mat_hprc_r2_v1.0.1,s3://human-pangenomics/working/HPRC_PLUS/HG02055/assemblies/release2/annotation/methylation/ont/HG02055_mat_hprc_r2_v1.0.1.R941_minimap2_2.28.5mC.bigwig
HG02080,2,HG02080_mat_hprc_r2_v1.0.1,s3://human-pangenomics/working/HPRC_PLUS/HG02080/assemblies/release2/annotation/methylation/ont/HG02080_mat_hprc_r2_v1.0.1.R941_minimap2_2.28.5mC.bigwig
HG02109,2,HG02109_mat_hprc_r2_v1.0.1,s3://human-pangenomics/working/HPRC_PLUS/HG02109/assemblies/release2/annotation/methylation/ont/HG02109_mat_hprc_r2_v1.0.1.R941_minimap2_2.28.5mC.bigwig
HG02723,2,HG02723_mat_hprc_r2_v1.0.1,s3://human-pangenomics/working/HPRC_PLUS/HG02723/assemblies/release2/annotation/methylation/ont/HG02723_mat_hprc_r2_v1.0.1.R941_minimap2_2.28.5mC.bigwig
HG02818,2,HG02818_mat_hprc_r2_v1.0.1,s3://human-pangenomics/working/HPRC_PLUS/HG02818/assemblies/release2/annotation/methylation/ont/HG02818_mat_hprc_r2_v1.0.1.R1041_minimap2_2.28.5mC.bigwig
HG03098,2,HG03098_mat_hprc_r2_v1.0.1,s3://human-pangenomics/working/HPRC_PLUS/HG03098/assemblies/release2/annotation/methylation/ont/HG03098_mat_hprc_r2_v1.0.1.R941_minimap2_2.28.5mC.bigwig
HG03486,2,HG03486_mat_hprc_r2_v1.0.1,s3://human-pangenomics/working/HPRC_PLUS/HG03486/assemblies/release2/annotation/methylation/ont/HG03486_mat_hprc_r2_v1.0.1.R1041_minimap2_2.28.5mC.bigwig
NA18906,2,NA18906_mat_hprc_r2_v1.0.1,s3://human-pangenomics/working/HPRC_PLUS/NA18906/assemblies/release2/annotation/methylation/ont/NA18906_mat_hprc_r2_v1.0.1.R1041_minimap2_2.28.5mC.bigwig
NA20129,2,NA20129_mat_hprc_r2_v1.0.1,s3://human-pangenomics/working/HPRC_PLUS/NA20129/assemblies/release2/annotation/methylation/ont/NA20129_mat_hprc_r2_v1.0.1.R1041_minimap2_2.28.5mC.bigwig
NA21309,2,NA21309_mat_hprc_r2_v1.0.1,s3://human-pangenomics/working/HPRC_PLUS/NA21309/assemblies/release2/annotation/methylation/ont/NA21309_mat_hprc_r2_v1.0.1.R1041_minimap2_2.28.5mC.bigwig
HG00733,2,HG00733_mat_hprc_r2_v1.0.1,s3://human-pangenomics/working/HPRC_PLUS/HG00733/assemblies/release2/annotation/methylation/ont/HG00733_mat_hprc_r2_v1.0.1.R941_minimap2_2.28.5mC.bigwig
HG01243,2,HG01243_mat_hprc_r2_v1.0.1,s3://human-pangenomics/working/HPRC_PLUS/HG01243/assemblies/release2/annotation/methylation/ont/HG01243_mat_hprc_r2_v1.0.1.R941_minimap2_2.28.5mC.bigwig
NA19240,2,NA19240_mat_hprc_r2_v1.0.1,s3://human-pangenomics/working/HPRC_PLUS/NA19240/assemblies/release2/annotation/methylation/ont/NA19240_mat_hprc_r2_v1.0.1.R1041_minimap2_2.28.5mC.bigwig
HG005,2,HG005_mat_hprc_r2_v1.0.1,s3://human-pangenomics/working/HPRC_PLUS/HG005/assemblies/release2/annotation/methylation/ont/HG005_mat_hprc_r2_v1.0.1.R941_minimap2_2.28.5mC.bigwig
HG00097,2,HG00097_hap2_hprc_r2_v1.0.1,s3://human-pangenomics/working/HPRC/HG00097/assemblies/release2/annotation/methylation/ont/HG00097_hap2_hprc_r2_v1.0.1.R1041_minimap2_2.28.5mC.bigwig
HG00235,2,HG00235_hap2_hprc_r2_v1.0.1,s3://human-pangenomics/working/HPRC/HG00235/assemblies/release2/annotation/methylation/ont/HG00235_hap2_hprc_r2_v1.0.1.R1041_minimap2_2.28.5mC.bigwig
HG00253,2,HG00253_hap2_hprc_r2_v1.0.1,s3://human-pangenomics/working/HPRC/HG00253/assemblies/release2/annotation/methylation/ont/HG00253_hap2_hprc_r2_v1.0.1.R1041_minimap2_2.28.5mC.bigwig
HG00272,2,HG00272_hap2_hprc_r2_v1.0.1,s3://human-pangenomics/working/HPRC/HG00272/assemblies/release2/annotation/methylation/ont/HG00272_hap2_hprc_r2_v1.0.1.R1041_minimap2_2.28.5mC.bigwig
HG00329,2,HG00329_hap2_hprc_r2_v1.0.1,s3://human-pangenomics/working/HPRC/HG00329/assemblies/release2/annotation/methylation/ont/HG00329_hap2_hprc_r2_v1.0.1.R1041_minimap2_2.28.5mC.bigwig
HG00344,2,HG00344_hap2_hprc_r2_v1.0.1,s3://human-pangenomics/working/HPRC/HG00344/assemblies/release2/annotation/methylation/ont/HG00344_hap2_hprc_r2_v1.0.1.R1041_minimap2_2.28.5mC.bigwig
HG00350,2,HG00350_hap2_hprc_r2_v1.0.1,s3://human-pangenomics/working/HPRC/HG00350/assemblies/release2/annotation/methylation/ont/HG00350_hap2_hprc_r2_v1.0.1.R1041_minimap2_2.28.5mC.bigwig
HG01167,2,HG01167_hap2_hprc_r2_v1.0.1,s3://human-pangenomics/working/HPRC/HG01167/assemblies/release2/annotation/methylation/ont/HG01167_hap2_hprc_r2_v1.0.1.R1041_minimap2_2.28.5mC.bigwig
HG03369,2,HG03369_hap2_hprc_r2_v1.0.1,s3://human-pangenomics/working/HPRC/HG03369/assemblies/release2/annotation/methylation/ont/HG03369_hap2_hprc_r2_v1.0.1.R1041_minimap2_2.28.5mC.bigwig
HG03521,2,HG03521_hap2_hprc_r2_v1.0.1,s3://human-pangenomics/working/HPRC/HG03521/assemblies/release2/annotation/methylation/ont/HG03521_hap2_hprc_r2_v1.0.1.R1041_minimap2_2.28.5mC.bigwig
HG03784,2,HG03784_hap2_hprc_r2_v1.0.1,s3://human-pangenomics/working/HPRC/HG03784/assemblies/release2/annotation/methylation/ont/HG03784_hap2_hprc_r2_v1.0.1.R1041_minimap2_2.28.5mC.bigwig
NA18565,2,NA18565_hap2_hprc_r2_v1.0.1,s3://human-pangenomics/working/HPRC/NA18565/assemblies/release2/annotation/methylation/ont/NA18565_hap2_hprc_r2_v1.0.1.R1041_minimap2_2.28.5mC.bigwig
NA19682,2,NA19682_hap2_hprc_r2_v1.0.1,s3://human-pangenomics/working/HPRC/NA19682/assemblies/release2/annotation/methylation/ont/NA19682_hap2_hprc_r2_v1.0.1.R1041_minimap2_2.28.5mC.bigwig
NA19776,2,NA19776_hap2_hprc_r2_v1.0.1,s3://human-pangenomics/working/HPRC/NA19776/assemblies/release2/annotation/methylation/ont/NA19776_hap2_hprc_r2_v1.0.1.R1041_minimap2_2.28.5mC.bigwig
NA19835,2,NA19835_hap2_hprc_r2_v1.0.1,s3://human-pangenomics/working/HPRC/NA19835/assemblies/release2/annotation/methylation/ont/NA19835_hap2_hprc_r2_v1.0.1.R1041_minimap2_2.28.5mC.bigwig
NA19909,2,NA19909_hap2_hprc_r2_v1.0.1,s3://human-pangenomics/working/HPRC/NA19909/assemblies/release2/annotation/methylation/ont/NA19909_hap2_hprc_r2_v1.0.1.R1041_minimap2_2.28.5mC.bigwig
NA20282,2,NA20282_hap2_hprc_r2_v1.0.1,s3://human-pangenomics/working/HPRC/NA20282/assemblies/release2/annotation/methylation/ont/NA20282_hap2_hprc_r2_v1.0.1.R1041_minimap2_2.28.5mC.bigwig
NA20346,2,NA20346_hap2_hprc_r2_v1.0.1,s3://human-pangenomics/working/HPRC/NA20346/assemblies/release2/annotation/methylation/ont/NA20346_hap2_hprc_r2_v1.0.1.R1041_minimap2_2.28.5mC.bigwig
NA20809,2,NA20809_hap2_hprc_r2_v1.0.1,s3://human-pangenomics/working/HPRC/NA20809/assemblies/release2/annotation/methylation/ont/NA20809_hap2_hprc_r2_v1.0.1.R1041_minimap2_2.28.5mC.bigwig
NA20850,2,NA20850_hap2_hprc_r2_v1.0.1,s3://human-pangenomics/working/HPRC/NA20850/assemblies/release2/annotation/methylation/ont/NA20850_hap2_hprc_r2_v1.0.1.R1041_minimap2_2.28.5mC.bigwig
NA21102,2,NA21102_hap2_hprc_r2_v1.0.1,s3://human-pangenomics/working/HPRC/NA21102/assemblies/release2/annotation/methylation/ont/NA21102_hap2_hprc_r2_v1.0.1.R1041_minimap2_2.28.5mC.bigwig
NA21144,2,NA21144_hap2_hprc_r2_v1.0.1,s3://human-pangenomics/working/HPRC/NA21144/assemblies/release2/annotation/methylation/ont/NA21144_hap2_hprc_r2_v1.0.1.R1041_minimap2_2.28.5mC.bigwig
HG00735,2,HG00735_mat_hprc_r2_v1.0.1,s3://human-pangenomics/working/HPRC/HG00735/assemblies/release2/annotation/methylation/ont/HG00735_mat_hprc_r2_v1.0.1.R941_minimap2_2.28.5mC.bigwig
HG02155,2,HG02155_hap2_hprc_r2_v1.0.1,s3://human-pangenomics/working/HPRC/HG02155/assemblies/release2/annotation/methylation/ont/HG02155_hap2_hprc_r2_v1.0.1.R941_minimap2_2.28.5mC.bigwig
HG02630,2,HG02630_mat_hprc_r2_v1.0.1,s3://human-pangenomics/working/HPRC/HG02630/assemblies/release2/annotation/methylation/ont/HG02630_mat_hprc_r2_v1.0.1.R941_minimap2_2.28.5mC.bigwig
HG03139,2,HG03139_hap2_hprc_r2_v1.0.1,s3://human-pangenomics/working/HPRC/HG03139/assemblies/release2/annotation/methylation/ont/HG03139_hap2_hprc_r2_v1.0.1.R941_minimap2_2.28.5mC.bigwig
HG03470,2,HG03470_hap2_hprc_r2_v1.0.1,s3://human-pangenomics/working/HPRC/HG03470/assemblies/release2/annotation/methylation/ont/HG03470_hap2_hprc_r2_v1.0.1.R941_minimap2_2.28.5mC.bigwig
HG03579,2,HG03579_mat_hprc_r2_v1.0.1,s3://human-pangenomics/working/HPRC/HG03579/assemblies/release2/annotation/methylation/ont/HG03579_mat_hprc_r2_v1.0.1.R941_minimap2_2.28.5mC.bigwig
NA20805,2,NA20805_hap2_hprc_r2_v1.0.1,s3://human-pangenomics/working/HPRC/NA20805/assemblies/release2/annotation/methylation/ont/NA20805_hap2_hprc_r2_v1.0.1.R941_minimap2_2.28.5mC.bigwig
NA18940,2,NA18940_hap2_hprc_r2_v1.0.1,s3://human-pangenomics/working/HPP/NA18940/assemblies/release2/annotation/methylation/ont/NA18940_hap2_hprc_r2_v1.0.1.R1041_minimap2_2.28.5mC.bigwig
NA18943,2,NA18943_hap2_hprc_r2_v1.0.1,s3://human-pangenomics/working/HPP/NA18943/assemblies/release2/annotation/methylation/ont/NA18943_hap2_hprc_r2_v1.0.1.R1041_minimap2_2.28.5mC.bigwig
NA18944,2,NA18944_hap2_hprc_r2_v1.0.1,s3://human-pangenomics/working/HPP/NA18944/assemblies/release2/annotation/methylation/ont/NA18944_hap2_hprc_r2_v1.0.1.R1041_minimap2_2.28.5mC.bigwig
NA18945,2,NA18945_hap2_hprc_r2_v1.0.1,s3://human-pangenomics/working/HPP/NA18945/assemblies/release2/annotation/methylation/ont/NA18945_hap2_hprc_r2_v1.0.1.R1041_minimap2_2.28.5mC.bigwig
NA18948,2,NA18948_hap2_hprc_r2_v1.0.1,s3://human-pangenomics/working/HPP/NA18948/assemblies/release2/annotation/methylation/ont/NA18948_hap2_hprc_r2_v1.0.1.R1041_minimap2_2.28.5mC.bigwig
NA18959,2,NA18959_hap2_hprc_r2_v1.0.1,s3://human-pangenomics/working/HPP/NA18959/assemblies/release2/annotation/methylation/ont/NA18959_hap2_hprc_r2_v1.0.1.R1041_minimap2_2.28.5mC.bigwig
NA18960,2,NA18960_hap2_hprc_r2_v1.0.1,s3://human-pangenomics/working/HPP/NA18960/assemblies/release2/annotation/methylation/ont/NA18960_hap2_hprc_r2_v1.0.1.R1041_minimap2_2.28.5mC.bigwig
NA18967,2,NA18967_hap2_hprc_r2_v1.0.1,s3://human-pangenomics/working/HPP/NA18967/assemblies/release2/annotation/methylation/ont/NA18967_hap2_hprc_r2_v1.0.1.R1041_minimap2_2.28.5mC.bigwig
NA18970,2,NA18970_hap2_hprc_r2_v1.0.1,s3://human-pangenomics/working/HPP/NA18970/assemblies/release2/annotation/methylation/ont/NA18970_hap2_hprc_r2_v1.0.1.R1041_minimap2_2.28.5mC.bigwig
NA18982,2,NA18982_hap2_hprc_r2_v1.0.1,s3://human-pangenomics/working/HPP/NA18982/assemblies/release2/annotation/methylation/ont/NA18982_hap2_hprc_r2_v1.0.1.R1041_minimap2_2.28.5mC.bigwig
NA20503,2,NA20503_hap2_hprc_r2_v1.0.1,s3://human-pangenomics/working/HPRC/NA20503/assemblies/release2/annotation/methylation/ont/NA20503_hap2_hprc_r2_v1.0.1.R1041_minimap2_2.28.5mC.bigwig
NA20762,2,NA20762_hap2_hprc_r2_v1.0.1,s3://human-pangenomics/working/HPRC/NA20762/assemblies/release2/annotation/methylation/ont/NA20762_hap2_hprc_r2_v1.0.1.R1041_minimap2_2.28.5mC.bigwig
NA20806,2,NA20806_hap2_hprc_r2_v1.0.1,s3://human-pangenomics/working/HPRC/NA20806/assemblies/release2/annotation/methylation/ont/NA20806_hap2_hprc_r2_v1.0.1.R1041_minimap2_2.28.5mC.bigwig
NA20827,2,NA20827_hap2_hprc_r2_v1.0.1,s3://human-pangenomics/working/HPRC/NA20827/assemblies/release2/annotation/methylation/ont/NA20827_hap2_hprc_r2_v1.0.1.R1041_minimap2_2.28.5mC.bigwig
HG06807,2,HG06807_mat_v1,s3://human-pangenomics/working/HPRC/HG06807/assemblies/release2/annotation/methylation/ont/HG06807_mat_v1.R1041_minimap2_2.28.5mC.bigwig