sample_id,haplotype,assembly_name,location
HG00408,1,HG00408_pat_hprc_r2_v1,s3://human-pangenomics/submissions/DC27718F-5F38-43B0-9A78-270F395F13E8--INT_ASM_PRODUCTION/HG00408/assemblies/freeze_2/annotation/repeat_masker/HG00408_pat_hprc_r2_v1.RepeatMasker.out
HG00408,2,HG00408_mat_hprc_r2_v1,s3://human-pangenomics/submissions/DC27718F-5F38-43B0-9A78-270F395F13E8--INT_ASM_PRODUCTION/HG00408/assemblies/freeze_2/annotation/repeat_masker/HG00408_mat_hprc_r2_v1.RepeatMasker.out
HG00597,1,HG00597_pat_hprc_r2_v1,s3://human-pangenomics/submissions/DC27718F-5F38-43B0-9A78-270F395F13E8--INT_ASM_PRODUCTION/HG00597/assemblies/freeze_2/annotation/repeat_masker/HG00597_pat_hprc_r2_v1.RepeatMasker.out
HG00597,2,HG00597_mat_hprc_r2_v1,s3://human-pangenomics/submissions/DC27718F-5F38-43B0-9A78-270F395F13E8--INT_ASM_PRODUCTION/HG00597/assemblies/freeze_2/annotation/repeat_masker/HG00597_mat_hprc_r2_v1.RepeatMasker.out
HG01192,1,HG01192_pat_hprc_r2_v1,s3://human-pangenomics/submissions/DC27718F-5F38-43B0-9A78-270F395F13E8--INT_ASM_PRODUCTION/HG01192/assemblies/freeze_2/annotation/repeat_masker/HG01192_pat_hprc_r2_v1.RepeatMasker.out
HG01192,2,HG01192_mat_hprc_r2_v1,s3://human-pangenomics/submissions/DC27718F-5F38-43B0-9A78-270F395F13E8--INT_ASM_PRODUCTION/HG01192/assemblies/freeze_2/annotation/repeat_masker/HG01192_mat_hprc_r2_v1.RepeatMasker.out
HG01261,1,HG01261_pat_hprc_r2_v1,s3://human-pangenomics/submissions/DC27718F-5F38-43B0-9A78-270F395F13E8--INT_ASM_PRODUCTION/HG01261/assemblies/freeze_2/annotation/repeat_masker/HG01261_pat_hprc_r2_v1.RepeatMasker.out
HG01261,2,HG01261_mat_hprc_r2_v1,s3://human-pangenomics/submissions/DC27718F-5F38-43B0-9A78-270F395F13E8--INT_ASM_PRODUCTION/HG01261/assemblies/freeze_2/annotation/repeat_masker/HG01261_mat_hprc_r2_v1.RepeatMasker.out
HG02015,1,HG02015_pat_hprc_r2_v1,s3://human-pangenomics/submissions/DC27718F-5F38-43B0-9A78-270F395F13E8--INT_ASM_PRODUCTION/HG02015/assemblies/freeze_2/annotation/repeat_masker/HG02015_pat_hprc_r2_v1.RepeatMasker.out
HG02015,2,HG02015_mat_hprc_r2_v1,s3://human-pangenomics/submissions/DC27718F-5F38-43B0-9A78-270F395F13E8--INT_ASM_PRODUCTION/HG02015/assemblies/freeze_2/annotation/repeat_masker/HG02015_mat_hprc_r2_v1.RepeatMasker.out
HG02056,1,HG02056_pat_hprc_r2_v1,s3://human-pangenomics/submissions/DC27718F-5F38-43B0-9A78-270F395F13E8--INT_ASM_PRODUCTION/HG02056/assemblies/freeze_2/annotation/repeat_masker/HG02056_pat_hprc_r2_v1.RepeatMasker.out
HG02056,2,HG02056_mat_hprc_r2_v1,s3://human-pangenomics/submissions/DC27718F-5F38-43B0-9A78-270F395F13E8--INT_ASM_PRODUCTION/HG02056/assemblies/freeze_2/annotation/repeat_masker/HG02056_mat_hprc_r2_v1.RepeatMasker.out
HG02129,1,HG02129_pat_hprc_r2_v1,s3://human-pangenomics/submissions/DC27718F-5F38-43B0-9A78-270F395F13E8--INT_ASM_PRODUCTION/HG02129/assemblies/freeze_2/annotation/repeat_masker/HG02129_pat_hprc_r2_v1.RepeatMasker.out
HG02129,2,HG02129_mat_hprc_r2_v1,s3://human-pangenomics/submissions/DC27718F-5F38-43B0-9A78-270F395F13E8--INT_ASM_PRODUCTION/HG02129/assemblies/freeze_2/annotation/repeat_masker/HG02129_mat_hprc_r2_v1.RepeatMasker.out
HG02258,1,HG02258_pat_hprc_r2_v1,s3://human-pangenomics/submissions/DC27718F-5F38-43B0-9A78-270F395F13E8--INT_ASM_PRODUCTION/HG02258/assemblies/freeze_2/annotation/repeat_masker/HG02258_pat_hprc_r2_v1.RepeatMasker.out
HG02258,2,HG02258_mat_hprc_r2_v1,s3://human-pangenomics/submissions/DC27718F-5F38-43B0-9A78-270F395F13E8--INT_ASM_PRODUCTION/HG02258/assemblies/freeze_2/annotation/repeat_masker/HG02258_mat_hprc_r2_v1.RepeatMasker.out
HG03834,1,HG03834_pat_hprc_r2_v1,s3://human-pangenomics/submissions/DC27718F-5F38-43B0-9A78-270F395F13E8--INT_ASM_PRODUCTION/HG03834/assemblies/freeze_2/annotation/repeat_masker/HG03834_pat_hprc_r2_v1.RepeatMasker.out
HG03834,2,HG03834_mat_hprc_r2_v1,s3://human-pangenomics/submissions/DC27718F-5F38-43B0-9A78-270F395F13E8--INT_ASM_PRODUCTION/HG03834/assemblies/freeze_2/annotation/repeat_masker/HG03834_mat_hprc_r2_v1.RepeatMasker.out
HG00609,1,HG00609_pat_hprc_r2_v1,s3://human-pangenomics/submissions/DC27718F-5F38-43B0-9A78-270F395F13E8--INT_ASM_PRODUCTION/HG00609/assemblies/freeze_2/annotation/repeat_masker/HG00609_pat_hprc_r2_v1.RepeatMasker.out
HG00609,2,HG00609_mat_hprc_r2_v1,s3://human-pangenomics/submissions/DC27718F-5F38-43B0-9A78-270F395F13E8--INT_ASM_PRODUCTION/HG00609/assemblies/freeze_2/annotation/repeat_masker/HG00609_mat_hprc_r2_v1.RepeatMasker.out
HG00642,1,HG00642_pat_hprc_r2_v1,s3://human-pangenomics/submissions/DC27718F-5F38-43B0-9A78-270F395F13E8--INT_ASM_PRODUCTION/HG00642/assemblies/freeze_2/annotation/repeat_masker/HG00642_pat_hprc_r2_v1.RepeatMasker.out
HG00642,2,HG00642_mat_hprc_r2_v1,s3://human-pangenomics/submissions/DC27718F-5F38-43B0-9A78-270F395F13E8--INT_ASM_PRODUCTION/HG00642/assemblies/freeze_2/annotation/repeat_masker/HG00642_mat_hprc_r2_v1.RepeatMasker.out
HG00738,1,HG00738_pat_hprc_r2_v1,s3://human-pangenomics/submissions/DC27718F-5F38-43B0-9A78-270F395F13E8--INT_ASM_PRODUCTION/HG00738/assemblies/freeze_2/annotation/repeat_masker/HG00738_pat_hprc_r2_v1.RepeatMasker.out
HG00738,2,HG00738_mat_hprc_r2_v1,s3://human-pangenomics/submissions/DC27718F-5F38-43B0-9A78-270F395F13E8--INT_ASM_PRODUCTION/HG00738/assemblies/freeze_2/annotation/repeat_masker/HG00738_mat_hprc_r2_v1.RepeatMasker.out
HG01099,1,HG01099_pat_hprc_r2_v1,s3://human-pangenomics/submissions/DC27718F-5F38-43B0-9A78-270F395F13E8--INT_ASM_PRODUCTION/HG01099/assemblies/freeze_2/annotation/repeat_masker/HG01099_pat_hprc_r2_v1.RepeatMasker.out
HG01099,2,HG01099_mat_hprc_r2_v1,s3://human-pangenomics/submissions/DC27718F-5F38-43B0-9A78-270F395F13E8--INT_ASM_PRODUCTION/HG01099/assemblies/freeze_2/annotation/repeat_masker/HG01099_mat_hprc_r2_v1.RepeatMasker.out
HG01255,1,HG01255_pat_hprc_r2_v1,s3://human-pangenomics/submissions/DC27718F-5F38-43B0-9A78-270F395F13E8--INT_ASM_PRODUCTION/HG01255/assemblies/freeze_2/annotation/repeat_masker/HG01255_pat_hprc_r2_v1.RepeatMasker.out
HG01255,2,HG01255_mat_hprc_r2_v1,s3://human-pangenomics/submissions/DC27718F-5F38-43B0-9A78-270F395F13E8--INT_ASM_PRODUCTION/HG01255/assemblies/freeze_2/annotation/repeat_masker/HG01255_mat_hprc_r2_v1.RepeatMasker.out
HG01346,1,HG01346_pat_hprc_r2_v1,s3://human-pangenomics/submissions/DC27718F-5F38-43B0-9A78-270F395F13E8--INT_ASM_PRODUCTION/HG01346/assemblies/freeze_2/annotation/repeat_masker/HG01346_pat_hprc_r2_v1.RepeatMasker.out
HG01346,2,HG01346_mat_hprc_r2_v1,s3://human-pangenomics/submissions/DC27718F-5F38-43B0-9A78-270F395F13E8--INT_ASM_PRODUCTION/HG01346/assemblies/freeze_2/annotation/repeat_masker/HG01346_mat_hprc_r2_v1.RepeatMasker.out
HG01433,1,HG01433_pat_hprc_r2_v1,s3://human-pangenomics/submissions/DC27718F-5F38-43B0-9A78-270F395F13E8--INT_ASM_PRODUCTION/HG01433/assemblies/freeze_2/annotation/repeat_masker/HG01433_pat_hprc_r2_v1.RepeatMasker.out
HG01433,2,HG01433_mat_hprc_r2_v1,s3://human-pangenomics/submissions/DC27718F-5F38-43B0-9A78-270F395F13E8--INT_ASM_PRODUCTION/HG01433/assemblies/freeze_2/annotation/repeat_masker/HG01433_mat_hprc_r2_v1.RepeatMasker.out
HG01496,1,HG01496_pat_hprc_r2_v1,s3://human-pangenomics/submissions/DC27718F-5F38-43B0-9A78-270F395F13E8--INT_ASM_PRODUCTION/HG01496/assemblies/freeze_2/annotation/repeat_masker/HG01496_pat_hprc_r2_v1.RepeatMasker.out
HG01496,2,HG01496_mat_hprc_r2_v1,s3://human-pangenomics/submissions/DC27718F-5F38-43B0-9A78-270F395F13E8--INT_ASM_PRODUCTION/HG01496/assemblies/freeze_2/annotation/repeat_masker/HG01496_mat_hprc_r2_v1.RepeatMasker.out
HG01884,1,HG01884_pat_hprc_r2_v1,s3://human-pangenomics/submissions/DC27718F-5F38-43B0-9A78-270F395F13E8--INT_ASM_PRODUCTION/HG01884/assemblies/freeze_2/annotation/repeat_masker/HG01884_pat_hprc_r2_v1.RepeatMasker.out
HG01884,2,HG01884_mat_hprc_r2_v1,s3://human-pangenomics/submissions/DC27718F-5F38-43B0-9A78-270F395F13E8--INT_ASM_PRODUCTION/HG01884/assemblies/freeze_2/annotation/repeat_masker/HG01884_mat_hprc_r2_v1.RepeatMasker.out
HG01981,1,HG01981_pat_hprc_r2_v1,s3://human-pangenomics/submissions/DC27718F-5F38-43B0-9A78-270F395F13E8--INT_ASM_PRODUCTION/HG01981/assemblies/freeze_2/annotation/repeat_masker/HG01981_pat_hprc_r2_v1.RepeatMasker.out
HG01981,2,HG01981_mat_hprc_r2_v1,s3://human-pangenomics/submissions/DC27718F-5F38-43B0-9A78-270F395F13E8--INT_ASM_PRODUCTION/HG01981/assemblies/freeze_2/annotation/repeat_masker/HG01981_mat_hprc_r2_v1.RepeatMasker.out
HG01993,1,HG01993_pat_hprc_r2_v1,s3://human-pangenomics/submissions/DC27718F-5F38-43B0-9A78-270F395F13E8--INT_ASM_PRODUCTION/HG01993/assemblies/freeze_2/annotation/repeat_masker/HG01993_pat_hprc_r2_v1.RepeatMasker.out
HG01993,2,HG01993_mat_hprc_r2_v1,s3://human-pangenomics/submissions/DC27718F-5F38-43B0-9A78-270F395F13E8--INT_ASM_PRODUCTION/HG01993/assemblies/freeze_2/annotation/repeat_masker/HG01993_mat_hprc_r2_v1.RepeatMasker.out
HG02004,1,HG02004_pat_hprc_r2_v1,s3://human-pangenomics/submissions/DC27718F-5F38-43B0-9A78-270F395F13E8--INT_ASM_PRODUCTION/HG02004/assemblies/freeze_2/annotation/repeat_masker/HG02004_pat_hprc_r2_v1.RepeatMasker.out
HG02004,2,HG02004_mat_hprc_r2_v1,s3://human-pangenomics/submissions/DC27718F-5F38-43B0-9A78-270F395F13E8--INT_ASM_PRODUCTION/HG02004/assemblies/freeze_2/annotation/repeat_masker/HG02004_mat_hprc_r2_v1.RepeatMasker.out
HG02083,1,HG02083_pat_hprc_r2_v1,s3://human-pangenomics/submissions/DC27718F-5F38-43B0-9A78-270F395F13E8--INT_ASM_PRODUCTION/HG02083/assemblies/freeze_2/annotation/repeat_masker/HG02083_pat_hprc_r2_v1.RepeatMasker.out
HG02083,2,HG02083_mat_hprc_r2_v1,s3://human-pangenomics/submissions/DC27718F-5F38-43B0-9A78-270F395F13E8--INT_ASM_PRODUCTION/HG02083/assemblies/freeze_2/annotation/repeat_masker/HG02083_mat_hprc_r2_v1.RepeatMasker.out
HG02132,1,HG02132_pat_hprc_r2_v1,s3://human-pangenomics/submissions/DC27718F-5F38-43B0-9A78-270F395F13E8--INT_ASM_PRODUCTION/HG02132/assemblies/freeze_2/annotation/repeat_masker/HG02132_pat_hprc_r2_v1.RepeatMasker.out
HG02132,2,HG02132_mat_hprc_r2_v1,s3://human-pangenomics/submissions/DC27718F-5F38-43B0-9A78-270F395F13E8--INT_ASM_PRODUCTION/HG02132/assemblies/freeze_2/annotation/repeat_masker/HG02132_mat_hprc_r2_v1.RepeatMasker.out
HG02280,1,HG02280_pat_hprc_r2_v1,s3://human-pangenomics/submissions/DC27718F-5F38-43B0-9A78-270F395F13E8--INT_ASM_PRODUCTION/HG02280/assemblies/freeze_2/annotation/repeat_masker/HG02280_pat_hprc_r2_v1.RepeatMasker.out
HG02280,2,HG02280_mat_hprc_r2_v1,s3://human-pangenomics/submissions/DC27718F-5F38-43B0-9A78-270F395F13E8--INT_ASM_PRODUCTION/HG02280/assemblies/freeze_2/annotation/repeat_masker/HG02280_mat_hprc_r2_v1.RepeatMasker.out
HG02293,1,HG02293_pat_hprc_r2_v1,s3://human-pangenomics/submissions/DC27718F-5F38-43B0-9A78-270F395F13E8--INT_ASM_PRODUCTION/HG02293/assemblies/freeze_2/annotation/repeat_masker/HG02293_pat_hprc_r2_v1.RepeatMasker.out
HG02293,2,HG02293_mat_hprc_r2_v1,s3://human-pangenomics/submissions/DC27718F-5F38-43B0-9A78-270F395F13E8--INT_ASM_PRODUCTION/HG02293/assemblies/freeze_2/annotation/repeat_masker/HG02293_mat_hprc_r2_v1.RepeatMasker.out
HG02300,1,HG02300_pat_hprc_r2_v1,s3://human-pangenomics/submissions/DC27718F-5F38-43B0-9A78-270F395F13E8--INT_ASM_PRODUCTION/HG02300/assemblies/freeze_2/annotation/repeat_masker/HG02300_pat_hprc_r2_v1.RepeatMasker.out
HG02300,2,HG02300_mat_hprc_r2_v1,s3://human-pangenomics/submissions/DC27718F-5F38-43B0-9A78-270F395F13E8--INT_ASM_PRODUCTION/HG02300/assemblies/freeze_2/annotation/repeat_masker/HG02300_mat_hprc_r2_v1.RepeatMasker.out
HG02451,1,HG02451_pat_hprc_r2_v1,s3://human-pangenomics/submissions/DC27718F-5F38-43B0-9A78-270F395F13E8--INT_ASM_PRODUCTION/HG02451/assemblies/freeze_2/annotation/repeat_masker/HG02451_pat_hprc_r2_v1.RepeatMasker.out
HG02451,2,HG02451_mat_hprc_r2_v1,s3://human-pangenomics/submissions/DC27718F-5F38-43B0-9A78-270F395F13E8--INT_ASM_PRODUCTION/HG02451/assemblies/freeze_2/annotation/repeat_masker/HG02451_mat_hprc_r2_v1.RepeatMasker.out
HG02523,1,HG02523_pat_hprc_r2_v1,s3://human-pangenomics/submissions/DC27718F-5F38-43B0-9A78-270F395F13E8--INT_ASM_PRODUCTION/HG02523/assemblies/freeze_2/annotation/repeat_masker/HG02523_pat_hprc_r2_v1.RepeatMasker.out
HG02523,2,HG02523_mat_hprc_r2_v1,s3://human-pangenomics/submissions/DC27718F-5F38-43B0-9A78-270F395F13E8--INT_ASM_PRODUCTION/HG02523/assemblies/freeze_2/annotation/repeat_masker/HG02523_mat_hprc_r2_v1.RepeatMasker.out
HG02615,1,HG02615_pat_hprc_r2_v1,s3://human-pangenomics/submissions/DC27718F-5F38-43B0-9A78-270F395F13E8--INT_ASM_PRODUCTION/HG02615/assemblies/freeze_2/annotation/repeat_masker/HG02615_pat_hprc_r2_v1.RepeatMasker.out
HG02615,2,HG02615_mat_hprc_r2_v1,s3://human-pangenomics/submissions/DC27718F-5F38-43B0-9A78-270F395F13E8--INT_ASM_PRODUCTION/HG02615/assemblies/freeze_2/annotation/repeat_masker/HG02615_mat_hprc_r2_v1.RepeatMasker.out
HG02647,1,HG02647_pat_hprc_r2_v1,s3://human-pangenomics/submissions/DC27718F-5F38-43B0-9A78-270F395F13E8--INT_ASM_PRODUCTION/HG02647/assemblies/freeze_2/annotation/repeat_masker/HG02647_pat_hprc_r2_v1.RepeatMasker.out
HG02647,2,HG02647_mat_hprc_r2_v1,s3://human-pangenomics/submissions/DC27718F-5F38-43B0-9A78-270F395F13E8--INT_ASM_PRODUCTION/HG02647/assemblies/freeze_2/annotation/repeat_masker/HG02647_mat_hprc_r2_v1.RepeatMasker.out
HG02698,1,HG02698_pat_hprc_r2_v1,s3://human-pangenomics/submissions/DC27718F-5F38-43B0-9A78-270F395F13E8--INT_ASM_PRODUCTION/HG02698/assemblies/freeze_2/annotation/repeat_masker/HG02698_pat_hprc_r2_v1.RepeatMasker.out
HG02698,2,HG02698_mat_hprc_r2_v1,s3://human-pangenomics/submissions/DC27718F-5F38-43B0-9A78-270F395F13E8--INT_ASM_PRODUCTION/HG02698/assemblies/freeze_2/annotation/repeat_masker/HG02698_mat_hprc_r2_v1.RepeatMasker.out
HG03654,1,HG03654_pat_hprc_r2_v1,s3://human-pangenomics/submissions/DC27718F-5F38-43B0-9A78-270F395F13E8--INT_ASM_PRODUCTION/HG03654/assemblies/freeze_2/annotation/repeat_masker/HG03654_pat_hprc_r2_v1.RepeatMasker.out
HG03654,2,HG03654_mat_hprc_r2_v1,s3://human-pangenomics/submissions/DC27718F-5F38-43B0-9A78-270F395F13E8--INT_ASM_PRODUCTION/HG03654/assemblies/freeze_2/annotation/repeat_masker/HG03654_mat_hprc_r2_v1.RepeatMasker.out
HG03669,1,HG03669_pat_hprc_r2_v1,s3://human-pangenomics/submissions/DC27718F-5F38-43B0-9A78-270F395F13E8--INT_ASM_PRODUCTION/HG03669/assemblies/freeze_2/annotation/repeat_masker/HG03669_pat_hprc_r2_v1.RepeatMasker.out
HG03669,2,HG03669_mat_hprc_r2_v1,s3://human-pangenomics/submissions/DC27718F-5F38-43B0-9A78-270F395F13E8--INT_ASM_PRODUCTION/HG03669/assemblies/freeze_2/annotation/repeat_masker/HG03669_mat_hprc_r2_v1.RepeatMasker.out
HG03688,1,HG03688_pat_hprc_r2_v1,s3://human-pangenomics/submissions/DC27718F-5F38-43B0-9A78-270F395F13E8--INT_ASM_PRODUCTION/HG03688/assemblies/freeze_2/annotation/repeat_masker/HG03688_pat_hprc_r2_v1.RepeatMasker.out
HG03688,2,HG03688_mat_hprc_r2_v1,s3://human-pangenomics/submissions/DC27718F-5F38-43B0-9A78-270F395F13E8--INT_ASM_PRODUCTION/HG03688/assemblies/freeze_2/annotation/repeat_masker/HG03688_mat_hprc_r2_v1.RepeatMasker.out
HG03704,1,HG03704_pat_hprc_r2_v1,s3://human-pangenomics/submissions/DC27718F-5F38-43B0-9A78-270F395F13E8--INT_ASM_PRODUCTION/HG03704/assemblies/freeze_2/annotation/repeat_masker/HG03704_pat_hprc_r2_v1.RepeatMasker.out
HG03704,2,HG03704_mat_hprc_r2_v1,s3://human-pangenomics/submissions/DC27718F-5F38-43B0-9A78-270F395F13E8--INT_ASM_PRODUCTION/HG03704/assemblies/freeze_2/annotation/repeat_masker/HG03704_mat_hprc_r2_v1.RepeatMasker.out
HG03710,1,HG03710_pat_hprc_r2_v1,s3://human-pangenomics/submissions/DC27718F-5F38-43B0-9A78-270F395F13E8--INT_ASM_PRODUCTION/HG03710/assemblies/freeze_2/annotation/repeat_masker/HG03710_pat_hprc_r2_v1.RepeatMasker.out
HG03710,2,HG03710_mat_hprc_r2_v1,s3://human-pangenomics/submissions/DC27718F-5F38-43B0-9A78-270F395F13E8--INT_ASM_PRODUCTION/HG03710/assemblies/freeze_2/annotation/repeat_masker/HG03710_mat_hprc_r2_v1.RepeatMasker.out
HG03831,1,HG03831_pat_hprc_r2_v1,s3://human-pangenomics/submissions/DC27718F-5F38-43B0-9A78-270F395F13E8--INT_ASM_PRODUCTION/HG03831/assemblies/freeze_2/annotation/repeat_masker/HG03831_pat_hprc_r2_v1.RepeatMasker.out
HG03831,2,HG03831_mat_hprc_r2_v1,s3://human-pangenomics/submissions/DC27718F-5F38-43B0-9A78-270F395F13E8--INT_ASM_PRODUCTION/HG03831/assemblies/freeze_2/annotation/repeat_masker/HG03831_mat_hprc_r2_v1.RepeatMasker.out
HG03927,1,HG03927_pat_hprc_r2_v1,s3://human-pangenomics/submissions/DC27718F-5F38-43B0-9A78-270F395F13E8--INT_ASM_PRODUCTION/HG03927/assemblies/freeze_2/annotation/repeat_masker/HG03927_pat_hprc_r2_v1.RepeatMasker.out
HG03927,2,HG03927_mat_hprc_r2_v1,s3://human-pangenomics/submissions/DC27718F-5F38-43B0-9A78-270F395F13E8--INT_ASM_PRODUCTION/HG03927/assemblies/freeze_2/annotation/repeat_masker/HG03927_mat_hprc_r2_v1.RepeatMasker.out
HG04115,1,HG04115_pat_hprc_r2_v1,s3://human-pangenomics/submissions/DC27718F-5F38-43B0-9A78-270F395F13E8--INT_ASM_PRODUCTION/HG04115/assemblies/freeze_2/annotation/repeat_masker/HG04115_pat_hprc_r2_v1.RepeatMasker.out
HG04115,2,HG04115_mat_hprc_r2_v1,s3://human-pangenomics/submissions/DC27718F-5F38-43B0-9A78-270F395F13E8--INT_ASM_PRODUCTION/HG04115/assemblies/freeze_2/annotation/repeat_masker/HG04115_mat_hprc_r2_v1.RepeatMasker.out
HG04184,1,HG04184_pat_hprc_r2_v1,s3://human-pangenomics/submissions/DC27718F-5F38-43B0-9A78-270F395F13E8--INT_ASM_PRODUCTION/HG04184/assemblies/freeze_2/annotation/repeat_masker/HG04184_pat_hprc_r2_v1.RepeatMasker.out
HG04184,2,HG04184_mat_hprc_r2_v1,s3://human-pangenomics/submissions/DC27718F-5F38-43B0-9A78-270F395F13E8--INT_ASM_PRODUCTION/HG04184/assemblies/freeze_2/annotation/repeat_masker/HG04184_mat_hprc_r2_v1.RepeatMasker.out
HG04199,1,HG04199_pat_hprc_r2_v1,s3://human-pangenomics/submissions/DC27718F-5F38-43B0-9A78-270F395F13E8--INT_ASM_PRODUCTION/HG04199/assemblies/freeze_2/annotation/repeat_masker/HG04199_pat_hprc_r2_v1.RepeatMasker.out
HG04199,2,HG04199_mat_hprc_r2_v1,s3://human-pangenomics/submissions/DC27718F-5F38-43B0-9A78-270F395F13E8--INT_ASM_PRODUCTION/HG04199/assemblies/freeze_2/annotation/repeat_masker/HG04199_mat_hprc_r2_v1.RepeatMasker.out
HG00621,1,HG00621_pat_hprc_r2_v1,s3://human-pangenomics/submissions/DC27718F-5F38-43B0-9A78-270F395F13E8--INT_ASM_PRODUCTION/HG00621/assemblies/freeze_2/annotation/repeat_masker/HG00621_pat_hprc_r2_v1.RepeatMasker.out
HG00621,2,HG00621_mat_hprc_r2_v1,s3://human-pangenomics/submissions/DC27718F-5F38-43B0-9A78-270F395F13E8--INT_ASM_PRODUCTION/HG00621/assemblies/freeze_2/annotation/repeat_masker/HG00621_mat_hprc_r2_v1.RepeatMasker.out
HG00741,1,HG00741_pat_hprc_r2_v1,s3://human-pangenomics/submissions/DC27718F-5F38-43B0-9A78-270F395F13E8--INT_ASM_PRODUCTION/HG00741/assemblies/freeze_2/annotation/repeat_masker/HG00741_pat_hprc_r2_v1.RepeatMasker.out
HG00741,2,HG00741_mat_hprc_r2_v1,s3://human-pangenomics/submissions/DC27718F-5F38-43B0-9A78-270F395F13E8--INT_ASM_PRODUCTION/HG00741/assemblies/freeze_2/annotation/repeat_masker/HG00741_mat_hprc_r2_v1.RepeatMasker.out
HG01106,1,HG01106_pat_hprc_r2_v1,s3://human-pangenomics/submissions/DC27718F-5F38-43B0-9A78-270F395F13E8--INT_ASM_PRODUCTION/HG01106/assemblies/freeze_2/annotation/repeat_masker/HG01106_pat_hprc_r2_v1.RepeatMasker.out
HG01106,2,HG01106_mat_hprc_r2_v1,s3://human-pangenomics/submissions/DC27718F-5F38-43B0-9A78-270F395F13E8--INT_ASM_PRODUCTION/HG01106/assemblies/freeze_2/annotation/repeat_masker/HG01106_mat_hprc_r2_v1.RepeatMasker.out
HG01175,1,HG01175_pat_hprc_r2_v1,s3://human-pangenomics/submissions/DC27718F-5F38-43B0-9A78-270F395F13E8--INT_ASM_PRODUCTION/HG01175/assemblies/freeze_2/annotation/repeat_masker/HG01175_pat_hprc_r2_v1.RepeatMasker.out
HG01175,2,HG01175_mat_hprc_r2_v1,s3://human-pangenomics/submissions/DC27718F-5F38-43B0-9A78-270F395F13E8--INT_ASM_PRODUCTION/HG01175/assemblies/freeze_2/annotation/repeat_masker/HG01175_mat_hprc_r2_v1.RepeatMasker.out
HG01258,1,HG01258_pat_hprc_r2_v1,s3://human-pangenomics/submissions/DC27718F-5F38-43B0-9A78-270F395F13E8--INT_ASM_PRODUCTION/HG01258/assemblies/freeze_2/annotation/repeat_masker/HG01258_pat_hprc_r2_v1.RepeatMasker.out
HG01258,2,HG01258_mat_hprc_r2_v1,s3://human-pangenomics/submissions/DC27718F-5F38-43B0-9A78-270F395F13E8--INT_ASM_PRODUCTION/HG01258/assemblies/freeze_2/annotation/repeat_masker/HG01258_mat_hprc_r2_v1.RepeatMasker.out
HG01891,1,HG01891_pat_hprc_r2_v1,s3://human-pangenomics/submissions/DC27718F-5F38-43B0-9A78-270F395F13E8--INT_ASM_PRODUCTION/HG01891/assemblies/freeze_2/annotation/repeat_masker/HG01891_pat_hprc_r2_v1.RepeatMasker.out
HG01891,2,HG01891_mat_hprc_r2_v1,s3://human-pangenomics/submissions/DC27718F-5F38-43B0-9A78-270F395F13E8--INT_ASM_PRODUCTION/HG01891/assemblies/freeze_2/annotation/repeat_masker/HG01891_mat_hprc_r2_v1.RepeatMasker.out
HG01952,1,HG01952_pat_hprc_r2_v1,s3://human-pangenomics/submissions/DC27718F-5F38-43B0-9A78-270F395F13E8--INT_ASM_PRODUCTION/HG01952/assemblies/freeze_2/annotation/repeat_masker/HG01952_pat_hprc_r2_v1.RepeatMasker.out
HG01952,2,HG01952_mat_hprc_r2_v1,s3://human-pangenomics/submissions/DC27718F-5F38-43B0-9A78-270F395F13E8--INT_ASM_PRODUCTION/HG01952/assemblies/freeze_2/annotation/repeat_masker/HG01952_mat_hprc_r2_v1.RepeatMasker.out
HG02148,1,HG02148_pat_hprc_r2_v1,s3://human-pangenomics/submissions/DC27718F-5F38-43B0-9A78-270F395F13E8--INT_ASM_PRODUCTION/HG02148/assemblies/freeze_2/annotation/repeat_masker/HG02148_pat_hprc_r2_v1.RepeatMasker.out
HG02148,2,HG02148_mat_hprc_r2_v1,s3://human-pangenomics/submissions/DC27718F-5F38-43B0-9A78-270F395F13E8--INT_ASM_PRODUCTION/HG02148/assemblies/freeze_2/annotation/repeat_masker/HG02148_mat_hprc_r2_v1.RepeatMasker.out
HG02486,1,HG02486_pat_hprc_r2_v1,s3://human-pangenomics/submissions/DC27718F-5F38-43B0-9A78-270F395F13E8--INT_ASM_PRODUCTION/HG02486/assemblies/freeze_2/annotation/repeat_masker/HG02486_pat_hprc_r2_v1.RepeatMasker.out
HG02486,2,HG02486_mat_hprc_r2_v1,s3://human-pangenomics/submissions/DC27718F-5F38-43B0-9A78-270F395F13E8--INT_ASM_PRODUCTION/HG02486/assemblies/freeze_2/annotation/repeat_masker/HG02486_mat_hprc_r2_v1.RepeatMasker.out
HG02559,1,HG02559_pat_hprc_r2_v1,s3://human-pangenomics/submissions/DC27718F-5F38-43B0-9A78-270F395F13E8--INT_ASM_PRODUCTION/HG02559/assemblies/freeze_2/annotation/repeat_masker/HG02559_pat_hprc_r2_v1.RepeatMasker.out
HG02559,2,HG02559_mat_hprc_r2_v1,s3://human-pangenomics/submissions/DC27718F-5F38-43B0-9A78-270F395F13E8--INT_ASM_PRODUCTION/HG02559/assemblies/freeze_2/annotation/repeat_masker/HG02559_mat_hprc_r2_v1.RepeatMasker.out
HG02572,1,HG02572_pat_hprc_r2_v1,s3://human-pangenomics/submissions/DC27718F-5F38-43B0-9A78-270F395F13E8--INT_ASM_PRODUCTION/HG02572/assemblies/freeze_2/annotation/repeat_masker/HG02572_pat_hprc_r2_v1.RepeatMasker.out
HG02572,2,HG02572_mat_hprc_r2_v1,s3://human-pangenomics/submissions/DC27718F-5F38-43B0-9A78-270F395F13E8--INT_ASM_PRODUCTION/HG02572/assemblies/freeze_2/annotation/repeat_masker/HG02572_mat_hprc_r2_v1.RepeatMasker.out
HG02622,1,HG02622_pat_hprc_r2_v1,s3://human-pangenomics/submissions/DC27718F-5F38-43B0-9A78-270F395F13E8--INT_ASM_PRODUCTION/HG02622/assemblies/freeze_2/annotation/repeat_masker/HG02622_pat_hprc_r2_v1.RepeatMasker.out
HG02622,2,HG02622_mat_hprc_r2_v1,s3://human-pangenomics/submissions/DC27718F-5F38-43B0-9A78-270F395F13E8--INT_ASM_PRODUCTION/HG02622/assemblies/freeze_2/annotation/repeat_masker/HG02622_mat_hprc_r2_v1.RepeatMasker.out
HG02886,1,HG02886_pat_hprc_r2_v1,s3://human-pangenomics/submissions/DC27718F-5F38-43B0-9A78-270F395F13E8--INT_ASM_PRODUCTION/HG02886/assemblies/freeze_2/annotation/repeat_masker/HG02886_pat_hprc_r2_v1.RepeatMasker.out
HG02886,2,HG02886_mat_hprc_r2_v1,s3://human-pangenomics/submissions/DC27718F-5F38-43B0-9A78-270F395F13E8--INT_ASM_PRODUCTION/HG02886/assemblies/freeze_2/annotation/repeat_masker/HG02886_mat_hprc_r2_v1.RepeatMasker.out
HG03453,1,HG03453_pat_hprc_r2_v1,s3://human-pangenomics/submissions/DC27718F-5F38-43B0-9A78-270F395F13E8--INT_ASM_PRODUCTION/HG03453/assemblies/freeze_2/annotation/repeat_masker/HG03453_pat_hprc_r2_v1.RepeatMasker.out
HG03453,2,HG03453_mat_hprc_r2_v1,s3://human-pangenomics/submissions/DC27718F-5F38-43B0-9A78-270F395F13E8--INT_ASM_PRODUCTION/HG03453/assemblies/freeze_2/annotation/repeat_masker/HG03453_mat_hprc_r2_v1.RepeatMasker.out
HG03540,1,HG03540_pat_hprc_r2_v1,s3://human-pangenomics/submissions/DC27718F-5F38-43B0-9A78-270F395F13E8--INT_ASM_PRODUCTION/HG03540/assemblies/freeze_2/annotation/repeat_masker/HG03540_pat_hprc_r2_v1.RepeatMasker.out
HG03540,2,HG03540_mat_hprc_r2_v1,s3://human-pangenomics/submissions/DC27718F-5F38-43B0-9A78-270F395F13E8--INT_ASM_PRODUCTION/HG03540/assemblies/freeze_2/annotation/repeat_masker/HG03540_mat_hprc_r2_v1.RepeatMasker.out
HG00099,1,HG00099_hap1_hprc_r2_v1,s3://human-pangenomics/submissions/DC27718F-5F38-43B0-9A78-270F395F13E8--INT_ASM_PRODUCTION/HG00099/assemblies/freeze_2/annotation/repeat_masker/HG00099_hap1_hprc_r2_v1.RepeatMasker.out
HG00099,2,HG00099_hap2_hprc_r2_v1,s3://human-pangenomics/submissions/DC27718F-5F38-43B0-9A78-270F395F13E8--INT_ASM_PRODUCTION/HG00099/assemblies/freeze_2/annotation/repeat_masker/HG00099_hap2_hprc_r2_v1.RepeatMasker.out
HG00140,1,HG00140_hap1_hprc_r2_v1,s3://human-pangenomics/submissions/DC27718F-5F38-43B0-9A78-270F395F13E8--INT_ASM_PRODUCTION/HG00140/assemblies/freeze_2/annotation/repeat_masker/HG00140_hap1_hprc_r2_v1.RepeatMasker.out
HG00140,2,HG00140_hap2_hprc_r2_v1,s3://human-pangenomics/submissions/DC27718F-5F38-43B0-9A78-270F395F13E8--INT_ASM_PRODUCTION/HG00140/assemblies/freeze_2/annotation/repeat_masker/HG00140_hap2_hprc_r2_v1.RepeatMasker.out
HG00280,1,HG00280_hap1_hprc_r2_v1,s3://human-pangenomics/submissions/DC27718F-5F38-43B0-9A78-270F395F13E8--INT_ASM_PRODUCTION/HG00280/assemblies/freeze_2/annotation/repeat_masker/HG00280_hap1_hprc_r2_v1.RepeatMasker.out
HG00280,2,HG00280_hap2_hprc_r2_v1,s3://human-pangenomics/submissions/DC27718F-5F38-43B0-9A78-270F395F13E8--INT_ASM_PRODUCTION/HG00280/assemblies/freeze_2/annotation/repeat_masker/HG00280_hap2_hprc_r2_v1.RepeatMasker.out
HG00323,1,HG00323_hap1_hprc_r2_v1,s3://human-pangenomics/submissions/DC27718F-5F38-43B0-9A78-270F395F13E8--INT_ASM_PRODUCTION/HG00323/assemblies/freeze_2/annotation/repeat_masker/HG00323_hap1_hprc_r2_v1.RepeatMasker.out
HG00323,2,HG00323_hap2_hprc_r2_v1,s3://human-pangenomics/submissions/DC27718F-5F38-43B0-9A78-270F395F13E8--INT_ASM_PRODUCTION/HG00323/assemblies/freeze_2/annotation/repeat_masker/HG00323_hap2_hprc_r2_v1.RepeatMasker.out
HG02040,1,HG02040_hap1_hprc_r2_v1,s3://human-pangenomics/submissions/DC27718F-5F38-43B0-9A78-270F395F13E8--INT_ASM_PRODUCTION/HG02040/assemblies/freeze_2/annotation/repeat_masker/HG02040_hap1_hprc_r2_v1.RepeatMasker.out
HG02040,2,HG02040_hap2_hprc_r2_v1,s3://human-pangenomics/submissions/DC27718F-5F38-43B0-9A78-270F395F13E8--INT_ASM_PRODUCTION/HG02040/assemblies/freeze_2/annotation/repeat_masker/HG02040_hap2_hprc_r2_v1.RepeatMasker.out
HG02165,1,HG02165_hap1_hprc_r2_v1,s3://human-pangenomics/submissions/DC27718F-5F38-43B0-9A78-270F395F13E8--INT_ASM_PRODUCTION/HG02165/assemblies/freeze_2/annotation/repeat_masker/HG02165_hap1_hprc_r2_v1.RepeatMasker.out
HG02165,2,HG02165_hap2_hprc_r2_v1,s3://human-pangenomics/submissions/DC27718F-5F38-43B0-9A78-270F395F13E8--INT_ASM_PRODUCTION/HG02165/assemblies/freeze_2/annotation/repeat_masker/HG02165_hap2_hprc_r2_v1.RepeatMasker.out
HG02273,1,HG02273_hap1_hprc_r2_v1,s3://human-pangenomics/submissions/DC27718F-5F38-43B0-9A78-270F395F13E8--INT_ASM_PRODUCTION/HG02273/assemblies/freeze_2/annotation/repeat_masker/HG02273_hap1_hprc_r2_v1.RepeatMasker.out
HG02273,2,HG02273_hap2_hprc_r2_v1,s3://human-pangenomics/submissions/DC27718F-5F38-43B0-9A78-270F395F13E8--INT_ASM_PRODUCTION/HG02273/assemblies/freeze_2/annotation/repeat_masker/HG02273_hap2_hprc_r2_v1.RepeatMasker.out
HG02922,1,HG02922_hap1_hprc_r2_v1,s3://human-pangenomics/submissions/DC27718F-5F38-43B0-9A78-270F395F13E8--INT_ASM_PRODUCTION/HG02922/assemblies/freeze_2/annotation/repeat_masker/HG02922_hap1_hprc_r2_v1.RepeatMasker.out
HG02922,2,HG02922_hap2_hprc_r2_v1,s3://human-pangenomics/submissions/DC27718F-5F38-43B0-9A78-270F395F13E8--INT_ASM_PRODUCTION/HG02922/assemblies/freeze_2/annotation/repeat_masker/HG02922_hap2_hprc_r2_v1.RepeatMasker.out
HG02965,1,HG02965_hap1_hprc_r2_v1,s3://human-pangenomics/submissions/DC27718F-5F38-43B0-9A78-270F395F13E8--INT_ASM_PRODUCTION/HG02965/assemblies/freeze_2/annotation/repeat_masker/HG02965_hap1_hprc_r2_v1.RepeatMasker.out
HG02965,2,HG02965_hap2_hprc_r2_v1,s3://human-pangenomics/submissions/DC27718F-5F38-43B0-9A78-270F395F13E8--INT_ASM_PRODUCTION/HG02965/assemblies/freeze_2/annotation/repeat_masker/HG02965_hap2_hprc_r2_v1.RepeatMasker.out
HG02976,1,HG02976_hap1_hprc_r2_v1,s3://human-pangenomics/submissions/DC27718F-5F38-43B0-9A78-270F395F13E8--INT_ASM_PRODUCTION/HG02976/assemblies/freeze_2/annotation/repeat_masker/HG02976_hap1_hprc_r2_v1.RepeatMasker.out
HG02976,2,HG02976_hap2_hprc_r2_v1,s3://human-pangenomics/submissions/DC27718F-5F38-43B0-9A78-270F395F13E8--INT_ASM_PRODUCTION/HG02976/assemblies/freeze_2/annotation/repeat_masker/HG02976_hap2_hprc_r2_v1.RepeatMasker.out
HG03130,1,HG03130_hap1_hprc_r2_v1,s3://human-pangenomics/submissions/DC27718F-5F38-43B0-9A78-270F395F13E8--INT_ASM_PRODUCTION/HG03130/assemblies/freeze_2/annotation/repeat_masker/HG03130_hap1_hprc_r2_v1.RepeatMasker.out
HG03130,2,HG03130_hap2_hprc_r2_v1,s3://human-pangenomics/submissions/DC27718F-5F38-43B0-9A78-270F395F13E8--INT_ASM_PRODUCTION/HG03130/assemblies/freeze_2/annotation/repeat_masker/HG03130_hap2_hprc_r2_v1.RepeatMasker.out
HG03195,1,HG03195_hap1_hprc_r2_v1,s3://human-pangenomics/submissions/DC27718F-5F38-43B0-9A78-270F395F13E8--INT_ASM_PRODUCTION/HG03195/assemblies/freeze_2/annotation/repeat_masker/HG03195_hap1_hprc_r2_v1.RepeatMasker.out
HG03195,2,HG03195_hap2_hprc_r2_v1,s3://human-pangenomics/submissions/DC27718F-5F38-43B0-9A78-270F395F13E8--INT_ASM_PRODUCTION/HG03195/assemblies/freeze_2/annotation/repeat_masker/HG03195_hap2_hprc_r2_v1.RepeatMasker.out
HG03209,1,HG03209_hap1_hprc_r2_v1,s3://human-pangenomics/submissions/DC27718F-5F38-43B0-9A78-270F395F13E8--INT_ASM_PRODUCTION/HG03209/assemblies/freeze_2/annotation/repeat_masker/HG03209_hap1_hprc_r2_v1.RepeatMasker.out
HG03209,2,HG03209_hap2_hprc_r2_v1,s3://human-pangenomics/submissions/DC27718F-5F38-43B0-9A78-270F395F13E8--INT_ASM_PRODUCTION/HG03209/assemblies/freeze_2/annotation/repeat_masker/HG03209_hap2_hprc_r2_v1.RepeatMasker.out
NA18522,1,NA18522_hap1_hprc_r2_v1,s3://human-pangenomics/submissions/DC27718F-5F38-43B0-9A78-270F395F13E8--INT_ASM_PRODUCTION/NA18522/assemblies/freeze_2/annotation/repeat_masker/NA18522_hap1_hprc_r2_v1.RepeatMasker.out
NA18522,2,NA18522_hap2_hprc_r2_v1,s3://human-pangenomics/submissions/DC27718F-5F38-43B0-9A78-270F395F13E8--INT_ASM_PRODUCTION/NA18522/assemblies/freeze_2/annotation/repeat_masker/NA18522_hap2_hprc_r2_v1.RepeatMasker.out
NA18747,1,NA18747_hap1_hprc_r2_v1,s3://human-pangenomics/submissions/DC27718F-5F38-43B0-9A78-270F395F13E8--INT_ASM_PRODUCTION/NA18747/assemblies/freeze_2/annotation/repeat_masker/NA18747_hap1_hprc_r2_v1.RepeatMasker.out
NA18747,2,NA18747_hap2_hprc_r2_v1,s3://human-pangenomics/submissions/DC27718F-5F38-43B0-9A78-270F395F13E8--INT_ASM_PRODUCTION/NA18747/assemblies/freeze_2/annotation/repeat_masker/NA18747_hap2_hprc_r2_v1.RepeatMasker.out
NA18971,1,NA18971_hap1_hprc_r2_v1,s3://human-pangenomics/submissions/DC27718F-5F38-43B0-9A78-270F395F13E8--INT_ASM_PRODUCTION/NA18971/assemblies/freeze_2/annotation/repeat_masker/NA18971_hap1_hprc_r2_v1.RepeatMasker.out
NA18971,2,NA18971_hap2_hprc_r2_v1,s3://human-pangenomics/submissions/DC27718F-5F38-43B0-9A78-270F395F13E8--INT_ASM_PRODUCTION/NA18971/assemblies/freeze_2/annotation/repeat_masker/NA18971_hap2_hprc_r2_v1.RepeatMasker.out
NA18983,1,NA18983_hap1_hprc_r2_v1,s3://human-pangenomics/submissions/DC27718F-5F38-43B0-9A78-270F395F13E8--INT_ASM_PRODUCTION/NA18983/assemblies/freeze_2/annotation/repeat_masker/NA18983_hap1_hprc_r2_v1.RepeatMasker.out
NA18983,2,NA18983_hap2_hprc_r2_v1,s3://human-pangenomics/submissions/DC27718F-5F38-43B0-9A78-270F395F13E8--INT_ASM_PRODUCTION/NA18983/assemblies/freeze_2/annotation/repeat_masker/NA18983_hap2_hprc_r2_v1.RepeatMasker.out
NA19043,1,NA19043_hap1_hprc_r2_v1,s3://human-pangenomics/submissions/DC27718F-5F38-43B0-9A78-270F395F13E8--INT_ASM_PRODUCTION/NA19043/assemblies/freeze_2/annotation/repeat_masker/NA19043_hap1_hprc_r2_v1.RepeatMasker.out
NA19043,2,NA19043_hap2_hprc_r2_v1,s3://human-pangenomics/submissions/DC27718F-5F38-43B0-9A78-270F395F13E8--INT_ASM_PRODUCTION/NA19043/assemblies/freeze_2/annotation/repeat_masker/NA19043_hap2_hprc_r2_v1.RepeatMasker.out
NA20905,1,NA20905_hap1_hprc_r2_v1,s3://human-pangenomics/submissions/DC27718F-5F38-43B0-9A78-270F395F13E8--INT_ASM_PRODUCTION/NA20905/assemblies/freeze_2/annotation/repeat_masker/NA20905_hap1_hprc_r2_v1.RepeatMasker.out
NA20905,2,NA20905_hap2_hprc_r2_v1,s3://human-pangenomics/submissions/DC27718F-5F38-43B0-9A78-270F395F13E8--INT_ASM_PRODUCTION/NA20905/assemblies/freeze_2/annotation/repeat_masker/NA20905_hap2_hprc_r2_v1.RepeatMasker.out
HG01530,1,HG01530_hap1_hprc_r2_v1,s3://human-pangenomics/submissions/DC27718F-5F38-43B0-9A78-270F395F13E8--INT_ASM_PRODUCTION/HG01530/assemblies/freeze_2/annotation/repeat_masker/HG01530_hap1_hprc_r2_v1.RepeatMasker.out
HG01530,2,HG01530_hap2_hprc_r2_v1,s3://human-pangenomics/submissions/DC27718F-5F38-43B0-9A78-270F395F13E8--INT_ASM_PRODUCTION/HG01530/assemblies/freeze_2/annotation/repeat_masker/HG01530_hap2_hprc_r2_v1.RepeatMasker.out
HG01784,1,HG01784_hap1_hprc_r2_v1,s3://human-pangenomics/submissions/DC27718F-5F38-43B0-9A78-270F395F13E8--INT_ASM_PRODUCTION/HG01784/assemblies/freeze_2/annotation/repeat_masker/HG01784_hap1_hprc_r2_v1.RepeatMasker.out
HG01784,2,HG01784_hap2_hprc_r2_v1,s3://human-pangenomics/submissions/DC27718F-5F38-43B0-9A78-270F395F13E8--INT_ASM_PRODUCTION/HG01784/assemblies/freeze_2/annotation/repeat_masker/HG01784_hap2_hprc_r2_v1.RepeatMasker.out
HG02391,1,HG02391_hap1_hprc_r2_v1,s3://human-pangenomics/submissions/DC27718F-5F38-43B0-9A78-270F395F13E8--INT_ASM_PRODUCTION/HG02391/assemblies/freeze_2/annotation/repeat_masker/HG02391_hap1_hprc_r2_v1.RepeatMasker.out
HG02391,2,HG02391_hap2_hprc_r2_v1,s3://human-pangenomics/submissions/DC27718F-5F38-43B0-9A78-270F395F13E8--INT_ASM_PRODUCTION/HG02391/assemblies/freeze_2/annotation/repeat_masker/HG02391_hap2_hprc_r2_v1.RepeatMasker.out
HG03471,1,HG03471_hap1_hprc_r2_v1,s3://human-pangenomics/submissions/DC27718F-5F38-43B0-9A78-270F395F13E8--INT_ASM_PRODUCTION/HG03471/assemblies/freeze_2/annotation/repeat_masker/HG03471_hap1_hprc_r2_v1.RepeatMasker.out
HG03471,2,HG03471_hap2_hprc_r2_v1,s3://human-pangenomics/submissions/DC27718F-5F38-43B0-9A78-270F395F13E8--INT_ASM_PRODUCTION/HG03471/assemblies/freeze_2/annotation/repeat_masker/HG03471_hap2_hprc_r2_v1.RepeatMasker.out
HG03742,1,HG03742_hap1_hprc_r2_v1,s3://human-pangenomics/submissions/DC27718F-5F38-43B0-9A78-270F395F13E8--INT_ASM_PRODUCTION/HG03742/assemblies/freeze_2/annotation/repeat_masker/HG03742_hap1_hprc_r2_v1.RepeatMasker.out
HG03742,2,HG03742_hap2_hprc_r2_v1,s3://human-pangenomics/submissions/DC27718F-5F38-43B0-9A78-270F395F13E8--INT_ASM_PRODUCTION/HG03742/assemblies/freeze_2/annotation/repeat_masker/HG03742_hap2_hprc_r2_v1.RepeatMasker.out
NA18570,1,NA18570_hap1_hprc_r2_v1,s3://human-pangenomics/submissions/DC27718F-5F38-43B0-9A78-270F395F13E8--INT_ASM_PRODUCTION/NA18570/assemblies/freeze_2/annotation/repeat_masker/NA18570_hap1_hprc_r2_v1.RepeatMasker.out
NA18570,2,NA18570_hap2_hprc_r2_v1,s3://human-pangenomics/submissions/DC27718F-5F38-43B0-9A78-270F395F13E8--INT_ASM_PRODUCTION/NA18570/assemblies/freeze_2/annotation/repeat_masker/NA18570_hap2_hprc_r2_v1.RepeatMasker.out
NA19087,1,NA19087_hap1_hprc_r2_v1,s3://human-pangenomics/submissions/DC27718F-5F38-43B0-9A78-270F395F13E8--INT_ASM_PRODUCTION/NA19087/assemblies/freeze_2/annotation/repeat_masker/NA19087_hap1_hprc_r2_v1.RepeatMasker.out
NA19087,2,NA19087_hap2_hprc_r2_v1,s3://human-pangenomics/submissions/DC27718F-5F38-43B0-9A78-270F395F13E8--INT_ASM_PRODUCTION/NA19087/assemblies/freeze_2/annotation/repeat_masker/NA19087_hap2_hprc_r2_v1.RepeatMasker.out
NA19185,1,NA19185_hap1_hprc_r2_v1,s3://human-pangenomics/submissions/DC27718F-5F38-43B0-9A78-270F395F13E8--INT_ASM_PRODUCTION/NA19185/assemblies/freeze_2/annotation/repeat_masker/NA19185_hap1_hprc_r2_v1.RepeatMasker.out
NA19185,2,NA19185_hap2_hprc_r2_v1,s3://human-pangenomics/submissions/DC27718F-5F38-43B0-9A78-270F395F13E8--INT_ASM_PRODUCTION/NA19185/assemblies/freeze_2/annotation/repeat_masker/NA19185_hap2_hprc_r2_v1.RepeatMasker.out
NA19338,1,NA19338_hap1_hprc_r2_v1,s3://human-pangenomics/submissions/DC27718F-5F38-43B0-9A78-270F395F13E8--INT_ASM_PRODUCTION/NA19338/assemblies/freeze_2/annotation/repeat_masker/NA19338_hap1_hprc_r2_v1.RepeatMasker.out
NA19338,2,NA19338_hap2_hprc_r2_v1,s3://human-pangenomics/submissions/DC27718F-5F38-43B0-9A78-270F395F13E8--INT_ASM_PRODUCTION/NA19338/assemblies/freeze_2/annotation/repeat_masker/NA19338_hap2_hprc_r2_v1.RepeatMasker.out
NA19391,1,NA19391_hap1_hprc_r2_v1,s3://human-pangenomics/submissions/DC27718F-5F38-43B0-9A78-270F395F13E8--INT_ASM_PRODUCTION/NA19391/assemblies/freeze_2/annotation/repeat_masker/NA19391_hap1_hprc_r2_v1.RepeatMasker.out
NA19391,2,NA19391_hap2_hprc_r2_v1,s3://human-pangenomics/submissions/DC27718F-5F38-43B0-9A78-270F395F13E8--INT_ASM_PRODUCTION/NA19391/assemblies/freeze_2/annotation/repeat_masker/NA19391_hap2_hprc_r2_v1.RepeatMasker.out
NA19468,1,NA19468_hap1_hprc_r2_v1,s3://human-pangenomics/submissions/DC27718F-5F38-43B0-9A78-270F395F13E8--INT_ASM_PRODUCTION/NA19468/assemblies/freeze_2/annotation/repeat_masker/NA19468_hap1_hprc_r2_v1.RepeatMasker.out
NA19468,2,NA19468_hap2_hprc_r2_v1,s3://human-pangenomics/submissions/DC27718F-5F38-43B0-9A78-270F395F13E8--INT_ASM_PRODUCTION/NA19468/assemblies/freeze_2/annotation/repeat_masker/NA19468_hap2_hprc_r2_v1.RepeatMasker.out
HG00438,1,HG00438_pat_hprc_r2_v1,s3://human-pangenomics/submissions/DC27718F-5F38-43B0-9A78-270F395F13E8--INT_ASM_PRODUCTION/HG00438/assemblies/freeze_2/annotation/repeat_masker/HG00438_pat_hprc_r2_v1.RepeatMasker.out
HG00438,2,HG00438_mat_hprc_r2_v1,s3://human-pangenomics/submissions/DC27718F-5F38-43B0-9A78-270F395F13E8--INT_ASM_PRODUCTION/HG00438/assemblies/freeze_2/annotation/repeat_masker/HG00438_mat_hprc_r2_v1.RepeatMasker.out
HG00558,1,HG00558_pat_hprc_r2_v1,s3://human-pangenomics/submissions/DC27718F-5F38-43B0-9A78-270F395F13E8--INT_ASM_PRODUCTION/HG00558/assemblies/freeze_2/annotation/repeat_masker/HG00558_pat_hprc_r2_v1.RepeatMasker.out
HG00558,2,HG00558_mat_hprc_r2_v1,s3://human-pangenomics/submissions/DC27718F-5F38-43B0-9A78-270F395F13E8--INT_ASM_PRODUCTION/HG00558/assemblies/freeze_2/annotation/repeat_masker/HG00558_mat_hprc_r2_v1.RepeatMasker.out
HG00639,1,HG00639_pat_hprc_r2_v1,s3://human-pangenomics/submissions/DC27718F-5F38-43B0-9A78-270F395F13E8--INT_ASM_PRODUCTION/HG00639/assemblies/freeze_2/annotation/repeat_masker/HG00639_pat_hprc_r2_v1.RepeatMasker.out
HG00639,2,HG00639_mat_hprc_r2_v1,s3://human-pangenomics/submissions/DC27718F-5F38-43B0-9A78-270F395F13E8--INT_ASM_PRODUCTION/HG00639/assemblies/freeze_2/annotation/repeat_masker/HG00639_mat_hprc_r2_v1.RepeatMasker.out
HG00658,1,HG00658_pat_hprc_r2_v1,s3://human-pangenomics/submissions/DC27718F-5F38-43B0-9A78-270F395F13E8--INT_ASM_PRODUCTION/HG00658/assemblies/freeze_2/annotation/repeat_masker/HG00658_pat_hprc_r2_v1.RepeatMasker.out
HG00658,2,HG00658_mat_hprc_r2_v1,s3://human-pangenomics/submissions/DC27718F-5F38-43B0-9A78-270F395F13E8--INT_ASM_PRODUCTION/HG00658/assemblies/freeze_2/annotation/repeat_masker/HG00658_mat_hprc_r2_v1.RepeatMasker.out
HG00673,1,HG00673_pat_hprc_r2_v1,s3://human-pangenomics/submissions/DC27718F-5F38-43B0-9A78-270F395F13E8--INT_ASM_PRODUCTION/HG00673/assemblies/freeze_2/annotation/repeat_masker/HG00673_pat_hprc_r2_v1.RepeatMasker.out
HG00673,2,HG00673_mat_hprc_r2_v1,s3://human-pangenomics/submissions/DC27718F-5F38-43B0-9A78-270F395F13E8--INT_ASM_PRODUCTION/HG00673/assemblies/freeze_2/annotation/repeat_masker/HG00673_mat_hprc_r2_v1.RepeatMasker.out
HG01071,1,HG01071_pat_hprc_r2_v1,s3://human-pangenomics/submissions/DC27718F-5F38-43B0-9A78-270F395F13E8--INT_ASM_PRODUCTION/HG01071/assemblies/freeze_2/annotation/repeat_masker/HG01071_pat_hprc_r2_v1.RepeatMasker.out
HG01071,2,HG01071_mat_hprc_r2_v1,s3://human-pangenomics/submissions/DC27718F-5F38-43B0-9A78-270F395F13E8--INT_ASM_PRODUCTION/HG01071/assemblies/freeze_2/annotation/repeat_masker/HG01071_mat_hprc_r2_v1.RepeatMasker.out
HG01074,1,HG01074_pat_hprc_r2_v1,s3://human-pangenomics/submissions/DC27718F-5F38-43B0-9A78-270F395F13E8--INT_ASM_PRODUCTION/HG01074/assemblies/freeze_2/annotation/repeat_masker/HG01074_pat_hprc_r2_v1.RepeatMasker.out
HG01074,2,HG01074_mat_hprc_r2_v1,s3://human-pangenomics/submissions/DC27718F-5F38-43B0-9A78-270F395F13E8--INT_ASM_PRODUCTION/HG01074/assemblies/freeze_2/annotation/repeat_masker/HG01074_mat_hprc_r2_v1.RepeatMasker.out
HG01081,1,HG01081_pat_hprc_r2_v1,s3://human-pangenomics/submissions/DC27718F-5F38-43B0-9A78-270F395F13E8--INT_ASM_PRODUCTION/HG01081/assemblies/freeze_2/annotation/repeat_masker/HG01081_pat_hprc_r2_v1.RepeatMasker.out
HG01081,2,HG01081_mat_hprc_r2_v1,s3://human-pangenomics/submissions/DC27718F-5F38-43B0-9A78-270F395F13E8--INT_ASM_PRODUCTION/HG01081/assemblies/freeze_2/annotation/repeat_masker/HG01081_mat_hprc_r2_v1.RepeatMasker.out
HG01123,1,HG01123_pat_hprc_r2_v1,s3://human-pangenomics/submissions/DC27718F-5F38-43B0-9A78-270F395F13E8--INT_ASM_PRODUCTION/HG01123/assemblies/freeze_2/annotation/repeat_masker/HG01123_pat_hprc_r2_v1.RepeatMasker.out
HG01123,2,HG01123_mat_hprc_r2_v1,s3://human-pangenomics/submissions/DC27718F-5F38-43B0-9A78-270F395F13E8--INT_ASM_PRODUCTION/HG01123/assemblies/freeze_2/annotation/repeat_masker/HG01123_mat_hprc_r2_v1.RepeatMasker.out
HG01150,1,HG01150_pat_hprc_r2_v1,s3://human-pangenomics/submissions/DC27718F-5F38-43B0-9A78-270F395F13E8--INT_ASM_PRODUCTION/HG01150/assemblies/freeze_2/annotation/repeat_masker/HG01150_pat_hprc_r2_v1.RepeatMasker.out
HG01150,2,HG01150_mat_hprc_r2_v1,s3://human-pangenomics/submissions/DC27718F-5F38-43B0-9A78-270F395F13E8--INT_ASM_PRODUCTION/HG01150/assemblies/freeze_2/annotation/repeat_masker/HG01150_mat_hprc_r2_v1.RepeatMasker.out
HG01252,1,HG01252_pat_hprc_r2_v1,s3://human-pangenomics/submissions/DC27718F-5F38-43B0-9A78-270F395F13E8--INT_ASM_PRODUCTION/HG01252/assemblies/freeze_2/annotation/repeat_masker/HG01252_pat_hprc_r2_v1.RepeatMasker.out
HG01252,2,HG01252_mat_hprc_r2_v1,s3://human-pangenomics/submissions/DC27718F-5F38-43B0-9A78-270F395F13E8--INT_ASM_PRODUCTION/HG01252/assemblies/freeze_2/annotation/repeat_masker/HG01252_mat_hprc_r2_v1.RepeatMasker.out
HG01358,1,HG01358_pat_hprc_r2_v1,s3://human-pangenomics/submissions/DC27718F-5F38-43B0-9A78-270F395F13E8--INT_ASM_PRODUCTION/HG01358/assemblies/freeze_2/annotation/repeat_masker/HG01358_pat_hprc_r2_v1.RepeatMasker.out
HG01358,2,HG01358_mat_hprc_r2_v1,s3://human-pangenomics/submissions/DC27718F-5F38-43B0-9A78-270F395F13E8--INT_ASM_PRODUCTION/HG01358/assemblies/freeze_2/annotation/repeat_masker/HG01358_mat_hprc_r2_v1.RepeatMasker.out
HG01361,1,HG01361_pat_hprc_r2_v1,s3://human-pangenomics/submissions/DC27718F-5F38-43B0-9A78-270F395F13E8--INT_ASM_PRODUCTION/HG01361/assemblies/freeze_2/annotation/repeat_masker/HG01361_pat_hprc_r2_v1.RepeatMasker.out
HG01361,2,HG01361_mat_hprc_r2_v1,s3://human-pangenomics/submissions/DC27718F-5F38-43B0-9A78-270F395F13E8--INT_ASM_PRODUCTION/HG01361/assemblies/freeze_2/annotation/repeat_masker/HG01361_mat_hprc_r2_v1.RepeatMasker.out
HG01928,1,HG01928_pat_hprc_r2_v1,s3://human-pangenomics/submissions/DC27718F-5F38-43B0-9A78-270F395F13E8--INT_ASM_PRODUCTION/HG01928/assemblies/freeze_2/annotation/repeat_masker/HG01928_pat_hprc_r2_v1.RepeatMasker.out
HG01928,2,HG01928_mat_hprc_r2_v1,s3://human-pangenomics/submissions/DC27718F-5F38-43B0-9A78-270F395F13E8--INT_ASM_PRODUCTION/HG01928/assemblies/freeze_2/annotation/repeat_masker/HG01928_mat_hprc_r2_v1.RepeatMasker.out
HG01934,1,HG01934_pat_hprc_r2_v1,s3://human-pangenomics/submissions/DC27718F-5F38-43B0-9A78-270F395F13E8--INT_ASM_PRODUCTION/HG01934/assemblies/freeze_2/annotation/repeat_masker/HG01934_pat_hprc_r2_v1.RepeatMasker.out
HG01934,2,HG01934_mat_hprc_r2_v1,s3://human-pangenomics/submissions/DC27718F-5F38-43B0-9A78-270F395F13E8--INT_ASM_PRODUCTION/HG01934/assemblies/freeze_2/annotation/repeat_masker/HG01934_mat_hprc_r2_v1.RepeatMasker.out
HG01940,1,HG01940_pat_hprc_r2_v1,s3://human-pangenomics/submissions/DC27718F-5F38-43B0-9A78-270F395F13E8--INT_ASM_PRODUCTION/HG01940/assemblies/freeze_2/annotation/repeat_masker/HG01940_pat_hprc_r2_v1.RepeatMasker.out
HG01940,2,HG01940_mat_hprc_r2_v1,s3://human-pangenomics/submissions/DC27718F-5F38-43B0-9A78-270F395F13E8--INT_ASM_PRODUCTION/HG01940/assemblies/freeze_2/annotation/repeat_masker/HG01940_mat_hprc_r2_v1.RepeatMasker.out
HG01960,1,HG01960_pat_hprc_r2_v1,s3://human-pangenomics/submissions/DC27718F-5F38-43B0-9A78-270F395F13E8--INT_ASM_PRODUCTION/HG01960/assemblies/freeze_2/annotation/repeat_masker/HG01960_pat_hprc_r2_v1.RepeatMasker.out
HG01960,2,HG01960_mat_hprc_r2_v1,s3://human-pangenomics/submissions/DC27718F-5F38-43B0-9A78-270F395F13E8--INT_ASM_PRODUCTION/HG01960/assemblies/freeze_2/annotation/repeat_masker/HG01960_mat_hprc_r2_v1.RepeatMasker.out
HG01969,1,HG01969_pat_hprc_r2_v1,s3://human-pangenomics/submissions/DC27718F-5F38-43B0-9A78-270F395F13E8--INT_ASM_PRODUCTION/HG01969/assemblies/freeze_2/annotation/repeat_masker/HG01969_pat_hprc_r2_v1.RepeatMasker.out
HG01969,2,HG01969_mat_hprc_r2_v1,s3://human-pangenomics/submissions/DC27718F-5F38-43B0-9A78-270F395F13E8--INT_ASM_PRODUCTION/HG01969/assemblies/freeze_2/annotation/repeat_masker/HG01969_mat_hprc_r2_v1.RepeatMasker.out
HG02071,1,HG02071_pat_hprc_r2_v1,s3://human-pangenomics/submissions/DC27718F-5F38-43B0-9A78-270F395F13E8--INT_ASM_PRODUCTION/HG02071/assemblies/freeze_2/annotation/repeat_masker/HG02071_pat_hprc_r2_v1.RepeatMasker.out
HG02071,2,HG02071_mat_hprc_r2_v1,s3://human-pangenomics/submissions/DC27718F-5F38-43B0-9A78-270F395F13E8--INT_ASM_PRODUCTION/HG02071/assemblies/freeze_2/annotation/repeat_masker/HG02071_mat_hprc_r2_v1.RepeatMasker.out
HG02074,1,HG02074_pat_hprc_r2_v1,s3://human-pangenomics/submissions/DC27718F-5F38-43B0-9A78-270F395F13E8--INT_ASM_PRODUCTION/HG02074/assemblies/freeze_2/annotation/repeat_masker/HG02074_pat_hprc_r2_v1.RepeatMasker.out
HG02074,2,HG02074_mat_hprc_r2_v1,s3://human-pangenomics/submissions/DC27718F-5F38-43B0-9A78-270F395F13E8--INT_ASM_PRODUCTION/HG02074/assemblies/freeze_2/annotation/repeat_masker/HG02074_mat_hprc_r2_v1.RepeatMasker.out
HG02135,1,HG02135_pat_hprc_r2_v1,s3://human-pangenomics/submissions/DC27718F-5F38-43B0-9A78-270F395F13E8--INT_ASM_PRODUCTION/HG02135/assemblies/freeze_2/annotation/repeat_masker/HG02135_pat_hprc_r2_v1.RepeatMasker.out
HG02135,2,HG02135_mat_hprc_r2_v1,s3://human-pangenomics/submissions/DC27718F-5F38-43B0-9A78-270F395F13E8--INT_ASM_PRODUCTION/HG02135/assemblies/freeze_2/annotation/repeat_masker/HG02135_mat_hprc_r2_v1.RepeatMasker.out
HG02668,1,HG02668_pat_hprc_r2_v1,s3://human-pangenomics/submissions/DC27718F-5F38-43B0-9A78-270F395F13E8--INT_ASM_PRODUCTION/HG02668/assemblies/freeze_2/annotation/repeat_masker/HG02668_pat_hprc_r2_v1.RepeatMasker.out
HG02668,2,HG02668_mat_hprc_r2_v1,s3://human-pangenomics/submissions/DC27718F-5F38-43B0-9A78-270F395F13E8--INT_ASM_PRODUCTION/HG02668/assemblies/freeze_2/annotation/repeat_masker/HG02668_mat_hprc_r2_v1.RepeatMasker.out
HG02717,1,HG02717_pat_hprc_r2_v1,s3://human-pangenomics/submissions/DC27718F-5F38-43B0-9A78-270F395F13E8--INT_ASM_PRODUCTION/HG02717/assemblies/freeze_2/annotation/repeat_masker/HG02717_pat_hprc_r2_v1.RepeatMasker.out
HG02717,2,HG02717_mat_hprc_r2_v1,s3://human-pangenomics/submissions/DC27718F-5F38-43B0-9A78-270F395F13E8--INT_ASM_PRODUCTION/HG02717/assemblies/freeze_2/annotation/repeat_masker/HG02717_mat_hprc_r2_v1.RepeatMasker.out
HG02809,1,HG02809_pat_hprc_r2_v1,s3://human-pangenomics/submissions/DC27718F-5F38-43B0-9A78-270F395F13E8--INT_ASM_PRODUCTION/HG02809/assemblies/freeze_2/annotation/repeat_masker/HG02809_pat_hprc_r2_v1.RepeatMasker.out
HG02809,2,HG02809_mat_hprc_r2_v1,s3://human-pangenomics/submissions/DC27718F-5F38-43B0-9A78-270F395F13E8--INT_ASM_PRODUCTION/HG02809/assemblies/freeze_2/annotation/repeat_masker/HG02809_mat_hprc_r2_v1.RepeatMasker.out
HG03017,1,HG03017_pat_hprc_r2_v1,s3://human-pangenomics/submissions/DC27718F-5F38-43B0-9A78-270F395F13E8--INT_ASM_PRODUCTION/HG03017/assemblies/freeze_2/annotation/repeat_masker/HG03017_pat_hprc_r2_v1.RepeatMasker.out
HG03017,2,HG03017_mat_hprc_r2_v1,s3://human-pangenomics/submissions/DC27718F-5F38-43B0-9A78-270F395F13E8--INT_ASM_PRODUCTION/HG03017/assemblies/freeze_2/annotation/repeat_masker/HG03017_mat_hprc_r2_v1.RepeatMasker.out
HG03041,1,HG03041_pat_hprc_r2_v1,s3://human-pangenomics/submissions/DC27718F-5F38-43B0-9A78-270F395F13E8--INT_ASM_PRODUCTION/HG03041/assemblies/freeze_2/annotation/repeat_masker/HG03041_pat_hprc_r2_v1.RepeatMasker.out
HG03041,2,HG03041_mat_hprc_r2_v1,s3://human-pangenomics/submissions/DC27718F-5F38-43B0-9A78-270F395F13E8--INT_ASM_PRODUCTION/HG03041/assemblies/freeze_2/annotation/repeat_masker/HG03041_mat_hprc_r2_v1.RepeatMasker.out
HG03239,1,HG03239_pat_hprc_r2_v1,s3://human-pangenomics/submissions/DC27718F-5F38-43B0-9A78-270F395F13E8--INT_ASM_PRODUCTION/HG03239/assemblies/freeze_2/annotation/repeat_masker/HG03239_pat_hprc_r2_v1.RepeatMasker.out
HG03239,2,HG03239_mat_hprc_r2_v1,s3://human-pangenomics/submissions/DC27718F-5F38-43B0-9A78-270F395F13E8--INT_ASM_PRODUCTION/HG03239/assemblies/freeze_2/annotation/repeat_masker/HG03239_mat_hprc_r2_v1.RepeatMasker.out
HG03804,1,HG03804_pat_hprc_r2_v1,s3://human-pangenomics/submissions/DC27718F-5F38-43B0-9A78-270F395F13E8--INT_ASM_PRODUCTION/HG03804/assemblies/freeze_2/annotation/repeat_masker/HG03804_pat_hprc_r2_v1.RepeatMasker.out
HG03804,2,HG03804_mat_hprc_r2_v1,s3://human-pangenomics/submissions/DC27718F-5F38-43B0-9A78-270F395F13E8--INT_ASM_PRODUCTION/HG03804/assemblies/freeze_2/annotation/repeat_masker/HG03804_mat_hprc_r2_v1.RepeatMasker.out
HG03942,1,HG03942_pat_hprc_r2_v1,s3://human-pangenomics/submissions/DC27718F-5F38-43B0-9A78-270F395F13E8--INT_ASM_PRODUCTION/HG03942/assemblies/freeze_2/annotation/repeat_masker/HG03942_pat_hprc_r2_v1.RepeatMasker.out
HG03942,2,HG03942_mat_hprc_r2_v1,s3://human-pangenomics/submissions/DC27718F-5F38-43B0-9A78-270F395F13E8--INT_ASM_PRODUCTION/HG03942/assemblies/freeze_2/annotation/repeat_masker/HG03942_mat_hprc_r2_v1.RepeatMasker.out
HG04157,1,HG04157_pat_hprc_r2_v1,s3://human-pangenomics/submissions/DC27718F-5F38-43B0-9A78-270F395F13E8--INT_ASM_PRODUCTION/HG04157/assemblies/freeze_2/annotation/repeat_masker/HG04157_pat_hprc_r2_v1.RepeatMasker.out
HG04157,2,HG04157_mat_hprc_r2_v1,s3://human-pangenomics/submissions/DC27718F-5F38-43B0-9A78-270F395F13E8--INT_ASM_PRODUCTION/HG04157/assemblies/freeze_2/annotation/repeat_masker/HG04157_mat_hprc_r2_v1.RepeatMasker.out
HG04160,1,HG04160_pat_hprc_r2_v1,s3://human-pangenomics/submissions/DC27718F-5F38-43B0-9A78-270F395F13E8--INT_ASM_PRODUCTION/HG04160/assemblies/freeze_2/annotation/repeat_masker/HG04160_pat_hprc_r2_v1.RepeatMasker.out
HG04160,2,HG04160_mat_hprc_r2_v1,s3://human-pangenomics/submissions/DC27718F-5F38-43B0-9A78-270F395F13E8--INT_ASM_PRODUCTION/HG04160/assemblies/freeze_2/annotation/repeat_masker/HG04160_mat_hprc_r2_v1.RepeatMasker.out
HG04204,1,HG04204_pat_hprc_r2_v1,s3://human-pangenomics/submissions/DC27718F-5F38-43B0-9A78-270F395F13E8--INT_ASM_PRODUCTION/HG04204/assemblies/freeze_2/annotation/repeat_masker/HG04204_pat_hprc_r2_v1.RepeatMasker.out
HG04204,2,HG04204_mat_hprc_r2_v1,s3://human-pangenomics/submissions/DC27718F-5F38-43B0-9A78-270F395F13E8--INT_ASM_PRODUCTION/HG04204/assemblies/freeze_2/annotation/repeat_masker/HG04204_mat_hprc_r2_v1.RepeatMasker.out
HG04228,1,HG04228_pat_hprc_r2_v1,s3://human-pangenomics/submissions/DC27718F-5F38-43B0-9A78-270F395F13E8--INT_ASM_PRODUCTION/HG04228/assemblies/freeze_2/annotation/repeat_masker/HG04228_pat_hprc_r2_v1.RepeatMasker.out
HG04228,2,HG04228_mat_hprc_r2_v1,s3://human-pangenomics/submissions/DC27718F-5F38-43B0-9A78-270F395F13E8--INT_ASM_PRODUCTION/HG04228/assemblies/freeze_2/annotation/repeat_masker/HG04228_mat_hprc_r2_v1.RepeatMasker.out
HG00423,1,HG00423_pat_hprc_r2_v1,s3://human-pangenomics/submissions/DC27718F-5F38-43B0-9A78-270F395F13E8--INT_ASM_PRODUCTION/HG00423/assemblies/freeze_2/annotation/repeat_masker/HG00423_pat_hprc_r2_v1.RepeatMasker.out
HG00423,2,HG00423_mat_hprc_r2_v1,s3://human-pangenomics/submissions/DC27718F-5F38-43B0-9A78-270F395F13E8--INT_ASM_PRODUCTION/HG00423/assemblies/freeze_2/annotation/repeat_masker/HG00423_mat_hprc_r2_v1.RepeatMasker.out
HG00544,1,HG00544_pat_hprc_r2_v1,s3://human-pangenomics/submissions/DC27718F-5F38-43B0-9A78-270F395F13E8--INT_ASM_PRODUCTION/HG00544/assemblies/freeze_2/annotation/repeat_masker/HG00544_pat_hprc_r2_v1.RepeatMasker.out
HG00544,2,HG00544_mat_hprc_r2_v1,s3://human-pangenomics/submissions/DC27718F-5F38-43B0-9A78-270F395F13E8--INT_ASM_PRODUCTION/HG00544/assemblies/freeze_2/annotation/repeat_masker/HG00544_mat_hprc_r2_v1.RepeatMasker.out
HG01943,1,HG01943_pat_hprc_r2_v1,s3://human-pangenomics/submissions/DC27718F-5F38-43B0-9A78-270F395F13E8--INT_ASM_PRODUCTION/HG01943/assemblies/freeze_2/annotation/repeat_masker/HG01943_pat_hprc_r2_v1.RepeatMasker.out
HG01943,2,HG01943_mat_hprc_r2_v1,s3://human-pangenomics/submissions/DC27718F-5F38-43B0-9A78-270F395F13E8--INT_ASM_PRODUCTION/HG01943/assemblies/freeze_2/annotation/repeat_masker/HG01943_mat_hprc_r2_v1.RepeatMasker.out
HG02735,1,HG02735_pat_hprc_r2_v1,s3://human-pangenomics/submissions/DC27718F-5F38-43B0-9A78-270F395F13E8--INT_ASM_PRODUCTION/HG02735/assemblies/freeze_2/annotation/repeat_masker/HG02735_pat_hprc_r2_v1.RepeatMasker.out
HG02735,2,HG02735_mat_hprc_r2_v1,s3://human-pangenomics/submissions/DC27718F-5F38-43B0-9A78-270F395F13E8--INT_ASM_PRODUCTION/HG02735/assemblies/freeze_2/annotation/repeat_masker/HG02735_mat_hprc_r2_v1.RepeatMasker.out
HG03225,1,HG03225_hap1_hprc_r2_v1,s3://human-pangenomics/submissions/DC27718F-5F38-43B0-9A78-270F395F13E8--INT_ASM_PRODUCTION/HG03225/assemblies/freeze_2/annotation/repeat_masker/HG03225_hap1_hprc_r2_v1.RepeatMasker.out
HG03225,2,HG03225_hap2_hprc_r2_v1,s3://human-pangenomics/submissions/DC27718F-5F38-43B0-9A78-270F395F13E8--INT_ASM_PRODUCTION/HG03225/assemblies/freeze_2/annotation/repeat_masker/HG03225_hap2_hprc_r2_v1.RepeatMasker.out
HG00126,1,HG00126_hap1_hprc_r2_v1,s3://human-pangenomics/submissions/DC27718F-5F38-43B0-9A78-270F395F13E8--INT_ASM_PRODUCTION/HG00126/assemblies/freeze_2/annotation/repeat_masker/HG00126_hap1_hprc_r2_v1.RepeatMasker.out
HG00126,2,HG00126_hap2_hprc_r2_v1,s3://human-pangenomics/submissions/DC27718F-5F38-43B0-9A78-270F395F13E8--INT_ASM_PRODUCTION/HG00126/assemblies/freeze_2/annotation/repeat_masker/HG00126_hap2_hprc_r2_v1.RepeatMasker.out
HG00128,1,HG00128_hap1_hprc_r2_v1,s3://human-pangenomics/submissions/DC27718F-5F38-43B0-9A78-270F395F13E8--INT_ASM_PRODUCTION/HG00128/assemblies/freeze_2/annotation/repeat_masker/HG00128_hap1_hprc_r2_v1.RepeatMasker.out
HG00128,2,HG00128_hap2_hprc_r2_v1,s3://human-pangenomics/submissions/DC27718F-5F38-43B0-9A78-270F395F13E8--INT_ASM_PRODUCTION/HG00128/assemblies/freeze_2/annotation/repeat_masker/HG00128_hap2_hprc_r2_v1.RepeatMasker.out
HG00133,1,HG00133_hap1_hprc_r2_v1,s3://human-pangenomics/submissions/DC27718F-5F38-43B0-9A78-270F395F13E8--INT_ASM_PRODUCTION/HG00133/assemblies/freeze_2/annotation/repeat_masker/HG00133_hap1_hprc_r2_v1.RepeatMasker.out
HG00133,2,HG00133_hap2_hprc_r2_v1,s3://human-pangenomics/submissions/DC27718F-5F38-43B0-9A78-270F395F13E8--INT_ASM_PRODUCTION/HG00133/assemblies/freeze_2/annotation/repeat_masker/HG00133_hap2_hprc_r2_v1.RepeatMasker.out
HG00146,1,HG00146_hap1_hprc_r2_v1,s3://human-pangenomics/submissions/DC27718F-5F38-43B0-9A78-270F395F13E8--INT_ASM_PRODUCTION/HG00146/assemblies/freeze_2/annotation/repeat_masker/HG00146_hap1_hprc_r2_v1.RepeatMasker.out
HG00146,2,HG00146_hap2_hprc_r2_v1,s3://human-pangenomics/submissions/DC27718F-5F38-43B0-9A78-270F395F13E8--INT_ASM_PRODUCTION/HG00146/assemblies/freeze_2/annotation/repeat_masker/HG00146_hap2_hprc_r2_v1.RepeatMasker.out
HG00232,1,HG00232_hap1_hprc_r2_v1,s3://human-pangenomics/submissions/DC27718F-5F38-43B0-9A78-270F395F13E8--INT_ASM_PRODUCTION/HG00232/assemblies/freeze_2/annotation/repeat_masker/HG00232_hap1_hprc_r2_v1.RepeatMasker.out
HG00232,2,HG00232_hap2_hprc_r2_v1,s3://human-pangenomics/submissions/DC27718F-5F38-43B0-9A78-270F395F13E8--INT_ASM_PRODUCTION/HG00232/assemblies/freeze_2/annotation/repeat_masker/HG00232_hap2_hprc_r2_v1.RepeatMasker.out
HG00290,1,HG00290_hap1_hprc_r2_v1,s3://human-pangenomics/submissions/DC27718F-5F38-43B0-9A78-270F395F13E8--INT_ASM_PRODUCTION/HG00290/assemblies/freeze_2/annotation/repeat_masker/HG00290_hap1_hprc_r2_v1.RepeatMasker.out
HG00290,2,HG00290_hap2_hprc_r2_v1,s3://human-pangenomics/submissions/DC27718F-5F38-43B0-9A78-270F395F13E8--INT_ASM_PRODUCTION/HG00290/assemblies/freeze_2/annotation/repeat_masker/HG00290_hap2_hprc_r2_v1.RepeatMasker.out
HG00320,1,HG00320_hap1_hprc_r2_v1,s3://human-pangenomics/submissions/DC27718F-5F38-43B0-9A78-270F395F13E8--INT_ASM_PRODUCTION/HG00320/assemblies/freeze_2/annotation/repeat_masker/HG00320_hap1_hprc_r2_v1.RepeatMasker.out
HG00320,2,HG00320_hap2_hprc_r2_v1,s3://human-pangenomics/submissions/DC27718F-5F38-43B0-9A78-270F395F13E8--INT_ASM_PRODUCTION/HG00320/assemblies/freeze_2/annotation/repeat_masker/HG00320_hap2_hprc_r2_v1.RepeatMasker.out
HG00321,1,HG00321_hap1_hprc_r2_v1,s3://human-pangenomics/submissions/DC27718F-5F38-43B0-9A78-270F395F13E8--INT_ASM_PRODUCTION/HG00321/assemblies/freeze_2/annotation/repeat_masker/HG00321_hap1_hprc_r2_v1.RepeatMasker.out
HG00321,2,HG00321_hap2_hprc_r2_v1,s3://human-pangenomics/submissions/DC27718F-5F38-43B0-9A78-270F395F13E8--INT_ASM_PRODUCTION/HG00321/assemblies/freeze_2/annotation/repeat_masker/HG00321_hap2_hprc_r2_v1.RepeatMasker.out
HG02178,1,HG02178_hap1_hprc_r2_v1,s3://human-pangenomics/submissions/DC27718F-5F38-43B0-9A78-270F395F13E8--INT_ASM_PRODUCTION/HG02178/assemblies/freeze_2/annotation/repeat_masker/HG02178_hap1_hprc_r2_v1.RepeatMasker.out
HG02178,2,HG02178_hap2_hprc_r2_v1,s3://human-pangenomics/submissions/DC27718F-5F38-43B0-9A78-270F395F13E8--INT_ASM_PRODUCTION/HG02178/assemblies/freeze_2/annotation/repeat_masker/HG02178_hap2_hprc_r2_v1.RepeatMasker.out
HG02583,1,HG02583_hap1_hprc_r2_v1,s3://human-pangenomics/submissions/DC27718F-5F38-43B0-9A78-270F395F13E8--INT_ASM_PRODUCTION/HG02583/assemblies/freeze_2/annotation/repeat_masker/HG02583_hap1_hprc_r2_v1.RepeatMasker.out
HG02583,2,HG02583_hap2_hprc_r2_v1,s3://human-pangenomics/submissions/DC27718F-5F38-43B0-9A78-270F395F13E8--INT_ASM_PRODUCTION/HG02583/assemblies/freeze_2/annotation/repeat_masker/HG02583_hap2_hprc_r2_v1.RepeatMasker.out
HG03270,1,HG03270_hap1_hprc_r2_v1,s3://human-pangenomics/submissions/DC27718F-5F38-43B0-9A78-270F395F13E8--INT_ASM_PRODUCTION/HG03270/assemblies/freeze_2/annotation/repeat_masker/HG03270_hap1_hprc_r2_v1.RepeatMasker.out
HG03270,2,HG03270_hap2_hprc_r2_v1,s3://human-pangenomics/submissions/DC27718F-5F38-43B0-9A78-270F395F13E8--INT_ASM_PRODUCTION/HG03270/assemblies/freeze_2/annotation/repeat_masker/HG03270_hap2_hprc_r2_v1.RepeatMasker.out
HG03583,1,HG03583_hap1_hprc_r2_v1,s3://human-pangenomics/submissions/DC27718F-5F38-43B0-9A78-270F395F13E8--INT_ASM_PRODUCTION/HG03583/assemblies/freeze_2/annotation/repeat_masker/HG03583_hap1_hprc_r2_v1.RepeatMasker.out
HG03583,2,HG03583_hap2_hprc_r2_v1,s3://human-pangenomics/submissions/DC27718F-5F38-43B0-9A78-270F395F13E8--INT_ASM_PRODUCTION/HG03583/assemblies/freeze_2/annotation/repeat_masker/HG03583_hap2_hprc_r2_v1.RepeatMasker.out
HG03874,1,HG03874_hap1_hprc_r2_v1,s3://human-pangenomics/submissions/DC27718F-5F38-43B0-9A78-270F395F13E8--INT_ASM_PRODUCTION/HG03874/assemblies/freeze_2/annotation/repeat_masker/HG03874_hap1_hprc_r2_v1.RepeatMasker.out
HG03874,2,HG03874_hap2_hprc_r2_v1,s3://human-pangenomics/submissions/DC27718F-5F38-43B0-9A78-270F395F13E8--INT_ASM_PRODUCTION/HG03874/assemblies/freeze_2/annotation/repeat_masker/HG03874_hap2_hprc_r2_v1.RepeatMasker.out
NA18505,1,NA18505_hap1_hprc_r2_v1,s3://human-pangenomics/submissions/DC27718F-5F38-43B0-9A78-270F395F13E8--INT_ASM_PRODUCTION/NA18505/assemblies/freeze_2/annotation/repeat_masker/NA18505_hap1_hprc_r2_v1.RepeatMasker.out
NA18505,2,NA18505_hap2_hprc_r2_v1,s3://human-pangenomics/submissions/DC27718F-5F38-43B0-9A78-270F395F13E8--INT_ASM_PRODUCTION/NA18505/assemblies/freeze_2/annotation/repeat_masker/NA18505_hap2_hprc_r2_v1.RepeatMasker.out
NA18508,1,NA18508_hap1_hprc_r2_v1,s3://human-pangenomics/submissions/DC27718F-5F38-43B0-9A78-270F395F13E8--INT_ASM_PRODUCTION/NA18508/assemblies/freeze_2/annotation/repeat_masker/NA18508_hap1_hprc_r2_v1.RepeatMasker.out
NA18508,2,NA18508_hap2_hprc_r2_v1,s3://human-pangenomics/submissions/DC27718F-5F38-43B0-9A78-270F395F13E8--INT_ASM_PRODUCTION/NA18508/assemblies/freeze_2/annotation/repeat_masker/NA18508_hap2_hprc_r2_v1.RepeatMasker.out
NA18608,1,NA18608_hap1_hprc_r2_v1,s3://human-pangenomics/submissions/DC27718F-5F38-43B0-9A78-270F395F13E8--INT_ASM_PRODUCTION/NA18608/assemblies/freeze_2/annotation/repeat_masker/NA18608_hap1_hprc_r2_v1.RepeatMasker.out
NA18608,2,NA18608_hap2_hprc_r2_v1,s3://human-pangenomics/submissions/DC27718F-5F38-43B0-9A78-270F395F13E8--INT_ASM_PRODUCTION/NA18608/assemblies/freeze_2/annotation/repeat_masker/NA18608_hap2_hprc_r2_v1.RepeatMasker.out
NA18620,1,NA18620_hap1_hprc_r2_v1,s3://human-pangenomics/submissions/DC27718F-5F38-43B0-9A78-270F395F13E8--INT_ASM_PRODUCTION/NA18620/assemblies/freeze_2/annotation/repeat_masker/NA18620_hap1_hprc_r2_v1.RepeatMasker.out
NA18620,2,NA18620_hap2_hprc_r2_v1,s3://human-pangenomics/submissions/DC27718F-5F38-43B0-9A78-270F395F13E8--INT_ASM_PRODUCTION/NA18620/assemblies/freeze_2/annotation/repeat_masker/NA18620_hap2_hprc_r2_v1.RepeatMasker.out
NA18952,1,NA18952_hap1_hprc_r2_v1,s3://human-pangenomics/submissions/DC27718F-5F38-43B0-9A78-270F395F13E8--INT_ASM_PRODUCTION/NA18952/assemblies/freeze_2/annotation/repeat_masker/NA18952_hap1_hprc_r2_v1.RepeatMasker.out
NA18952,2,NA18952_hap2_hprc_r2_v1,s3://human-pangenomics/submissions/DC27718F-5F38-43B0-9A78-270F395F13E8--INT_ASM_PRODUCTION/NA18952/assemblies/freeze_2/annotation/repeat_masker/NA18952_hap2_hprc_r2_v1.RepeatMasker.out
NA18974,1,NA18974_hap1_hprc_r2_v1,s3://human-pangenomics/submissions/DC27718F-5F38-43B0-9A78-270F395F13E8--INT_ASM_PRODUCTION/NA18974/assemblies/freeze_2/annotation/repeat_masker/NA18974_hap1_hprc_r2_v1.RepeatMasker.out
NA18974,2,NA18974_hap2_hprc_r2_v1,s3://human-pangenomics/submissions/DC27718F-5F38-43B0-9A78-270F395F13E8--INT_ASM_PRODUCTION/NA18974/assemblies/freeze_2/annotation/repeat_masker/NA18974_hap2_hprc_r2_v1.RepeatMasker.out
NA18976,1,NA18976_hap1_hprc_r2_v1,s3://human-pangenomics/submissions/DC27718F-5F38-43B0-9A78-270F395F13E8--INT_ASM_PRODUCTION/NA18976/assemblies/freeze_2/annotation/repeat_masker/NA18976_hap1_hprc_r2_v1.RepeatMasker.out
NA18976,2,NA18976_hap2_hprc_r2_v1,s3://human-pangenomics/submissions/DC27718F-5F38-43B0-9A78-270F395F13E8--INT_ASM_PRODUCTION/NA18976/assemblies/freeze_2/annotation/repeat_masker/NA18976_hap2_hprc_r2_v1.RepeatMasker.out
NA19036,1,NA19036_hap1_hprc_r2_v1,s3://human-pangenomics/submissions/DC27718F-5F38-43B0-9A78-270F395F13E8--INT_ASM_PRODUCTION/NA19036/assemblies/freeze_2/annotation/repeat_masker/NA19036_hap1_hprc_r2_v1.RepeatMasker.out
NA19036,2,NA19036_hap2_hprc_r2_v1,s3://human-pangenomics/submissions/DC27718F-5F38-43B0-9A78-270F395F13E8--INT_ASM_PRODUCTION/NA19036/assemblies/freeze_2/annotation/repeat_masker/NA19036_hap2_hprc_r2_v1.RepeatMasker.out
NA19443,1,NA19443_hap1_hprc_r2_v1,s3://human-pangenomics/submissions/DC27718F-5F38-43B0-9A78-270F395F13E8--INT_ASM_PRODUCTION/NA19443/assemblies/freeze_2/annotation/repeat_masker/NA19443_hap1_hprc_r2_v1.RepeatMasker.out
NA19443,2,NA19443_hap2_hprc_r2_v1,s3://human-pangenomics/submissions/DC27718F-5F38-43B0-9A78-270F395F13E8--INT_ASM_PRODUCTION/NA19443/assemblies/freeze_2/annotation/repeat_masker/NA19443_hap2_hprc_r2_v1.RepeatMasker.out
NA19700,1,NA19700_hap1_hprc_r2_v1,s3://human-pangenomics/submissions/DC27718F-5F38-43B0-9A78-270F395F13E8--INT_ASM_PRODUCTION/NA19700/assemblies/freeze_2/annotation/repeat_masker/NA19700_hap1_hprc_r2_v1.RepeatMasker.out
NA19700,2,NA19700_hap2_hprc_r2_v1,s3://human-pangenomics/submissions/DC27718F-5F38-43B0-9A78-270F395F13E8--INT_ASM_PRODUCTION/NA19700/assemblies/freeze_2/annotation/repeat_masker/NA19700_hap2_hprc_r2_v1.RepeatMasker.out
NA20870,1,NA20870_hap1_hprc_r2_v1,s3://human-pangenomics/submissions/DC27718F-5F38-43B0-9A78-270F395F13E8--INT_ASM_PRODUCTION/NA20870/assemblies/freeze_2/annotation/repeat_masker/NA20870_hap1_hprc_r2_v1.RepeatMasker.out
NA20870,2,NA20870_hap2_hprc_r2_v1,s3://human-pangenomics/submissions/DC27718F-5F38-43B0-9A78-270F395F13E8--INT_ASM_PRODUCTION/NA20870/assemblies/freeze_2/annotation/repeat_masker/NA20870_hap2_hprc_r2_v1.RepeatMasker.out
NA21093,1,NA21093_hap1_hprc_r2_v1,s3://human-pangenomics/submissions/DC27718F-5F38-43B0-9A78-270F395F13E8--INT_ASM_PRODUCTION/NA21093/assemblies/freeze_2/annotation/repeat_masker/NA21093_hap1_hprc_r2_v1.RepeatMasker.out
NA21093,2,NA21093_hap2_hprc_r2_v1,s3://human-pangenomics/submissions/DC27718F-5F38-43B0-9A78-270F395F13E8--INT_ASM_PRODUCTION/NA21093/assemblies/freeze_2/annotation/repeat_masker/NA21093_hap2_hprc_r2_v1.RepeatMasker.out
NA21106,1,NA21106_hap1_hprc_r2_v1,s3://human-pangenomics/submissions/DC27718F-5F38-43B0-9A78-270F395F13E8--INT_ASM_PRODUCTION/NA21106/assemblies/freeze_2/annotation/repeat_masker/NA21106_hap1_hprc_r2_v1.RepeatMasker.out
NA21106,2,NA21106_hap2_hprc_r2_v1,s3://human-pangenomics/submissions/DC27718F-5F38-43B0-9A78-270F395F13E8--INT_ASM_PRODUCTION/NA21106/assemblies/freeze_2/annotation/repeat_masker/NA21106_hap2_hprc_r2_v1.RepeatMasker.out
NA21110,1,NA21110_hap1_hprc_r2_v1,s3://human-pangenomics/submissions/DC27718F-5F38-43B0-9A78-270F395F13E8--INT_ASM_PRODUCTION/NA21110/assemblies/freeze_2/annotation/repeat_masker/NA21110_hap1_hprc_r2_v1.RepeatMasker.out
NA21110,2,NA21110_hap2_hprc_r2_v1,s3://human-pangenomics/submissions/DC27718F-5F38-43B0-9A78-270F395F13E8--INT_ASM_PRODUCTION/NA21110/assemblies/freeze_2/annotation/repeat_masker/NA21110_hap2_hprc_r2_v1.RepeatMasker.out
HG00735,1,HG00735_pat_hprc_r2_v1,s3://human-pangenomics/submissions/DC27718F-5F38-43B0-9A78-270F395F13E8--INT_ASM_PRODUCTION/HG00735/assemblies/freeze_2/annotation/repeat_masker/HG00735_pat_hprc_r2_v1.RepeatMasker.out
HG00735,2,HG00735_mat_hprc_r2_v1,s3://human-pangenomics/submissions/DC27718F-5F38-43B0-9A78-270F395F13E8--INT_ASM_PRODUCTION/HG00735/assemblies/freeze_2/annotation/repeat_masker/HG00735_mat_hprc_r2_v1.RepeatMasker.out
HG02155,1,HG02155_hap1_hprc_r2_v1,s3://human-pangenomics/submissions/DC27718F-5F38-43B0-9A78-270F395F13E8--INT_ASM_PRODUCTION/HG02155/assemblies/freeze_2/annotation/repeat_masker/HG02155_hap1_hprc_r2_v1.RepeatMasker.out
HG02155,2,HG02155_hap2_hprc_r2_v1,s3://human-pangenomics/submissions/DC27718F-5F38-43B0-9A78-270F395F13E8--INT_ASM_PRODUCTION/HG02155/assemblies/freeze_2/annotation/repeat_masker/HG02155_hap2_hprc_r2_v1.RepeatMasker.out
HG02630,1,HG02630_pat_hprc_r2_v1,s3://human-pangenomics/submissions/DC27718F-5F38-43B0-9A78-270F395F13E8--INT_ASM_PRODUCTION/HG02630/assemblies/freeze_2/annotation/repeat_masker/HG02630_pat_hprc_r2_v1.RepeatMasker.out
HG02630,2,HG02630_mat_hprc_r2_v1,s3://human-pangenomics/submissions/DC27718F-5F38-43B0-9A78-270F395F13E8--INT_ASM_PRODUCTION/HG02630/assemblies/freeze_2/annotation/repeat_masker/HG02630_mat_hprc_r2_v1.RepeatMasker.out
HG03139,1,HG03139_hap1_hprc_r2_v1,s3://human-pangenomics/submissions/DC27718F-5F38-43B0-9A78-270F395F13E8--INT_ASM_PRODUCTION/HG03139/assemblies/freeze_2/annotation/repeat_masker/HG03139_hap1_hprc_r2_v1.RepeatMasker.out
HG03139,2,HG03139_hap2_hprc_r2_v1,s3://human-pangenomics/submissions/DC27718F-5F38-43B0-9A78-270F395F13E8--INT_ASM_PRODUCTION/HG03139/assemblies/freeze_2/annotation/repeat_masker/HG03139_hap2_hprc_r2_v1.RepeatMasker.out
HG03470,1,HG03470_hap1_hprc_r2_v1,s3://human-pangenomics/submissions/DC27718F-5F38-43B0-9A78-270F395F13E8--INT_ASM_PRODUCTION/HG03470/assemblies/freeze_2/annotation/repeat_masker/HG03470_hap1_hprc_r2_v1.RepeatMasker.out
HG03470,2,HG03470_hap2_hprc_r2_v1,s3://human-pangenomics/submissions/DC27718F-5F38-43B0-9A78-270F395F13E8--INT_ASM_PRODUCTION/HG03470/assemblies/freeze_2/annotation/repeat_masker/HG03470_hap2_hprc_r2_v1.RepeatMasker.out
HG03579,1,HG03579_pat_hprc_r2_v1,s3://human-pangenomics/submissions/DC27718F-5F38-43B0-9A78-270F395F13E8--INT_ASM_PRODUCTION/HG03579/assemblies/freeze_2/annotation/repeat_masker/HG03579_pat_hprc_r2_v1.RepeatMasker.out
HG03579,2,HG03579_mat_hprc_r2_v1,s3://human-pangenomics/submissions/DC27718F-5F38-43B0-9A78-270F395F13E8--INT_ASM_PRODUCTION/HG03579/assemblies/freeze_2/annotation/repeat_masker/HG03579_mat_hprc_r2_v1.RepeatMasker.out
NA20805,1,NA20805_hap1_hprc_r2_v1,s3://human-pangenomics/submissions/DC27718F-5F38-43B0-9A78-270F395F13E8--INT_ASM_PRODUCTION/NA20805/assemblies/freeze_2/annotation/repeat_masker/NA20805_hap1_hprc_r2_v1.RepeatMasker.out
NA20805,2,NA20805_hap2_hprc_r2_v1,s3://human-pangenomics/submissions/DC27718F-5F38-43B0-9A78-270F395F13E8--INT_ASM_PRODUCTION/NA20805/assemblies/freeze_2/annotation/repeat_masker/NA20805_hap2_hprc_r2_v1.RepeatMasker.out
HG01109,1,HG01109_pat_hprc_r2_v1,s3://human-pangenomics/submissions/DC27718F-5F38-43B0-9A78-270F395F13E8--INT_ASM_PRODUCTION/HG01109/assemblies/freeze_2/annotation/repeat_masker/HG01109_pat_hprc_r2_v1.RepeatMasker.out
HG01109,2,HG01109_mat_hprc_r2_v1,s3://human-pangenomics/submissions/DC27718F-5F38-43B0-9A78-270F395F13E8--INT_ASM_PRODUCTION/HG01109/assemblies/freeze_2/annotation/repeat_masker/HG01109_mat_hprc_r2_v1.RepeatMasker.out
HG02055,1,HG02055_pat_hprc_r2_v1,s3://human-pangenomics/submissions/DC27718F-5F38-43B0-9A78-270F395F13E8--INT_ASM_PRODUCTION/HG02055/assemblies/freeze_2/annotation/repeat_masker/HG02055_pat_hprc_r2_v1.RepeatMasker.out
HG02055,2,HG02055_mat_hprc_r2_v1,s3://human-pangenomics/submissions/DC27718F-5F38-43B0-9A78-270F395F13E8--INT_ASM_PRODUCTION/HG02055/assemblies/freeze_2/annotation/repeat_masker/HG02055_mat_hprc_r2_v1.RepeatMasker.out
HG02080,1,HG02080_pat_hprc_r2_v1,s3://human-pangenomics/submissions/DC27718F-5F38-43B0-9A78-270F395F13E8--INT_ASM_PRODUCTION/HG02080/assemblies/freeze_2/annotation/repeat_masker/HG02080_pat_hprc_r2_v1.RepeatMasker.out
HG02080,2,HG02080_mat_hprc_r2_v1,s3://human-pangenomics/submissions/DC27718F-5F38-43B0-9A78-270F395F13E8--INT_ASM_PRODUCTION/HG02080/assemblies/freeze_2/annotation/repeat_masker/HG02080_mat_hprc_r2_v1.RepeatMasker.out
HG02109,1,HG02109_pat_hprc_r2_v1,s3://human-pangenomics/submissions/DC27718F-5F38-43B0-9A78-270F395F13E8--INT_ASM_PRODUCTION/HG02109/assemblies/freeze_2/annotation/repeat_masker/HG02109_pat_hprc_r2_v1.RepeatMasker.out
HG02109,2,HG02109_mat_hprc_r2_v1,s3://human-pangenomics/submissions/DC27718F-5F38-43B0-9A78-270F395F13E8--INT_ASM_PRODUCTION/HG02109/assemblies/freeze_2/annotation/repeat_masker/HG02109_mat_hprc_r2_v1.RepeatMasker.out
HG02723,1,HG02723_pat_hprc_r2_v1,s3://human-pangenomics/submissions/DC27718F-5F38-43B0-9A78-270F395F13E8--INT_ASM_PRODUCTION/HG02723/assemblies/freeze_2/annotation/repeat_masker/HG02723_pat_hprc_r2_v1.RepeatMasker.out
HG02723,2,HG02723_mat_hprc_r2_v1,s3://human-pangenomics/submissions/DC27718F-5F38-43B0-9A78-270F395F13E8--INT_ASM_PRODUCTION/HG02723/assemblies/freeze_2/annotation/repeat_masker/HG02723_mat_hprc_r2_v1.RepeatMasker.out
HG02818,1,HG02818_pat_hprc_r2_v1,s3://human-pangenomics/submissions/DC27718F-5F38-43B0-9A78-270F395F13E8--INT_ASM_PRODUCTION/HG02818/assemblies/freeze_2/annotation/repeat_masker/HG02818_pat_hprc_r2_v1.RepeatMasker.out
HG02818,2,HG02818_mat_hprc_r2_v1,s3://human-pangenomics/submissions/DC27718F-5F38-43B0-9A78-270F395F13E8--INT_ASM_PRODUCTION/HG02818/assemblies/freeze_2/annotation/repeat_masker/HG02818_mat_hprc_r2_v1.RepeatMasker.out
HG03098,1,HG03098_pat_hprc_r2_v1,s3://human-pangenomics/submissions/DC27718F-5F38-43B0-9A78-270F395F13E8--INT_ASM_PRODUCTION/HG03098/assemblies/freeze_2/annotation/repeat_masker/HG03098_pat_hprc_r2_v1.RepeatMasker.out
HG03098,2,HG03098_mat_hprc_r2_v1,s3://human-pangenomics/submissions/DC27718F-5F38-43B0-9A78-270F395F13E8--INT_ASM_PRODUCTION/HG03098/assemblies/freeze_2/annotation/repeat_masker/HG03098_mat_hprc_r2_v1.RepeatMasker.out
HG03486,1,HG03486_pat_hprc_r2_v1,s3://human-pangenomics/submissions/DC27718F-5F38-43B0-9A78-270F395F13E8--INT_ASM_PRODUCTION/HG03486/assemblies/freeze_2/annotation/repeat_masker/HG03486_pat_hprc_r2_v1.RepeatMasker.out
HG03486,2,HG03486_mat_hprc_r2_v1,s3://human-pangenomics/submissions/DC27718F-5F38-43B0-9A78-270F395F13E8--INT_ASM_PRODUCTION/HG03486/assemblies/freeze_2/annotation/repeat_masker/HG03486_mat_hprc_r2_v1.RepeatMasker.out
NA18906,1,NA18906_pat_hprc_r2_v1,s3://human-pangenomics/submissions/DC27718F-5F38-43B0-9A78-270F395F13E8--INT_ASM_PRODUCTION/NA18906/assemblies/freeze_2/annotation/repeat_masker/NA18906_pat_hprc_r2_v1.RepeatMasker.out
NA18906,2,NA18906_mat_hprc_r2_v1,s3://human-pangenomics/submissions/DC27718F-5F38-43B0-9A78-270F395F13E8--INT_ASM_PRODUCTION/NA18906/assemblies/freeze_2/annotation/repeat_masker/NA18906_mat_hprc_r2_v1.RepeatMasker.out
NA20129,1,NA20129_pat_hprc_r2_v1,s3://human-pangenomics/submissions/DC27718F-5F38-43B0-9A78-270F395F13E8--INT_ASM_PRODUCTION/NA20129/assemblies/freeze_2/annotation/repeat_masker/NA20129_pat_hprc_r2_v1.RepeatMasker.out
NA20129,2,NA20129_mat_hprc_r2_v1,s3://human-pangenomics/submissions/DC27718F-5F38-43B0-9A78-270F395F13E8--INT_ASM_PRODUCTION/NA20129/assemblies/freeze_2/annotation/repeat_masker/NA20129_mat_hprc_r2_v1.RepeatMasker.out
NA21309,1,NA21309_pat_hprc_r2_v1,s3://human-pangenomics/submissions/DC27718F-5F38-43B0-9A78-270F395F13E8--INT_ASM_PRODUCTION/NA21309/assemblies/freeze_2/annotation/repeat_masker/NA21309_pat_hprc_r2_v1.RepeatMasker.out
NA21309,2,NA21309_mat_hprc_r2_v1,s3://human-pangenomics/submissions/DC27718F-5F38-43B0-9A78-270F395F13E8--INT_ASM_PRODUCTION/NA21309/assemblies/freeze_2/annotation/repeat_masker/NA21309_mat_hprc_r2_v1.RepeatMasker.out
HG00097,1,HG00097_hap1_hprc_r2_v1,s3://human-pangenomics/submissions/DC27718F-5F38-43B0-9A78-270F395F13E8--INT_ASM_PRODUCTION/HG00097/assemblies/freeze_2/annotation/repeat_masker/HG00097_hap1_hprc_r2_v1.RepeatMasker.out
HG00097,2,HG00097_hap2_hprc_r2_v1,s3://human-pangenomics/submissions/DC27718F-5F38-43B0-9A78-270F395F13E8--INT_ASM_PRODUCTION/HG00097/assemblies/freeze_2/annotation/repeat_masker/HG00097_hap2_hprc_r2_v1.RepeatMasker.out
HG00235,1,HG00235_hap1_hprc_r2_v1,s3://human-pangenomics/submissions/DC27718F-5F38-43B0-9A78-270F395F13E8--INT_ASM_PRODUCTION/HG00235/assemblies/freeze_2/annotation/repeat_masker/HG00235_hap1_hprc_r2_v1.RepeatMasker.out
HG00235,2,HG00235_hap2_hprc_r2_v1,s3://human-pangenomics/submissions/DC27718F-5F38-43B0-9A78-270F395F13E8--INT_ASM_PRODUCTION/HG00235/assemblies/freeze_2/annotation/repeat_masker/HG00235_hap2_hprc_r2_v1.RepeatMasker.out
HG00253,1,HG00253_hap1_hprc_r2_v1,s3://human-pangenomics/submissions/DC27718F-5F38-43B0-9A78-270F395F13E8--INT_ASM_PRODUCTION/HG00253/assemblies/freeze_2/annotation/repeat_masker/HG00253_hap1_hprc_r2_v1.RepeatMasker.out
HG00253,2,HG00253_hap2_hprc_r2_v1,s3://human-pangenomics/submissions/DC27718F-5F38-43B0-9A78-270F395F13E8--INT_ASM_PRODUCTION/HG00253/assemblies/freeze_2/annotation/repeat_masker/HG00253_hap2_hprc_r2_v1.RepeatMasker.out
HG00272,1,HG00272_hap1_hprc_r2_v1,s3://human-pangenomics/submissions/DC27718F-5F38-43B0-9A78-270F395F13E8--INT_ASM_PRODUCTION/HG00272/assemblies/freeze_2/annotation/repeat_masker/HG00272_hap1_hprc_r2_v1.RepeatMasker.out
HG00272,2,HG00272_hap2_hprc_r2_v1,s3://human-pangenomics/submissions/DC27718F-5F38-43B0-9A78-270F395F13E8--INT_ASM_PRODUCTION/HG00272/assemblies/freeze_2/annotation/repeat_masker/HG00272_hap2_hprc_r2_v1.RepeatMasker.out
HG00329,1,HG00329_hap1_hprc_r2_v1,s3://human-pangenomics/submissions/DC27718F-5F38-43B0-9A78-270F395F13E8--INT_ASM_PRODUCTION/HG00329/assemblies/freeze_2/annotation/repeat_masker/HG00329_hap1_hprc_r2_v1.RepeatMasker.out
HG00329,2,HG00329_hap2_hprc_r2_v1,s3://human-pangenomics/submissions/DC27718F-5F38-43B0-9A78-270F395F13E8--INT_ASM_PRODUCTION/HG00329/assemblies/freeze_2/annotation/repeat_masker/HG00329_hap2_hprc_r2_v1.RepeatMasker.out
HG00344,1,HG00344_hap1_hprc_r2_v1,s3://human-pangenomics/submissions/DC27718F-5F38-43B0-9A78-270F395F13E8--INT_ASM_PRODUCTION/HG00344/assemblies/freeze_2/annotation/repeat_masker/HG00344_hap1_hprc_r2_v1.RepeatMasker.out
HG00344,2,HG00344_hap2_hprc_r2_v1,s3://human-pangenomics/submissions/DC27718F-5F38-43B0-9A78-270F395F13E8--INT_ASM_PRODUCTION/HG00344/assemblies/freeze_2/annotation/repeat_masker/HG00344_hap2_hprc_r2_v1.RepeatMasker.out
HG00350,1,HG00350_hap1_hprc_r2_v1,s3://human-pangenomics/submissions/DC27718F-5F38-43B0-9A78-270F395F13E8--INT_ASM_PRODUCTION/HG00350/assemblies/freeze_2/annotation/repeat_masker/HG00350_hap1_hprc_r2_v1.RepeatMasker.out
HG00350,2,HG00350_hap2_hprc_r2_v1,s3://human-pangenomics/submissions/DC27718F-5F38-43B0-9A78-270F395F13E8--INT_ASM_PRODUCTION/HG00350/assemblies/freeze_2/annotation/repeat_masker/HG00350_hap2_hprc_r2_v1.RepeatMasker.out
HG01167,1,HG01167_hap1_hprc_r2_v1,s3://human-pangenomics/submissions/DC27718F-5F38-43B0-9A78-270F395F13E8--INT_ASM_PRODUCTION/HG01167/assemblies/freeze_2/annotation/repeat_masker/HG01167_hap1_hprc_r2_v1.RepeatMasker.out
HG01167,2,HG01167_hap2_hprc_r2_v1,s3://human-pangenomics/submissions/DC27718F-5F38-43B0-9A78-270F395F13E8--INT_ASM_PRODUCTION/HG01167/assemblies/freeze_2/annotation/repeat_masker/HG01167_hap2_hprc_r2_v1.RepeatMasker.out
HG03369,1,HG03369_hap1_hprc_r2_v1,s3://human-pangenomics/submissions/DC27718F-5F38-43B0-9A78-270F395F13E8--INT_ASM_PRODUCTION/HG03369/assemblies/freeze_2/annotation/repeat_masker/HG03369_hap1_hprc_r2_v1.RepeatMasker.out
HG03369,2,HG03369_hap2_hprc_r2_v1,s3://human-pangenomics/submissions/DC27718F-5F38-43B0-9A78-270F395F13E8--INT_ASM_PRODUCTION/HG03369/assemblies/freeze_2/annotation/repeat_masker/HG03369_hap2_hprc_r2_v1.RepeatMasker.out
HG03521,1,HG03521_hap1_hprc_r2_v1,s3://human-pangenomics/submissions/DC27718F-5F38-43B0-9A78-270F395F13E8--INT_ASM_PRODUCTION/HG03521/assemblies/freeze_2/annotation/repeat_masker/HG03521_hap1_hprc_r2_v1.RepeatMasker.out
HG03521,2,HG03521_hap2_hprc_r2_v1,s3://human-pangenomics/submissions/DC27718F-5F38-43B0-9A78-270F395F13E8--INT_ASM_PRODUCTION/HG03521/assemblies/freeze_2/annotation/repeat_masker/HG03521_hap2_hprc_r2_v1.RepeatMasker.out
HG03784,1,HG03784_hap1_hprc_r2_v1,s3://human-pangenomics/submissions/DC27718F-5F38-43B0-9A78-270F395F13E8--INT_ASM_PRODUCTION/HG03784/assemblies/freeze_2/annotation/repeat_masker/HG03784_hap1_hprc_r2_v1.RepeatMasker.out
HG03784,2,HG03784_hap2_hprc_r2_v1,s3://human-pangenomics/submissions/DC27718F-5F38-43B0-9A78-270F395F13E8--INT_ASM_PRODUCTION/HG03784/assemblies/freeze_2/annotation/repeat_masker/HG03784_hap2_hprc_r2_v1.RepeatMasker.out
NA18565,1,NA18565_hap1_hprc_r2_v1,s3://human-pangenomics/submissions/DC27718F-5F38-43B0-9A78-270F395F13E8--INT_ASM_PRODUCTION/NA18565/assemblies/freeze_2/annotation/repeat_masker/NA18565_hap1_hprc_r2_v1.RepeatMasker.out
NA18565,2,NA18565_hap2_hprc_r2_v1,s3://human-pangenomics/submissions/DC27718F-5F38-43B0-9A78-270F395F13E8--INT_ASM_PRODUCTION/NA18565/assemblies/freeze_2/annotation/repeat_masker/NA18565_hap2_hprc_r2_v1.RepeatMasker.out
NA19682,1,NA19682_hap1_hprc_r2_v1,s3://human-pangenomics/submissions/DC27718F-5F38-43B0-9A78-270F395F13E8--INT_ASM_PRODUCTION/NA19682/assemblies/freeze_2/annotation/repeat_masker/NA19682_hap1_hprc_r2_v1.RepeatMasker.out
NA19682,2,NA19682_hap2_hprc_r2_v1,s3://human-pangenomics/submissions/DC27718F-5F38-43B0-9A78-270F395F13E8--INT_ASM_PRODUCTION/NA19682/assemblies/freeze_2/annotation/repeat_masker/NA19682_hap2_hprc_r2_v1.RepeatMasker.out
NA19776,1,NA19776_hap1_hprc_r2_v1,s3://human-pangenomics/submissions/DC27718F-5F38-43B0-9A78-270F395F13E8--INT_ASM_PRODUCTION/NA19776/assemblies/freeze_2/annotation/repeat_masker/NA19776_hap1_hprc_r2_v1.RepeatMasker.out
NA19776,2,NA19776_hap2_hprc_r2_v1,s3://human-pangenomics/submissions/DC27718F-5F38-43B0-9A78-270F395F13E8--INT_ASM_PRODUCTION/NA19776/assemblies/freeze_2/annotation/repeat_masker/NA19776_hap2_hprc_r2_v1.RepeatMasker.out
NA19835,1,NA19835_hap1_hprc_r2_v1,s3://human-pangenomics/submissions/DC27718F-5F38-43B0-9A78-270F395F13E8--INT_ASM_PRODUCTION/NA19835/assemblies/freeze_2/annotation/repeat_masker/NA19835_hap1_hprc_r2_v1.RepeatMasker.out
NA19835,2,NA19835_hap2_hprc_r2_v1,s3://human-pangenomics/submissions/DC27718F-5F38-43B0-9A78-270F395F13E8--INT_ASM_PRODUCTION/NA19835/assemblies/freeze_2/annotation/repeat_masker/NA19835_hap2_hprc_r2_v1.RepeatMasker.out
NA19909,1,NA19909_hap1_hprc_r2_v1,s3://human-pangenomics/submissions/DC27718F-5F38-43B0-9A78-270F395F13E8--INT_ASM_PRODUCTION/NA19909/assemblies/freeze_2/annotation/repeat_masker/NA19909_hap1_hprc_r2_v1.RepeatMasker.out
NA19909,2,NA19909_hap2_hprc_r2_v1,s3://human-pangenomics/submissions/DC27718F-5F38-43B0-9A78-270F395F13E8--INT_ASM_PRODUCTION/NA19909/assemblies/freeze_2/annotation/repeat_masker/NA19909_hap2_hprc_r2_v1.RepeatMasker.out
NA20282,1,NA20282_hap1_hprc_r2_v1,s3://human-pangenomics/submissions/DC27718F-5F38-43B0-9A78-270F395F13E8--INT_ASM_PRODUCTION/NA20282/assemblies/freeze_2/annotation/repeat_masker/NA20282_hap1_hprc_r2_v1.RepeatMasker.out
NA20282,2,NA20282_hap2_hprc_r2_v1,s3://human-pangenomics/submissions/DC27718F-5F38-43B0-9A78-270F395F13E8--INT_ASM_PRODUCTION/NA20282/assemblies/freeze_2/annotation/repeat_masker/NA20282_hap2_hprc_r2_v1.RepeatMasker.out
NA20346,1,NA20346_hap1_hprc_r2_v1,s3://human-pangenomics/submissions/DC27718F-5F38-43B0-9A78-270F395F13E8--INT_ASM_PRODUCTION/NA20346/assemblies/freeze_2/annotation/repeat_masker/NA20346_hap1_hprc_r2_v1.RepeatMasker.out
NA20346,2,NA20346_hap2_hprc_r2_v1,s3://human-pangenomics/submissions/DC27718F-5F38-43B0-9A78-270F395F13E8--INT_ASM_PRODUCTION/NA20346/assemblies/freeze_2/annotation/repeat_masker/NA20346_hap2_hprc_r2_v1.RepeatMasker.out
NA20809,1,NA20809_hap1_hprc_r2_v1,s3://human-pangenomics/submissions/DC27718F-5F38-43B0-9A78-270F395F13E8--INT_ASM_PRODUCTION/NA20809/assemblies/freeze_2/annotation/repeat_masker/NA20809_hap1_hprc_r2_v1.RepeatMasker.out
NA20809,2,NA20809_hap2_hprc_r2_v1,s3://human-pangenomics/submissions/DC27718F-5F38-43B0-9A78-270F395F13E8--INT_ASM_PRODUCTION/NA20809/assemblies/freeze_2/annotation/repeat_masker/NA20809_hap2_hprc_r2_v1.RepeatMasker.out
NA20850,1,NA20850_hap1_hprc_r2_v1,s3://human-pangenomics/submissions/DC27718F-5F38-43B0-9A78-270F395F13E8--INT_ASM_PRODUCTION/NA20850/assemblies/freeze_2/annotation/repeat_masker/NA20850_hap1_hprc_r2_v1.RepeatMasker.out
NA20850,2,NA20850_hap2_hprc_r2_v1,s3://human-pangenomics/submissions/DC27718F-5F38-43B0-9A78-270F395F13E8--INT_ASM_PRODUCTION/NA20850/assemblies/freeze_2/annotation/repeat_masker/NA20850_hap2_hprc_r2_v1.RepeatMasker.out
NA21102,1,NA21102_hap1_hprc_r2_v1,s3://human-pangenomics/submissions/DC27718F-5F38-43B0-9A78-270F395F13E8--INT_ASM_PRODUCTION/NA21102/assemblies/freeze_2/annotation/repeat_masker/NA21102_hap1_hprc_r2_v1.RepeatMasker.out
NA21102,2,NA21102_hap2_hprc_r2_v1,s3://human-pangenomics/submissions/DC27718F-5F38-43B0-9A78-270F395F13E8--INT_ASM_PRODUCTION/NA21102/assemblies/freeze_2/annotation/repeat_masker/NA21102_hap2_hprc_r2_v1.RepeatMasker.out
NA21144,1,NA21144_hap1_hprc_r2_v1,s3://human-pangenomics/submissions/DC27718F-5F38-43B0-9A78-270F395F13E8--INT_ASM_PRODUCTION/NA21144/assemblies/freeze_2/annotation/repeat_masker/NA21144_hap1_hprc_r2_v1.RepeatMasker.out
NA21144,2,NA21144_hap2_hprc_r2_v1,s3://human-pangenomics/submissions/DC27718F-5F38-43B0-9A78-270F395F13E8--INT_ASM_PRODUCTION/NA21144/assemblies/freeze_2/annotation/repeat_masker/NA21144_hap2_hprc_r2_v1.RepeatMasker.out
