sample_id,hap,s3_loc
HG00408,hap1,s3://human-pangenomics/submissions/DC27718F-5F38-43B0-9A78-270F395F13E8--INT_ASM_PRODUCTION/HG00408/assemblies/freeze_2/annotation/repeat_masker/HG00408_pat_hprc_r2_v1.RepeatMasker.bed
HG00408,hap2,s3://human-pangenomics/submissions/DC27718F-5F38-43B0-9A78-270F395F13E8--INT_ASM_PRODUCTION/HG00408/assemblies/freeze_2/annotation/repeat_masker/HG00408_mat_hprc_r2_v1.RepeatMasker.bed
HG00597,hap1,s3://human-pangenomics/submissions/DC27718F-5F38-43B0-9A78-270F395F13E8--INT_ASM_PRODUCTION/HG00597/assemblies/freeze_2/annotation/repeat_masker/HG00597_pat_hprc_r2_v1.RepeatMasker.bed
HG00597,hap2,s3://human-pangenomics/submissions/DC27718F-5F38-43B0-9A78-270F395F13E8--INT_ASM_PRODUCTION/HG00597/assemblies/freeze_2/annotation/repeat_masker/HG00597_mat_hprc_r2_v1.RepeatMasker.bed
HG01192,hap1,s3://human-pangenomics/submissions/DC27718F-5F38-43B0-9A78-270F395F13E8--INT_ASM_PRODUCTION/HG01192/assemblies/freeze_2/annotation/repeat_masker/HG01192_pat_hprc_r2_v1.RepeatMasker.bed
HG01192,hap2,s3://human-pangenomics/submissions/DC27718F-5F38-43B0-9A78-270F395F13E8--INT_ASM_PRODUCTION/HG01192/assemblies/freeze_2/annotation/repeat_masker/HG01192_mat_hprc_r2_v1.RepeatMasker.bed
HG01261,hap1,s3://human-pangenomics/submissions/DC27718F-5F38-43B0-9A78-270F395F13E8--INT_ASM_PRODUCTION/HG01261/assemblies/freeze_2/annotation/repeat_masker/HG01261_pat_hprc_r2_v1.RepeatMasker.bed
HG01261,hap2,s3://human-pangenomics/submissions/DC27718F-5F38-43B0-9A78-270F395F13E8--INT_ASM_PRODUCTION/HG01261/assemblies/freeze_2/annotation/repeat_masker/HG01261_mat_hprc_r2_v1.RepeatMasker.bed
HG02015,hap1,s3://human-pangenomics/submissions/DC27718F-5F38-43B0-9A78-270F395F13E8--INT_ASM_PRODUCTION/HG02015/assemblies/freeze_2/annotation/repeat_masker/HG02015_pat_hprc_r2_v1.RepeatMasker.bed
HG02015,hap2,s3://human-pangenomics/submissions/DC27718F-5F38-43B0-9A78-270F395F13E8--INT_ASM_PRODUCTION/HG02015/assemblies/freeze_2/annotation/repeat_masker/HG02015_mat_hprc_r2_v1.RepeatMasker.bed
HG02056,hap1,s3://human-pangenomics/submissions/DC27718F-5F38-43B0-9A78-270F395F13E8--INT_ASM_PRODUCTION/HG02056/assemblies/freeze_2/annotation/repeat_masker/HG02056_pat_hprc_r2_v1.RepeatMasker.bed
HG02056,hap2,s3://human-pangenomics/submissions/DC27718F-5F38-43B0-9A78-270F395F13E8--INT_ASM_PRODUCTION/HG02056/assemblies/freeze_2/annotation/repeat_masker/HG02056_mat_hprc_r2_v1.RepeatMasker.bed
HG02129,hap1,s3://human-pangenomics/submissions/DC27718F-5F38-43B0-9A78-270F395F13E8--INT_ASM_PRODUCTION/HG02129/assemblies/freeze_2/annotation/repeat_masker/HG02129_pat_hprc_r2_v1.RepeatMasker.bed
HG02129,hap2,s3://human-pangenomics/submissions/DC27718F-5F38-43B0-9A78-270F395F13E8--INT_ASM_PRODUCTION/HG02129/assemblies/freeze_2/annotation/repeat_masker/HG02129_mat_hprc_r2_v1.RepeatMasker.bed
HG02258,hap1,s3://human-pangenomics/submissions/DC27718F-5F38-43B0-9A78-270F395F13E8--INT_ASM_PRODUCTION/HG02258/assemblies/freeze_2/annotation/repeat_masker/HG02258_pat_hprc_r2_v1.RepeatMasker.bed
HG02258,hap2,s3://human-pangenomics/submissions/DC27718F-5F38-43B0-9A78-270F395F13E8--INT_ASM_PRODUCTION/HG02258/assemblies/freeze_2/annotation/repeat_masker/HG02258_mat_hprc_r2_v1.RepeatMasker.bed
HG03834,hap1,s3://human-pangenomics/submissions/DC27718F-5F38-43B0-9A78-270F395F13E8--INT_ASM_PRODUCTION/HG03834/assemblies/freeze_2/annotation/repeat_masker/HG03834_pat_hprc_r2_v1.RepeatMasker.bed
HG03834,hap2,s3://human-pangenomics/submissions/DC27718F-5F38-43B0-9A78-270F395F13E8--INT_ASM_PRODUCTION/HG03834/assemblies/freeze_2/annotation/repeat_masker/HG03834_mat_hprc_r2_v1.RepeatMasker.bed
HG00609,hap1,s3://human-pangenomics/submissions/DC27718F-5F38-43B0-9A78-270F395F13E8--INT_ASM_PRODUCTION/HG00609/assemblies/freeze_2/annotation/repeat_masker/HG00609_pat_hprc_r2_v1.RepeatMasker.bed
HG00609,hap2,s3://human-pangenomics/submissions/DC27718F-5F38-43B0-9A78-270F395F13E8--INT_ASM_PRODUCTION/HG00609/assemblies/freeze_2/annotation/repeat_masker/HG00609_mat_hprc_r2_v1.RepeatMasker.bed
HG00642,hap1,s3://human-pangenomics/submissions/DC27718F-5F38-43B0-9A78-270F395F13E8--INT_ASM_PRODUCTION/HG00642/assemblies/freeze_2/annotation/repeat_masker/HG00642_pat_hprc_r2_v1.RepeatMasker.bed
HG00642,hap2,s3://human-pangenomics/submissions/DC27718F-5F38-43B0-9A78-270F395F13E8--INT_ASM_PRODUCTION/HG00642/assemblies/freeze_2/annotation/repeat_masker/HG00642_mat_hprc_r2_v1.RepeatMasker.bed
HG00738,hap1,s3://human-pangenomics/submissions/DC27718F-5F38-43B0-9A78-270F395F13E8--INT_ASM_PRODUCTION/HG00738/assemblies/freeze_2/annotation/repeat_masker/HG00738_pat_hprc_r2_v1.RepeatMasker.bed
HG00738,hap2,s3://human-pangenomics/submissions/DC27718F-5F38-43B0-9A78-270F395F13E8--INT_ASM_PRODUCTION/HG00738/assemblies/freeze_2/annotation/repeat_masker/HG00738_mat_hprc_r2_v1.RepeatMasker.bed
HG01099,hap1,s3://human-pangenomics/submissions/DC27718F-5F38-43B0-9A78-270F395F13E8--INT_ASM_PRODUCTION/HG01099/assemblies/freeze_2/annotation/repeat_masker/HG01099_pat_hprc_r2_v1.RepeatMasker.bed
HG01099,hap2,s3://human-pangenomics/submissions/DC27718F-5F38-43B0-9A78-270F395F13E8--INT_ASM_PRODUCTION/HG01099/assemblies/freeze_2/annotation/repeat_masker/HG01099_mat_hprc_r2_v1.RepeatMasker.bed
HG01255,hap1,s3://human-pangenomics/submissions/DC27718F-5F38-43B0-9A78-270F395F13E8--INT_ASM_PRODUCTION/HG01255/assemblies/freeze_2/annotation/repeat_masker/HG01255_pat_hprc_r2_v1.RepeatMasker.bed
HG01255,hap2,s3://human-pangenomics/submissions/DC27718F-5F38-43B0-9A78-270F395F13E8--INT_ASM_PRODUCTION/HG01255/assemblies/freeze_2/annotation/repeat_masker/HG01255_mat_hprc_r2_v1.RepeatMasker.bed
HG01346,hap1,s3://human-pangenomics/submissions/DC27718F-5F38-43B0-9A78-270F395F13E8--INT_ASM_PRODUCTION/HG01346/assemblies/freeze_2/annotation/repeat_masker/HG01346_pat_hprc_r2_v1.RepeatMasker.bed
HG01346,hap2,s3://human-pangenomics/submissions/DC27718F-5F38-43B0-9A78-270F395F13E8--INT_ASM_PRODUCTION/HG01346/assemblies/freeze_2/annotation/repeat_masker/HG01346_mat_hprc_r2_v1.RepeatMasker.bed
HG01433,hap1,s3://human-pangenomics/submissions/DC27718F-5F38-43B0-9A78-270F395F13E8--INT_ASM_PRODUCTION/HG01433/assemblies/freeze_2/annotation/repeat_masker/HG01433_pat_hprc_r2_v1.RepeatMasker.bed
HG01433,hap2,s3://human-pangenomics/submissions/DC27718F-5F38-43B0-9A78-270F395F13E8--INT_ASM_PRODUCTION/HG01433/assemblies/freeze_2/annotation/repeat_masker/HG01433_mat_hprc_r2_v1.RepeatMasker.bed
HG01496,hap1,s3://human-pangenomics/submissions/DC27718F-5F38-43B0-9A78-270F395F13E8--INT_ASM_PRODUCTION/HG01496/assemblies/freeze_2/annotation/repeat_masker/HG01496_pat_hprc_r2_v1.RepeatMasker.bed
HG01496,hap2,s3://human-pangenomics/submissions/DC27718F-5F38-43B0-9A78-270F395F13E8--INT_ASM_PRODUCTION/HG01496/assemblies/freeze_2/annotation/repeat_masker/HG01496_mat_hprc_r2_v1.RepeatMasker.bed
HG01884,hap1,s3://human-pangenomics/submissions/DC27718F-5F38-43B0-9A78-270F395F13E8--INT_ASM_PRODUCTION/HG01884/assemblies/freeze_2/annotation/repeat_masker/HG01884_pat_hprc_r2_v1.RepeatMasker.bed
HG01884,hap2,s3://human-pangenomics/submissions/DC27718F-5F38-43B0-9A78-270F395F13E8--INT_ASM_PRODUCTION/HG01884/assemblies/freeze_2/annotation/repeat_masker/HG01884_mat_hprc_r2_v1.RepeatMasker.bed
HG01981,hap1,s3://human-pangenomics/submissions/DC27718F-5F38-43B0-9A78-270F395F13E8--INT_ASM_PRODUCTION/HG01981/assemblies/freeze_2/annotation/repeat_masker/HG01981_pat_hprc_r2_v1.RepeatMasker.bed
HG01981,hap2,s3://human-pangenomics/submissions/DC27718F-5F38-43B0-9A78-270F395F13E8--INT_ASM_PRODUCTION/HG01981/assemblies/freeze_2/annotation/repeat_masker/HG01981_mat_hprc_r2_v1.RepeatMasker.bed
HG01993,hap1,s3://human-pangenomics/submissions/DC27718F-5F38-43B0-9A78-270F395F13E8--INT_ASM_PRODUCTION/HG01993/assemblies/freeze_2/annotation/repeat_masker/HG01993_pat_hprc_r2_v1.RepeatMasker.bed
HG01993,hap2,s3://human-pangenomics/submissions/DC27718F-5F38-43B0-9A78-270F395F13E8--INT_ASM_PRODUCTION/HG01993/assemblies/freeze_2/annotation/repeat_masker/HG01993_mat_hprc_r2_v1.RepeatMasker.bed
HG02004,hap1,s3://human-pangenomics/submissions/DC27718F-5F38-43B0-9A78-270F395F13E8--INT_ASM_PRODUCTION/HG02004/assemblies/freeze_2/annotation/repeat_masker/HG02004_pat_hprc_r2_v1.RepeatMasker.bed
HG02004,hap2,s3://human-pangenomics/submissions/DC27718F-5F38-43B0-9A78-270F395F13E8--INT_ASM_PRODUCTION/HG02004/assemblies/freeze_2/annotation/repeat_masker/HG02004_mat_hprc_r2_v1.RepeatMasker.bed
HG02083,hap1,s3://human-pangenomics/submissions/DC27718F-5F38-43B0-9A78-270F395F13E8--INT_ASM_PRODUCTION/HG02083/assemblies/freeze_2/annotation/repeat_masker/HG02083_pat_hprc_r2_v1.RepeatMasker.bed
HG02083,hap2,s3://human-pangenomics/submissions/DC27718F-5F38-43B0-9A78-270F395F13E8--INT_ASM_PRODUCTION/HG02083/assemblies/freeze_2/annotation/repeat_masker/HG02083_mat_hprc_r2_v1.RepeatMasker.bed
HG02132,hap1,s3://human-pangenomics/submissions/DC27718F-5F38-43B0-9A78-270F395F13E8--INT_ASM_PRODUCTION/HG02132/assemblies/freeze_2/annotation/repeat_masker/HG02132_pat_hprc_r2_v1.RepeatMasker.bed
HG02132,hap2,s3://human-pangenomics/submissions/DC27718F-5F38-43B0-9A78-270F395F13E8--INT_ASM_PRODUCTION/HG02132/assemblies/freeze_2/annotation/repeat_masker/HG02132_mat_hprc_r2_v1.RepeatMasker.bed
HG02280,hap1,s3://human-pangenomics/submissions/DC27718F-5F38-43B0-9A78-270F395F13E8--INT_ASM_PRODUCTION/HG02280/assemblies/freeze_2/annotation/repeat_masker/HG02280_pat_hprc_r2_v1.RepeatMasker.bed
HG02280,hap2,s3://human-pangenomics/submissions/DC27718F-5F38-43B0-9A78-270F395F13E8--INT_ASM_PRODUCTION/HG02280/assemblies/freeze_2/annotation/repeat_masker/HG02280_mat_hprc_r2_v1.RepeatMasker.bed
HG02293,hap1,s3://human-pangenomics/submissions/DC27718F-5F38-43B0-9A78-270F395F13E8--INT_ASM_PRODUCTION/HG02293/assemblies/freeze_2/annotation/repeat_masker/HG02293_pat_hprc_r2_v1.RepeatMasker.bed
HG02293,hap2,s3://human-pangenomics/submissions/DC27718F-5F38-43B0-9A78-270F395F13E8--INT_ASM_PRODUCTION/HG02293/assemblies/freeze_2/annotation/repeat_masker/HG02293_mat_hprc_r2_v1.RepeatMasker.bed
HG02300,hap1,s3://human-pangenomics/submissions/DC27718F-5F38-43B0-9A78-270F395F13E8--INT_ASM_PRODUCTION/HG02300/assemblies/freeze_2/annotation/repeat_masker/HG02300_pat_hprc_r2_v1.RepeatMasker.bed
HG02300,hap2,s3://human-pangenomics/submissions/DC27718F-5F38-43B0-9A78-270F395F13E8--INT_ASM_PRODUCTION/HG02300/assemblies/freeze_2/annotation/repeat_masker/HG02300_mat_hprc_r2_v1.RepeatMasker.bed
HG02451,hap1,s3://human-pangenomics/submissions/DC27718F-5F38-43B0-9A78-270F395F13E8--INT_ASM_PRODUCTION/HG02451/assemblies/freeze_2/annotation/repeat_masker/HG02451_pat_hprc_r2_v1.RepeatMasker.bed
HG02451,hap2,s3://human-pangenomics/submissions/DC27718F-5F38-43B0-9A78-270F395F13E8--INT_ASM_PRODUCTION/HG02451/assemblies/freeze_2/annotation/repeat_masker/HG02451_mat_hprc_r2_v1.RepeatMasker.bed
HG02523,hap1,s3://human-pangenomics/submissions/DC27718F-5F38-43B0-9A78-270F395F13E8--INT_ASM_PRODUCTION/HG02523/assemblies/freeze_2/annotation/repeat_masker/HG02523_pat_hprc_r2_v1.RepeatMasker.bed
HG02523,hap2,s3://human-pangenomics/submissions/DC27718F-5F38-43B0-9A78-270F395F13E8--INT_ASM_PRODUCTION/HG02523/assemblies/freeze_2/annotation/repeat_masker/HG02523_mat_hprc_r2_v1.RepeatMasker.bed
HG02615,hap1,s3://human-pangenomics/submissions/DC27718F-5F38-43B0-9A78-270F395F13E8--INT_ASM_PRODUCTION/HG02615/assemblies/freeze_2/annotation/repeat_masker/HG02615_pat_hprc_r2_v1.RepeatMasker.bed
HG02615,hap2,s3://human-pangenomics/submissions/DC27718F-5F38-43B0-9A78-270F395F13E8--INT_ASM_PRODUCTION/HG02615/assemblies/freeze_2/annotation/repeat_masker/HG02615_mat_hprc_r2_v1.RepeatMasker.bed
HG02647,hap1,s3://human-pangenomics/submissions/DC27718F-5F38-43B0-9A78-270F395F13E8--INT_ASM_PRODUCTION/HG02647/assemblies/freeze_2/annotation/repeat_masker/HG02647_pat_hprc_r2_v1.RepeatMasker.bed
HG02647,hap2,s3://human-pangenomics/submissions/DC27718F-5F38-43B0-9A78-270F395F13E8--INT_ASM_PRODUCTION/HG02647/assemblies/freeze_2/annotation/repeat_masker/HG02647_mat_hprc_r2_v1.RepeatMasker.bed
HG02698,hap1,s3://human-pangenomics/submissions/DC27718F-5F38-43B0-9A78-270F395F13E8--INT_ASM_PRODUCTION/HG02698/assemblies/freeze_2/annotation/repeat_masker/HG02698_pat_hprc_r2_v1.RepeatMasker.bed
HG02698,hap2,s3://human-pangenomics/submissions/DC27718F-5F38-43B0-9A78-270F395F13E8--INT_ASM_PRODUCTION/HG02698/assemblies/freeze_2/annotation/repeat_masker/HG02698_mat_hprc_r2_v1.RepeatMasker.bed
HG03654,hap1,s3://human-pangenomics/submissions/DC27718F-5F38-43B0-9A78-270F395F13E8--INT_ASM_PRODUCTION/HG03654/assemblies/freeze_2/annotation/repeat_masker/HG03654_pat_hprc_r2_v1.RepeatMasker.bed
HG03654,hap2,s3://human-pangenomics/submissions/DC27718F-5F38-43B0-9A78-270F395F13E8--INT_ASM_PRODUCTION/HG03654/assemblies/freeze_2/annotation/repeat_masker/HG03654_mat_hprc_r2_v1.RepeatMasker.bed
HG03669,hap1,s3://human-pangenomics/submissions/DC27718F-5F38-43B0-9A78-270F395F13E8--INT_ASM_PRODUCTION/HG03669/assemblies/freeze_2/annotation/repeat_masker/HG03669_pat_hprc_r2_v1.RepeatMasker.bed
HG03669,hap2,s3://human-pangenomics/submissions/DC27718F-5F38-43B0-9A78-270F395F13E8--INT_ASM_PRODUCTION/HG03669/assemblies/freeze_2/annotation/repeat_masker/HG03669_mat_hprc_r2_v1.RepeatMasker.bed
HG03688,hap1,s3://human-pangenomics/submissions/DC27718F-5F38-43B0-9A78-270F395F13E8--INT_ASM_PRODUCTION/HG03688/assemblies/freeze_2/annotation/repeat_masker/HG03688_pat_hprc_r2_v1.RepeatMasker.bed
HG03688,hap2,s3://human-pangenomics/submissions/DC27718F-5F38-43B0-9A78-270F395F13E8--INT_ASM_PRODUCTION/HG03688/assemblies/freeze_2/annotation/repeat_masker/HG03688_mat_hprc_r2_v1.RepeatMasker.bed
HG03704,hap1,s3://human-pangenomics/submissions/DC27718F-5F38-43B0-9A78-270F395F13E8--INT_ASM_PRODUCTION/HG03704/assemblies/freeze_2/annotation/repeat_masker/HG03704_pat_hprc_r2_v1.RepeatMasker.bed
HG03704,hap2,s3://human-pangenomics/submissions/DC27718F-5F38-43B0-9A78-270F395F13E8--INT_ASM_PRODUCTION/HG03704/assemblies/freeze_2/annotation/repeat_masker/HG03704_mat_hprc_r2_v1.RepeatMasker.bed
HG03710,hap1,s3://human-pangenomics/submissions/DC27718F-5F38-43B0-9A78-270F395F13E8--INT_ASM_PRODUCTION/HG03710/assemblies/freeze_2/annotation/repeat_masker/HG03710_pat_hprc_r2_v1.RepeatMasker.bed
HG03710,hap2,s3://human-pangenomics/submissions/DC27718F-5F38-43B0-9A78-270F395F13E8--INT_ASM_PRODUCTION/HG03710/assemblies/freeze_2/annotation/repeat_masker/HG03710_mat_hprc_r2_v1.RepeatMasker.bed
HG03831,hap1,s3://human-pangenomics/submissions/DC27718F-5F38-43B0-9A78-270F395F13E8--INT_ASM_PRODUCTION/HG03831/assemblies/freeze_2/annotation/repeat_masker/HG03831_pat_hprc_r2_v1.RepeatMasker.bed
HG03831,hap2,s3://human-pangenomics/submissions/DC27718F-5F38-43B0-9A78-270F395F13E8--INT_ASM_PRODUCTION/HG03831/assemblies/freeze_2/annotation/repeat_masker/HG03831_mat_hprc_r2_v1.RepeatMasker.bed
HG03927,hap1,s3://human-pangenomics/submissions/DC27718F-5F38-43B0-9A78-270F395F13E8--INT_ASM_PRODUCTION/HG03927/assemblies/freeze_2/annotation/repeat_masker/HG03927_pat_hprc_r2_v1.RepeatMasker.bed
HG03927,hap2,s3://human-pangenomics/submissions/DC27718F-5F38-43B0-9A78-270F395F13E8--INT_ASM_PRODUCTION/HG03927/assemblies/freeze_2/annotation/repeat_masker/HG03927_mat_hprc_r2_v1.RepeatMasker.bed
HG04115,hap1,s3://human-pangenomics/submissions/DC27718F-5F38-43B0-9A78-270F395F13E8--INT_ASM_PRODUCTION/HG04115/assemblies/freeze_2/annotation/repeat_masker/HG04115_pat_hprc_r2_v1.RepeatMasker.bed
HG04115,hap2,s3://human-pangenomics/submissions/DC27718F-5F38-43B0-9A78-270F395F13E8--INT_ASM_PRODUCTION/HG04115/assemblies/freeze_2/annotation/repeat_masker/HG04115_mat_hprc_r2_v1.RepeatMasker.bed
HG04184,hap1,s3://human-pangenomics/submissions/DC27718F-5F38-43B0-9A78-270F395F13E8--INT_ASM_PRODUCTION/HG04184/assemblies/freeze_2/annotation/repeat_masker/HG04184_pat_hprc_r2_v1.RepeatMasker.bed
HG04184,hap2,s3://human-pangenomics/submissions/DC27718F-5F38-43B0-9A78-270F395F13E8--INT_ASM_PRODUCTION/HG04184/assemblies/freeze_2/annotation/repeat_masker/HG04184_mat_hprc_r2_v1.RepeatMasker.bed
HG04199,hap1,s3://human-pangenomics/submissions/DC27718F-5F38-43B0-9A78-270F395F13E8--INT_ASM_PRODUCTION/HG04199/assemblies/freeze_2/annotation/repeat_masker/HG04199_pat_hprc_r2_v1.RepeatMasker.bed
HG04199,hap2,s3://human-pangenomics/submissions/DC27718F-5F38-43B0-9A78-270F395F13E8--INT_ASM_PRODUCTION/HG04199/assemblies/freeze_2/annotation/repeat_masker/HG04199_mat_hprc_r2_v1.RepeatMasker.bed
HG00621,hap1,s3://human-pangenomics/submissions/DC27718F-5F38-43B0-9A78-270F395F13E8--INT_ASM_PRODUCTION/HG00621/assemblies/freeze_2/annotation/repeat_masker/HG00621_pat_hprc_r2_v1.RepeatMasker.bed
HG00621,hap2,s3://human-pangenomics/submissions/DC27718F-5F38-43B0-9A78-270F395F13E8--INT_ASM_PRODUCTION/HG00621/assemblies/freeze_2/annotation/repeat_masker/HG00621_mat_hprc_r2_v1.RepeatMasker.bed
HG00741,hap1,s3://human-pangenomics/submissions/DC27718F-5F38-43B0-9A78-270F395F13E8--INT_ASM_PRODUCTION/HG00741/assemblies/freeze_2/annotation/repeat_masker/HG00741_pat_hprc_r2_v1.RepeatMasker.bed
HG00741,hap2,s3://human-pangenomics/submissions/DC27718F-5F38-43B0-9A78-270F395F13E8--INT_ASM_PRODUCTION/HG00741/assemblies/freeze_2/annotation/repeat_masker/HG00741_mat_hprc_r2_v1.RepeatMasker.bed
HG01106,hap1,s3://human-pangenomics/submissions/DC27718F-5F38-43B0-9A78-270F395F13E8--INT_ASM_PRODUCTION/HG01106/assemblies/freeze_2/annotation/repeat_masker/HG01106_pat_hprc_r2_v1.RepeatMasker.bed
HG01106,hap2,s3://human-pangenomics/submissions/DC27718F-5F38-43B0-9A78-270F395F13E8--INT_ASM_PRODUCTION/HG01106/assemblies/freeze_2/annotation/repeat_masker/HG01106_mat_hprc_r2_v1.RepeatMasker.bed
HG01175,hap1,s3://human-pangenomics/submissions/DC27718F-5F38-43B0-9A78-270F395F13E8--INT_ASM_PRODUCTION/HG01175/assemblies/freeze_2/annotation/repeat_masker/HG01175_pat_hprc_r2_v1.RepeatMasker.bed
HG01175,hap2,s3://human-pangenomics/submissions/DC27718F-5F38-43B0-9A78-270F395F13E8--INT_ASM_PRODUCTION/HG01175/assemblies/freeze_2/annotation/repeat_masker/HG01175_mat_hprc_r2_v1.RepeatMasker.bed
HG01258,hap1,s3://human-pangenomics/submissions/DC27718F-5F38-43B0-9A78-270F395F13E8--INT_ASM_PRODUCTION/HG01258/assemblies/freeze_2/annotation/repeat_masker/HG01258_pat_hprc_r2_v1.RepeatMasker.bed
HG01258,hap2,s3://human-pangenomics/submissions/DC27718F-5F38-43B0-9A78-270F395F13E8--INT_ASM_PRODUCTION/HG01258/assemblies/freeze_2/annotation/repeat_masker/HG01258_mat_hprc_r2_v1.RepeatMasker.bed
HG01891,hap1,s3://human-pangenomics/submissions/DC27718F-5F38-43B0-9A78-270F395F13E8--INT_ASM_PRODUCTION/HG01891/assemblies/freeze_2/annotation/repeat_masker/HG01891_pat_hprc_r2_v1.RepeatMasker.bed
HG01891,hap2,s3://human-pangenomics/submissions/DC27718F-5F38-43B0-9A78-270F395F13E8--INT_ASM_PRODUCTION/HG01891/assemblies/freeze_2/annotation/repeat_masker/HG01891_mat_hprc_r2_v1.RepeatMasker.bed
HG01952,hap1,s3://human-pangenomics/submissions/DC27718F-5F38-43B0-9A78-270F395F13E8--INT_ASM_PRODUCTION/HG01952/assemblies/freeze_2/annotation/repeat_masker/HG01952_pat_hprc_r2_v1.RepeatMasker.bed
HG01952,hap2,s3://human-pangenomics/submissions/DC27718F-5F38-43B0-9A78-270F395F13E8--INT_ASM_PRODUCTION/HG01952/assemblies/freeze_2/annotation/repeat_masker/HG01952_mat_hprc_r2_v1.RepeatMasker.bed
HG02148,hap1,s3://human-pangenomics/submissions/DC27718F-5F38-43B0-9A78-270F395F13E8--INT_ASM_PRODUCTION/HG02148/assemblies/freeze_2/annotation/repeat_masker/HG02148_pat_hprc_r2_v1.RepeatMasker.bed
HG02148,hap2,s3://human-pangenomics/submissions/DC27718F-5F38-43B0-9A78-270F395F13E8--INT_ASM_PRODUCTION/HG02148/assemblies/freeze_2/annotation/repeat_masker/HG02148_mat_hprc_r2_v1.RepeatMasker.bed
HG02486,hap1,s3://human-pangenomics/submissions/DC27718F-5F38-43B0-9A78-270F395F13E8--INT_ASM_PRODUCTION/HG02486/assemblies/freeze_2/annotation/repeat_masker/HG02486_pat_hprc_r2_v1.RepeatMasker.bed
HG02486,hap2,s3://human-pangenomics/submissions/DC27718F-5F38-43B0-9A78-270F395F13E8--INT_ASM_PRODUCTION/HG02486/assemblies/freeze_2/annotation/repeat_masker/HG02486_mat_hprc_r2_v1.RepeatMasker.bed
HG02559,hap1,s3://human-pangenomics/submissions/DC27718F-5F38-43B0-9A78-270F395F13E8--INT_ASM_PRODUCTION/HG02559/assemblies/freeze_2/annotation/repeat_masker/HG02559_pat_hprc_r2_v1.RepeatMasker.bed
HG02559,hap2,s3://human-pangenomics/submissions/DC27718F-5F38-43B0-9A78-270F395F13E8--INT_ASM_PRODUCTION/HG02559/assemblies/freeze_2/annotation/repeat_masker/HG02559_mat_hprc_r2_v1.RepeatMasker.bed
HG02572,hap1,s3://human-pangenomics/submissions/DC27718F-5F38-43B0-9A78-270F395F13E8--INT_ASM_PRODUCTION/HG02572/assemblies/freeze_2/annotation/repeat_masker/HG02572_pat_hprc_r2_v1.RepeatMasker.bed
HG02572,hap2,s3://human-pangenomics/submissions/DC27718F-5F38-43B0-9A78-270F395F13E8--INT_ASM_PRODUCTION/HG02572/assemblies/freeze_2/annotation/repeat_masker/HG02572_mat_hprc_r2_v1.RepeatMasker.bed
HG02622,hap1,s3://human-pangenomics/submissions/DC27718F-5F38-43B0-9A78-270F395F13E8--INT_ASM_PRODUCTION/HG02622/assemblies/freeze_2/annotation/repeat_masker/HG02622_pat_hprc_r2_v1.RepeatMasker.bed
HG02622,hap2,s3://human-pangenomics/submissions/DC27718F-5F38-43B0-9A78-270F395F13E8--INT_ASM_PRODUCTION/HG02622/assemblies/freeze_2/annotation/repeat_masker/HG02622_mat_hprc_r2_v1.RepeatMasker.bed
HG02886,hap1,s3://human-pangenomics/submissions/DC27718F-5F38-43B0-9A78-270F395F13E8--INT_ASM_PRODUCTION/HG02886/assemblies/freeze_2/annotation/repeat_masker/HG02886_pat_hprc_r2_v1.RepeatMasker.bed
HG02886,hap2,s3://human-pangenomics/submissions/DC27718F-5F38-43B0-9A78-270F395F13E8--INT_ASM_PRODUCTION/HG02886/assemblies/freeze_2/annotation/repeat_masker/HG02886_mat_hprc_r2_v1.RepeatMasker.bed
HG03453,hap1,s3://human-pangenomics/submissions/DC27718F-5F38-43B0-9A78-270F395F13E8--INT_ASM_PRODUCTION/HG03453/assemblies/freeze_2/annotation/repeat_masker/HG03453_pat_hprc_r2_v1.RepeatMasker.bed
HG03453,hap2,s3://human-pangenomics/submissions/DC27718F-5F38-43B0-9A78-270F395F13E8--INT_ASM_PRODUCTION/HG03453/assemblies/freeze_2/annotation/repeat_masker/HG03453_mat_hprc_r2_v1.RepeatMasker.bed
HG03540,hap1,s3://human-pangenomics/submissions/DC27718F-5F38-43B0-9A78-270F395F13E8--INT_ASM_PRODUCTION/HG03540/assemblies/freeze_2/annotation/repeat_masker/HG03540_pat_hprc_r2_v1.RepeatMasker.bed
HG03540,hap2,s3://human-pangenomics/submissions/DC27718F-5F38-43B0-9A78-270F395F13E8--INT_ASM_PRODUCTION/HG03540/assemblies/freeze_2/annotation/repeat_masker/HG03540_mat_hprc_r2_v1.RepeatMasker.bed
HG00099,hap1,s3://human-pangenomics/submissions/DC27718F-5F38-43B0-9A78-270F395F13E8--INT_ASM_PRODUCTION/HG00099/assemblies/freeze_2/annotation/repeat_masker/HG00099_hap1_hprc_r2_v1.RepeatMasker.bed
HG00099,hap2,s3://human-pangenomics/submissions/DC27718F-5F38-43B0-9A78-270F395F13E8--INT_ASM_PRODUCTION/HG00099/assemblies/freeze_2/annotation/repeat_masker/HG00099_hap2_hprc_r2_v1.RepeatMasker.bed
HG00140,hap1,s3://human-pangenomics/submissions/DC27718F-5F38-43B0-9A78-270F395F13E8--INT_ASM_PRODUCTION/HG00140/assemblies/freeze_2/annotation/repeat_masker/HG00140_hap1_hprc_r2_v1.RepeatMasker.bed
HG00140,hap2,s3://human-pangenomics/submissions/DC27718F-5F38-43B0-9A78-270F395F13E8--INT_ASM_PRODUCTION/HG00140/assemblies/freeze_2/annotation/repeat_masker/HG00140_hap2_hprc_r2_v1.RepeatMasker.bed
HG00280,hap1,s3://human-pangenomics/submissions/DC27718F-5F38-43B0-9A78-270F395F13E8--INT_ASM_PRODUCTION/HG00280/assemblies/freeze_2/annotation/repeat_masker/HG00280_hap1_hprc_r2_v1.RepeatMasker.bed
HG00280,hap2,s3://human-pangenomics/submissions/DC27718F-5F38-43B0-9A78-270F395F13E8--INT_ASM_PRODUCTION/HG00280/assemblies/freeze_2/annotation/repeat_masker/HG00280_hap2_hprc_r2_v1.RepeatMasker.bed
HG00323,hap1,s3://human-pangenomics/submissions/DC27718F-5F38-43B0-9A78-270F395F13E8--INT_ASM_PRODUCTION/HG00323/assemblies/freeze_2/annotation/repeat_masker/HG00323_hap1_hprc_r2_v1.RepeatMasker.bed
HG00323,hap2,s3://human-pangenomics/submissions/DC27718F-5F38-43B0-9A78-270F395F13E8--INT_ASM_PRODUCTION/HG00323/assemblies/freeze_2/annotation/repeat_masker/HG00323_hap2_hprc_r2_v1.RepeatMasker.bed
HG02040,hap1,s3://human-pangenomics/submissions/DC27718F-5F38-43B0-9A78-270F395F13E8--INT_ASM_PRODUCTION/HG02040/assemblies/freeze_2/annotation/repeat_masker/HG02040_hap1_hprc_r2_v1.RepeatMasker.bed
HG02040,hap2,s3://human-pangenomics/submissions/DC27718F-5F38-43B0-9A78-270F395F13E8--INT_ASM_PRODUCTION/HG02040/assemblies/freeze_2/annotation/repeat_masker/HG02040_hap2_hprc_r2_v1.RepeatMasker.bed
HG02165,hap1,s3://human-pangenomics/submissions/DC27718F-5F38-43B0-9A78-270F395F13E8--INT_ASM_PRODUCTION/HG02165/assemblies/freeze_2/annotation/repeat_masker/HG02165_hap1_hprc_r2_v1.RepeatMasker.bed
HG02165,hap2,s3://human-pangenomics/submissions/DC27718F-5F38-43B0-9A78-270F395F13E8--INT_ASM_PRODUCTION/HG02165/assemblies/freeze_2/annotation/repeat_masker/HG02165_hap2_hprc_r2_v1.RepeatMasker.bed
HG02273,hap1,s3://human-pangenomics/submissions/DC27718F-5F38-43B0-9A78-270F395F13E8--INT_ASM_PRODUCTION/HG02273/assemblies/freeze_2/annotation/repeat_masker/HG02273_hap1_hprc_r2_v1.RepeatMasker.bed
HG02273,hap2,s3://human-pangenomics/submissions/DC27718F-5F38-43B0-9A78-270F395F13E8--INT_ASM_PRODUCTION/HG02273/assemblies/freeze_2/annotation/repeat_masker/HG02273_hap2_hprc_r2_v1.RepeatMasker.bed
HG02922,hap1,s3://human-pangenomics/submissions/DC27718F-5F38-43B0-9A78-270F395F13E8--INT_ASM_PRODUCTION/HG02922/assemblies/freeze_2/annotation/repeat_masker/HG02922_hap1_hprc_r2_v1.RepeatMasker.bed
HG02922,hap2,s3://human-pangenomics/submissions/DC27718F-5F38-43B0-9A78-270F395F13E8--INT_ASM_PRODUCTION/HG02922/assemblies/freeze_2/annotation/repeat_masker/HG02922_hap2_hprc_r2_v1.RepeatMasker.bed
HG02965,hap1,s3://human-pangenomics/submissions/DC27718F-5F38-43B0-9A78-270F395F13E8--INT_ASM_PRODUCTION/HG02965/assemblies/freeze_2/annotation/repeat_masker/HG02965_hap1_hprc_r2_v1.RepeatMasker.bed
HG02965,hap2,s3://human-pangenomics/submissions/DC27718F-5F38-43B0-9A78-270F395F13E8--INT_ASM_PRODUCTION/HG02965/assemblies/freeze_2/annotation/repeat_masker/HG02965_hap2_hprc_r2_v1.RepeatMasker.bed
HG02976,hap1,s3://human-pangenomics/submissions/DC27718F-5F38-43B0-9A78-270F395F13E8--INT_ASM_PRODUCTION/HG02976/assemblies/freeze_2/annotation/repeat_masker/HG02976_hap1_hprc_r2_v1.RepeatMasker.bed
HG02976,hap2,s3://human-pangenomics/submissions/DC27718F-5F38-43B0-9A78-270F395F13E8--INT_ASM_PRODUCTION/HG02976/assemblies/freeze_2/annotation/repeat_masker/HG02976_hap2_hprc_r2_v1.RepeatMasker.bed
HG03130,hap1,s3://human-pangenomics/submissions/DC27718F-5F38-43B0-9A78-270F395F13E8--INT_ASM_PRODUCTION/HG03130/assemblies/freeze_2/annotation/repeat_masker/HG03130_hap1_hprc_r2_v1.RepeatMasker.bed
HG03130,hap2,s3://human-pangenomics/submissions/DC27718F-5F38-43B0-9A78-270F395F13E8--INT_ASM_PRODUCTION/HG03130/assemblies/freeze_2/annotation/repeat_masker/HG03130_hap2_hprc_r2_v1.RepeatMasker.bed
HG03195,hap1,s3://human-pangenomics/submissions/DC27718F-5F38-43B0-9A78-270F395F13E8--INT_ASM_PRODUCTION/HG03195/assemblies/freeze_2/annotation/repeat_masker/HG03195_hap1_hprc_r2_v1.RepeatMasker.bed
HG03195,hap2,s3://human-pangenomics/submissions/DC27718F-5F38-43B0-9A78-270F395F13E8--INT_ASM_PRODUCTION/HG03195/assemblies/freeze_2/annotation/repeat_masker/HG03195_hap2_hprc_r2_v1.RepeatMasker.bed
HG03209,hap1,s3://human-pangenomics/submissions/DC27718F-5F38-43B0-9A78-270F395F13E8--INT_ASM_PRODUCTION/HG03209/assemblies/freeze_2/annotation/repeat_masker/HG03209_hap1_hprc_r2_v1.RepeatMasker.bed
HG03209,hap2,s3://human-pangenomics/submissions/DC27718F-5F38-43B0-9A78-270F395F13E8--INT_ASM_PRODUCTION/HG03209/assemblies/freeze_2/annotation/repeat_masker/HG03209_hap2_hprc_r2_v1.RepeatMasker.bed
NA18522,hap1,s3://human-pangenomics/submissions/DC27718F-5F38-43B0-9A78-270F395F13E8--INT_ASM_PRODUCTION/NA18522/assemblies/freeze_2/annotation/repeat_masker/NA18522_hap1_hprc_r2_v1.RepeatMasker.bed
NA18522,hap2,s3://human-pangenomics/submissions/DC27718F-5F38-43B0-9A78-270F395F13E8--INT_ASM_PRODUCTION/NA18522/assemblies/freeze_2/annotation/repeat_masker/NA18522_hap2_hprc_r2_v1.RepeatMasker.bed
NA18747,hap1,s3://human-pangenomics/submissions/DC27718F-5F38-43B0-9A78-270F395F13E8--INT_ASM_PRODUCTION/NA18747/assemblies/freeze_2/annotation/repeat_masker/NA18747_hap1_hprc_r2_v1.RepeatMasker.bed
NA18747,hap2,s3://human-pangenomics/submissions/DC27718F-5F38-43B0-9A78-270F395F13E8--INT_ASM_PRODUCTION/NA18747/assemblies/freeze_2/annotation/repeat_masker/NA18747_hap2_hprc_r2_v1.RepeatMasker.bed
NA18971,hap1,s3://human-pangenomics/submissions/DC27718F-5F38-43B0-9A78-270F395F13E8--INT_ASM_PRODUCTION/NA18971/assemblies/freeze_2/annotation/repeat_masker/NA18971_hap1_hprc_r2_v1.RepeatMasker.bed
NA18971,hap2,s3://human-pangenomics/submissions/DC27718F-5F38-43B0-9A78-270F395F13E8--INT_ASM_PRODUCTION/NA18971/assemblies/freeze_2/annotation/repeat_masker/NA18971_hap2_hprc_r2_v1.RepeatMasker.bed
NA18983,hap1,s3://human-pangenomics/submissions/DC27718F-5F38-43B0-9A78-270F395F13E8--INT_ASM_PRODUCTION/NA18983/assemblies/freeze_2/annotation/repeat_masker/NA18983_hap1_hprc_r2_v1.RepeatMasker.bed
NA18983,hap2,s3://human-pangenomics/submissions/DC27718F-5F38-43B0-9A78-270F395F13E8--INT_ASM_PRODUCTION/NA18983/assemblies/freeze_2/annotation/repeat_masker/NA18983_hap2_hprc_r2_v1.RepeatMasker.bed
NA19043,hap1,s3://human-pangenomics/submissions/DC27718F-5F38-43B0-9A78-270F395F13E8--INT_ASM_PRODUCTION/NA19043/assemblies/freeze_2/annotation/repeat_masker/NA19043_hap1_hprc_r2_v1.RepeatMasker.bed
NA19043,hap2,s3://human-pangenomics/submissions/DC27718F-5F38-43B0-9A78-270F395F13E8--INT_ASM_PRODUCTION/NA19043/assemblies/freeze_2/annotation/repeat_masker/NA19043_hap2_hprc_r2_v1.RepeatMasker.bed
NA20905,hap1,s3://human-pangenomics/submissions/DC27718F-5F38-43B0-9A78-270F395F13E8--INT_ASM_PRODUCTION/NA20905/assemblies/freeze_2/annotation/repeat_masker/NA20905_hap1_hprc_r2_v1.RepeatMasker.bed
NA20905,hap2,s3://human-pangenomics/submissions/DC27718F-5F38-43B0-9A78-270F395F13E8--INT_ASM_PRODUCTION/NA20905/assemblies/freeze_2/annotation/repeat_masker/NA20905_hap2_hprc_r2_v1.RepeatMasker.bed
HG01530,hap1,s3://human-pangenomics/submissions/DC27718F-5F38-43B0-9A78-270F395F13E8--INT_ASM_PRODUCTION/HG01530/assemblies/freeze_2/annotation/repeat_masker/HG01530_hap1_hprc_r2_v1.RepeatMasker.bed
HG01530,hap2,s3://human-pangenomics/submissions/DC27718F-5F38-43B0-9A78-270F395F13E8--INT_ASM_PRODUCTION/HG01530/assemblies/freeze_2/annotation/repeat_masker/HG01530_hap2_hprc_r2_v1.RepeatMasker.bed
HG01784,hap1,s3://human-pangenomics/submissions/DC27718F-5F38-43B0-9A78-270F395F13E8--INT_ASM_PRODUCTION/HG01784/assemblies/freeze_2/annotation/repeat_masker/HG01784_hap1_hprc_r2_v1.RepeatMasker.bed
HG01784,hap2,s3://human-pangenomics/submissions/DC27718F-5F38-43B0-9A78-270F395F13E8--INT_ASM_PRODUCTION/HG01784/assemblies/freeze_2/annotation/repeat_masker/HG01784_hap2_hprc_r2_v1.RepeatMasker.bed
HG02391,hap1,s3://human-pangenomics/submissions/DC27718F-5F38-43B0-9A78-270F395F13E8--INT_ASM_PRODUCTION/HG02391/assemblies/freeze_2/annotation/repeat_masker/HG02391_hap1_hprc_r2_v1.RepeatMasker.bed
HG02391,hap2,s3://human-pangenomics/submissions/DC27718F-5F38-43B0-9A78-270F395F13E8--INT_ASM_PRODUCTION/HG02391/assemblies/freeze_2/annotation/repeat_masker/HG02391_hap2_hprc_r2_v1.RepeatMasker.bed
HG03471,hap1,s3://human-pangenomics/submissions/DC27718F-5F38-43B0-9A78-270F395F13E8--INT_ASM_PRODUCTION/HG03471/assemblies/freeze_2/annotation/repeat_masker/HG03471_hap1_hprc_r2_v1.RepeatMasker.bed
HG03471,hap2,s3://human-pangenomics/submissions/DC27718F-5F38-43B0-9A78-270F395F13E8--INT_ASM_PRODUCTION/HG03471/assemblies/freeze_2/annotation/repeat_masker/HG03471_hap2_hprc_r2_v1.RepeatMasker.bed
HG03742,hap1,s3://human-pangenomics/submissions/DC27718F-5F38-43B0-9A78-270F395F13E8--INT_ASM_PRODUCTION/HG03742/assemblies/freeze_2/annotation/repeat_masker/HG03742_hap1_hprc_r2_v1.RepeatMasker.bed
HG03742,hap2,s3://human-pangenomics/submissions/DC27718F-5F38-43B0-9A78-270F395F13E8--INT_ASM_PRODUCTION/HG03742/assemblies/freeze_2/annotation/repeat_masker/HG03742_hap2_hprc_r2_v1.RepeatMasker.bed
NA18570,hap1,s3://human-pangenomics/submissions/DC27718F-5F38-43B0-9A78-270F395F13E8--INT_ASM_PRODUCTION/NA18570/assemblies/freeze_2/annotation/repeat_masker/NA18570_hap1_hprc_r2_v1.RepeatMasker.bed
NA18570,hap2,s3://human-pangenomics/submissions/DC27718F-5F38-43B0-9A78-270F395F13E8--INT_ASM_PRODUCTION/NA18570/assemblies/freeze_2/annotation/repeat_masker/NA18570_hap2_hprc_r2_v1.RepeatMasker.bed
NA19087,hap1,s3://human-pangenomics/submissions/DC27718F-5F38-43B0-9A78-270F395F13E8--INT_ASM_PRODUCTION/NA19087/assemblies/freeze_2/annotation/repeat_masker/NA19087_hap1_hprc_r2_v1.RepeatMasker.bed
NA19087,hap2,s3://human-pangenomics/submissions/DC27718F-5F38-43B0-9A78-270F395F13E8--INT_ASM_PRODUCTION/NA19087/assemblies/freeze_2/annotation/repeat_masker/NA19087_hap2_hprc_r2_v1.RepeatMasker.bed
NA19185,hap1,s3://human-pangenomics/submissions/DC27718F-5F38-43B0-9A78-270F395F13E8--INT_ASM_PRODUCTION/NA19185/assemblies/freeze_2/annotation/repeat_masker/NA19185_hap1_hprc_r2_v1.RepeatMasker.bed
NA19185,hap2,s3://human-pangenomics/submissions/DC27718F-5F38-43B0-9A78-270F395F13E8--INT_ASM_PRODUCTION/NA19185/assemblies/freeze_2/annotation/repeat_masker/NA19185_hap2_hprc_r2_v1.RepeatMasker.bed
NA19338,hap1,s3://human-pangenomics/submissions/DC27718F-5F38-43B0-9A78-270F395F13E8--INT_ASM_PRODUCTION/NA19338/assemblies/freeze_2/annotation/repeat_masker/NA19338_hap1_hprc_r2_v1.RepeatMasker.bed
NA19338,hap2,s3://human-pangenomics/submissions/DC27718F-5F38-43B0-9A78-270F395F13E8--INT_ASM_PRODUCTION/NA19338/assemblies/freeze_2/annotation/repeat_masker/NA19338_hap2_hprc_r2_v1.RepeatMasker.bed
NA19391,hap1,s3://human-pangenomics/submissions/DC27718F-5F38-43B0-9A78-270F395F13E8--INT_ASM_PRODUCTION/NA19391/assemblies/freeze_2/annotation/repeat_masker/NA19391_hap1_hprc_r2_v1.RepeatMasker.bed
NA19391,hap2,s3://human-pangenomics/submissions/DC27718F-5F38-43B0-9A78-270F395F13E8--INT_ASM_PRODUCTION/NA19391/assemblies/freeze_2/annotation/repeat_masker/NA19391_hap2_hprc_r2_v1.RepeatMasker.bed
NA19468,hap1,s3://human-pangenomics/submissions/DC27718F-5F38-43B0-9A78-270F395F13E8--INT_ASM_PRODUCTION/NA19468/assemblies/freeze_2/annotation/repeat_masker/NA19468_hap1_hprc_r2_v1.RepeatMasker.bed
NA19468,hap2,s3://human-pangenomics/submissions/DC27718F-5F38-43B0-9A78-270F395F13E8--INT_ASM_PRODUCTION/NA19468/assemblies/freeze_2/annotation/repeat_masker/NA19468_hap2_hprc_r2_v1.RepeatMasker.bed
HG00438,hap1,s3://human-pangenomics/submissions/DC27718F-5F38-43B0-9A78-270F395F13E8--INT_ASM_PRODUCTION/HG00438/assemblies/freeze_2/annotation/repeat_masker/HG00438_pat_hprc_r2_v1.RepeatMasker.bed
HG00438,hap2,s3://human-pangenomics/submissions/DC27718F-5F38-43B0-9A78-270F395F13E8--INT_ASM_PRODUCTION/HG00438/assemblies/freeze_2/annotation/repeat_masker/HG00438_mat_hprc_r2_v1.RepeatMasker.bed
HG00558,hap1,s3://human-pangenomics/submissions/DC27718F-5F38-43B0-9A78-270F395F13E8--INT_ASM_PRODUCTION/HG00558/assemblies/freeze_2/annotation/repeat_masker/HG00558_pat_hprc_r2_v1.RepeatMasker.bed
HG00558,hap2,s3://human-pangenomics/submissions/DC27718F-5F38-43B0-9A78-270F395F13E8--INT_ASM_PRODUCTION/HG00558/assemblies/freeze_2/annotation/repeat_masker/HG00558_mat_hprc_r2_v1.RepeatMasker.bed
HG00639,hap1,s3://human-pangenomics/submissions/DC27718F-5F38-43B0-9A78-270F395F13E8--INT_ASM_PRODUCTION/HG00639/assemblies/freeze_2/annotation/repeat_masker/HG00639_pat_hprc_r2_v1.RepeatMasker.bed
HG00639,hap2,s3://human-pangenomics/submissions/DC27718F-5F38-43B0-9A78-270F395F13E8--INT_ASM_PRODUCTION/HG00639/assemblies/freeze_2/annotation/repeat_masker/HG00639_mat_hprc_r2_v1.RepeatMasker.bed
HG00658,hap1,s3://human-pangenomics/submissions/DC27718F-5F38-43B0-9A78-270F395F13E8--INT_ASM_PRODUCTION/HG00658/assemblies/freeze_2/annotation/repeat_masker/HG00658_pat_hprc_r2_v1.RepeatMasker.bed
HG00658,hap2,s3://human-pangenomics/submissions/DC27718F-5F38-43B0-9A78-270F395F13E8--INT_ASM_PRODUCTION/HG00658/assemblies/freeze_2/annotation/repeat_masker/HG00658_mat_hprc_r2_v1.RepeatMasker.bed
HG00673,hap1,s3://human-pangenomics/submissions/DC27718F-5F38-43B0-9A78-270F395F13E8--INT_ASM_PRODUCTION/HG00673/assemblies/freeze_2/annotation/repeat_masker/HG00673_pat_hprc_r2_v1.RepeatMasker.bed
HG00673,hap2,s3://human-pangenomics/submissions/DC27718F-5F38-43B0-9A78-270F395F13E8--INT_ASM_PRODUCTION/HG00673/assemblies/freeze_2/annotation/repeat_masker/HG00673_mat_hprc_r2_v1.RepeatMasker.bed
HG01071,hap1,s3://human-pangenomics/submissions/DC27718F-5F38-43B0-9A78-270F395F13E8--INT_ASM_PRODUCTION/HG01071/assemblies/freeze_2/annotation/repeat_masker/HG01071_pat_hprc_r2_v1.RepeatMasker.bed
HG01071,hap2,s3://human-pangenomics/submissions/DC27718F-5F38-43B0-9A78-270F395F13E8--INT_ASM_PRODUCTION/HG01071/assemblies/freeze_2/annotation/repeat_masker/HG01071_mat_hprc_r2_v1.RepeatMasker.bed
HG01074,hap1,s3://human-pangenomics/submissions/DC27718F-5F38-43B0-9A78-270F395F13E8--INT_ASM_PRODUCTION/HG01074/assemblies/freeze_2/annotation/repeat_masker/HG01074_pat_hprc_r2_v1.RepeatMasker.bed
HG01074,hap2,s3://human-pangenomics/submissions/DC27718F-5F38-43B0-9A78-270F395F13E8--INT_ASM_PRODUCTION/HG01074/assemblies/freeze_2/annotation/repeat_masker/HG01074_mat_hprc_r2_v1.RepeatMasker.bed
HG01081,hap1,s3://human-pangenomics/submissions/DC27718F-5F38-43B0-9A78-270F395F13E8--INT_ASM_PRODUCTION/HG01081/assemblies/freeze_2/annotation/repeat_masker/HG01081_pat_hprc_r2_v1.RepeatMasker.bed
HG01081,hap2,s3://human-pangenomics/submissions/DC27718F-5F38-43B0-9A78-270F395F13E8--INT_ASM_PRODUCTION/HG01081/assemblies/freeze_2/annotation/repeat_masker/HG01081_mat_hprc_r2_v1.RepeatMasker.bed
HG01123,hap1,s3://human-pangenomics/submissions/DC27718F-5F38-43B0-9A78-270F395F13E8--INT_ASM_PRODUCTION/HG01123/assemblies/freeze_2/annotation/repeat_masker/HG01123_pat_hprc_r2_v1.RepeatMasker.bed
HG01123,hap2,s3://human-pangenomics/submissions/DC27718F-5F38-43B0-9A78-270F395F13E8--INT_ASM_PRODUCTION/HG01123/assemblies/freeze_2/annotation/repeat_masker/HG01123_mat_hprc_r2_v1.RepeatMasker.bed
HG01150,hap1,s3://human-pangenomics/submissions/DC27718F-5F38-43B0-9A78-270F395F13E8--INT_ASM_PRODUCTION/HG01150/assemblies/freeze_2/annotation/repeat_masker/HG01150_pat_hprc_r2_v1.RepeatMasker.bed
HG01150,hap2,s3://human-pangenomics/submissions/DC27718F-5F38-43B0-9A78-270F395F13E8--INT_ASM_PRODUCTION/HG01150/assemblies/freeze_2/annotation/repeat_masker/HG01150_mat_hprc_r2_v1.RepeatMasker.bed
HG01252,hap1,s3://human-pangenomics/submissions/DC27718F-5F38-43B0-9A78-270F395F13E8--INT_ASM_PRODUCTION/HG01252/assemblies/freeze_2/annotation/repeat_masker/HG01252_pat_hprc_r2_v1.RepeatMasker.bed
HG01252,hap2,s3://human-pangenomics/submissions/DC27718F-5F38-43B0-9A78-270F395F13E8--INT_ASM_PRODUCTION/HG01252/assemblies/freeze_2/annotation/repeat_masker/HG01252_mat_hprc_r2_v1.RepeatMasker.bed
HG01358,hap1,s3://human-pangenomics/submissions/DC27718F-5F38-43B0-9A78-270F395F13E8--INT_ASM_PRODUCTION/HG01358/assemblies/freeze_2/annotation/repeat_masker/HG01358_pat_hprc_r2_v1.RepeatMasker.bed
HG01358,hap2,s3://human-pangenomics/submissions/DC27718F-5F38-43B0-9A78-270F395F13E8--INT_ASM_PRODUCTION/HG01358/assemblies/freeze_2/annotation/repeat_masker/HG01358_mat_hprc_r2_v1.RepeatMasker.bed
HG01361,hap1,s3://human-pangenomics/submissions/DC27718F-5F38-43B0-9A78-270F395F13E8--INT_ASM_PRODUCTION/HG01361/assemblies/freeze_2/annotation/repeat_masker/HG01361_pat_hprc_r2_v1.RepeatMasker.bed
HG01361,hap2,s3://human-pangenomics/submissions/DC27718F-5F38-43B0-9A78-270F395F13E8--INT_ASM_PRODUCTION/HG01361/assemblies/freeze_2/annotation/repeat_masker/HG01361_mat_hprc_r2_v1.RepeatMasker.bed
HG01928,hap1,s3://human-pangenomics/submissions/DC27718F-5F38-43B0-9A78-270F395F13E8--INT_ASM_PRODUCTION/HG01928/assemblies/freeze_2/annotation/repeat_masker/HG01928_pat_hprc_r2_v1.RepeatMasker.bed
HG01928,hap2,s3://human-pangenomics/submissions/DC27718F-5F38-43B0-9A78-270F395F13E8--INT_ASM_PRODUCTION/HG01928/assemblies/freeze_2/annotation/repeat_masker/HG01928_mat_hprc_r2_v1.RepeatMasker.bed
HG01934,hap1,s3://human-pangenomics/submissions/DC27718F-5F38-43B0-9A78-270F395F13E8--INT_ASM_PRODUCTION/HG01934/assemblies/freeze_2/annotation/repeat_masker/HG01934_pat_hprc_r2_v1.RepeatMasker.bed
HG01934,hap2,s3://human-pangenomics/submissions/DC27718F-5F38-43B0-9A78-270F395F13E8--INT_ASM_PRODUCTION/HG01934/assemblies/freeze_2/annotation/repeat_masker/HG01934_mat_hprc_r2_v1.RepeatMasker.bed
HG01940,hap1,s3://human-pangenomics/submissions/DC27718F-5F38-43B0-9A78-270F395F13E8--INT_ASM_PRODUCTION/HG01940/assemblies/freeze_2/annotation/repeat_masker/HG01940_pat_hprc_r2_v1.RepeatMasker.bed
HG01940,hap2,s3://human-pangenomics/submissions/DC27718F-5F38-43B0-9A78-270F395F13E8--INT_ASM_PRODUCTION/HG01940/assemblies/freeze_2/annotation/repeat_masker/HG01940_mat_hprc_r2_v1.RepeatMasker.bed
HG01960,hap1,s3://human-pangenomics/submissions/DC27718F-5F38-43B0-9A78-270F395F13E8--INT_ASM_PRODUCTION/HG01960/assemblies/freeze_2/annotation/repeat_masker/HG01960_pat_hprc_r2_v1.RepeatMasker.bed
HG01960,hap2,s3://human-pangenomics/submissions/DC27718F-5F38-43B0-9A78-270F395F13E8--INT_ASM_PRODUCTION/HG01960/assemblies/freeze_2/annotation/repeat_masker/HG01960_mat_hprc_r2_v1.RepeatMasker.bed
HG01969,hap1,s3://human-pangenomics/submissions/DC27718F-5F38-43B0-9A78-270F395F13E8--INT_ASM_PRODUCTION/HG01969/assemblies/freeze_2/annotation/repeat_masker/HG01969_pat_hprc_r2_v1.RepeatMasker.bed
HG01969,hap2,s3://human-pangenomics/submissions/DC27718F-5F38-43B0-9A78-270F395F13E8--INT_ASM_PRODUCTION/HG01969/assemblies/freeze_2/annotation/repeat_masker/HG01969_mat_hprc_r2_v1.RepeatMasker.bed
HG02071,hap1,s3://human-pangenomics/submissions/DC27718F-5F38-43B0-9A78-270F395F13E8--INT_ASM_PRODUCTION/HG02071/assemblies/freeze_2/annotation/repeat_masker/HG02071_pat_hprc_r2_v1.RepeatMasker.bed
HG02071,hap2,s3://human-pangenomics/submissions/DC27718F-5F38-43B0-9A78-270F395F13E8--INT_ASM_PRODUCTION/HG02071/assemblies/freeze_2/annotation/repeat_masker/HG02071_mat_hprc_r2_v1.RepeatMasker.bed
HG02074,hap1,s3://human-pangenomics/submissions/DC27718F-5F38-43B0-9A78-270F395F13E8--INT_ASM_PRODUCTION/HG02074/assemblies/freeze_2/annotation/repeat_masker/HG02074_pat_hprc_r2_v1.RepeatMasker.bed
HG02074,hap2,s3://human-pangenomics/submissions/DC27718F-5F38-43B0-9A78-270F395F13E8--INT_ASM_PRODUCTION/HG02074/assemblies/freeze_2/annotation/repeat_masker/HG02074_mat_hprc_r2_v1.RepeatMasker.bed
HG02135,hap1,s3://human-pangenomics/submissions/DC27718F-5F38-43B0-9A78-270F395F13E8--INT_ASM_PRODUCTION/HG02135/assemblies/freeze_2/annotation/repeat_masker/HG02135_pat_hprc_r2_v1.RepeatMasker.bed
HG02135,hap2,s3://human-pangenomics/submissions/DC27718F-5F38-43B0-9A78-270F395F13E8--INT_ASM_PRODUCTION/HG02135/assemblies/freeze_2/annotation/repeat_masker/HG02135_mat_hprc_r2_v1.RepeatMasker.bed
HG02668,hap1,s3://human-pangenomics/submissions/DC27718F-5F38-43B0-9A78-270F395F13E8--INT_ASM_PRODUCTION/HG02668/assemblies/freeze_2/annotation/repeat_masker/HG02668_pat_hprc_r2_v1.RepeatMasker.bed
HG02668,hap2,s3://human-pangenomics/submissions/DC27718F-5F38-43B0-9A78-270F395F13E8--INT_ASM_PRODUCTION/HG02668/assemblies/freeze_2/annotation/repeat_masker/HG02668_mat_hprc_r2_v1.RepeatMasker.bed
HG02717,hap1,s3://human-pangenomics/submissions/DC27718F-5F38-43B0-9A78-270F395F13E8--INT_ASM_PRODUCTION/HG02717/assemblies/freeze_2/annotation/repeat_masker/HG02717_pat_hprc_r2_v1.RepeatMasker.bed
HG02717,hap2,s3://human-pangenomics/submissions/DC27718F-5F38-43B0-9A78-270F395F13E8--INT_ASM_PRODUCTION/HG02717/assemblies/freeze_2/annotation/repeat_masker/HG02717_mat_hprc_r2_v1.RepeatMasker.bed
HG02809,hap1,s3://human-pangenomics/submissions/DC27718F-5F38-43B0-9A78-270F395F13E8--INT_ASM_PRODUCTION/HG02809/assemblies/freeze_2/annotation/repeat_masker/HG02809_pat_hprc_r2_v1.RepeatMasker.bed
HG02809,hap2,s3://human-pangenomics/submissions/DC27718F-5F38-43B0-9A78-270F395F13E8--INT_ASM_PRODUCTION/HG02809/assemblies/freeze_2/annotation/repeat_masker/HG02809_mat_hprc_r2_v1.RepeatMasker.bed
HG03017,hap1,s3://human-pangenomics/submissions/DC27718F-5F38-43B0-9A78-270F395F13E8--INT_ASM_PRODUCTION/HG03017/assemblies/freeze_2/annotation/repeat_masker/HG03017_pat_hprc_r2_v1.RepeatMasker.bed
HG03017,hap2,s3://human-pangenomics/submissions/DC27718F-5F38-43B0-9A78-270F395F13E8--INT_ASM_PRODUCTION/HG03017/assemblies/freeze_2/annotation/repeat_masker/HG03017_mat_hprc_r2_v1.RepeatMasker.bed
HG03041,hap1,s3://human-pangenomics/submissions/DC27718F-5F38-43B0-9A78-270F395F13E8--INT_ASM_PRODUCTION/HG03041/assemblies/freeze_2/annotation/repeat_masker/HG03041_pat_hprc_r2_v1.RepeatMasker.bed
HG03041,hap2,s3://human-pangenomics/submissions/DC27718F-5F38-43B0-9A78-270F395F13E8--INT_ASM_PRODUCTION/HG03041/assemblies/freeze_2/annotation/repeat_masker/HG03041_mat_hprc_r2_v1.RepeatMasker.bed
HG03239,hap1,s3://human-pangenomics/submissions/DC27718F-5F38-43B0-9A78-270F395F13E8--INT_ASM_PRODUCTION/HG03239/assemblies/freeze_2/annotation/repeat_masker/HG03239_pat_hprc_r2_v1.RepeatMasker.bed
HG03239,hap2,s3://human-pangenomics/submissions/DC27718F-5F38-43B0-9A78-270F395F13E8--INT_ASM_PRODUCTION/HG03239/assemblies/freeze_2/annotation/repeat_masker/HG03239_mat_hprc_r2_v1.RepeatMasker.bed
HG03804,hap1,s3://human-pangenomics/submissions/DC27718F-5F38-43B0-9A78-270F395F13E8--INT_ASM_PRODUCTION/HG03804/assemblies/freeze_2/annotation/repeat_masker/HG03804_pat_hprc_r2_v1.RepeatMasker.bed
HG03804,hap2,s3://human-pangenomics/submissions/DC27718F-5F38-43B0-9A78-270F395F13E8--INT_ASM_PRODUCTION/HG03804/assemblies/freeze_2/annotation/repeat_masker/HG03804_mat_hprc_r2_v1.RepeatMasker.bed
HG03942,hap1,s3://human-pangenomics/submissions/DC27718F-5F38-43B0-9A78-270F395F13E8--INT_ASM_PRODUCTION/HG03942/assemblies/freeze_2/annotation/repeat_masker/HG03942_pat_hprc_r2_v1.RepeatMasker.bed
HG03942,hap2,s3://human-pangenomics/submissions/DC27718F-5F38-43B0-9A78-270F395F13E8--INT_ASM_PRODUCTION/HG03942/assemblies/freeze_2/annotation/repeat_masker/HG03942_mat_hprc_r2_v1.RepeatMasker.bed
HG04157,hap1,s3://human-pangenomics/submissions/DC27718F-5F38-43B0-9A78-270F395F13E8--INT_ASM_PRODUCTION/HG04157/assemblies/freeze_2/annotation/repeat_masker/HG04157_pat_hprc_r2_v1.RepeatMasker.bed
HG04157,hap2,s3://human-pangenomics/submissions/DC27718F-5F38-43B0-9A78-270F395F13E8--INT_ASM_PRODUCTION/HG04157/assemblies/freeze_2/annotation/repeat_masker/HG04157_mat_hprc_r2_v1.RepeatMasker.bed
HG04160,hap1,s3://human-pangenomics/submissions/DC27718F-5F38-43B0-9A78-270F395F13E8--INT_ASM_PRODUCTION/HG04160/assemblies/freeze_2/annotation/repeat_masker/HG04160_pat_hprc_r2_v1.RepeatMasker.bed
HG04160,hap2,s3://human-pangenomics/submissions/DC27718F-5F38-43B0-9A78-270F395F13E8--INT_ASM_PRODUCTION/HG04160/assemblies/freeze_2/annotation/repeat_masker/HG04160_mat_hprc_r2_v1.RepeatMasker.bed
HG04204,hap1,s3://human-pangenomics/submissions/DC27718F-5F38-43B0-9A78-270F395F13E8--INT_ASM_PRODUCTION/HG04204/assemblies/freeze_2/annotation/repeat_masker/HG04204_pat_hprc_r2_v1.RepeatMasker.bed
HG04204,hap2,s3://human-pangenomics/submissions/DC27718F-5F38-43B0-9A78-270F395F13E8--INT_ASM_PRODUCTION/HG04204/assemblies/freeze_2/annotation/repeat_masker/HG04204_mat_hprc_r2_v1.RepeatMasker.bed
HG04228,hap1,s3://human-pangenomics/submissions/DC27718F-5F38-43B0-9A78-270F395F13E8--INT_ASM_PRODUCTION/HG04228/assemblies/freeze_2/annotation/repeat_masker/HG04228_pat_hprc_r2_v1.RepeatMasker.bed
HG04228,hap2,s3://human-pangenomics/submissions/DC27718F-5F38-43B0-9A78-270F395F13E8--INT_ASM_PRODUCTION/HG04228/assemblies/freeze_2/annotation/repeat_masker/HG04228_mat_hprc_r2_v1.RepeatMasker.bed
HG00423,hap1,s3://human-pangenomics/submissions/DC27718F-5F38-43B0-9A78-270F395F13E8--INT_ASM_PRODUCTION/HG00423/assemblies/freeze_2/annotation/repeat_masker/HG00423_pat_hprc_r2_v1.RepeatMasker.bed
HG00423,hap2,s3://human-pangenomics/submissions/DC27718F-5F38-43B0-9A78-270F395F13E8--INT_ASM_PRODUCTION/HG00423/assemblies/freeze_2/annotation/repeat_masker/HG00423_mat_hprc_r2_v1.RepeatMasker.bed
HG00544,hap1,s3://human-pangenomics/submissions/DC27718F-5F38-43B0-9A78-270F395F13E8--INT_ASM_PRODUCTION/HG00544/assemblies/freeze_2/annotation/repeat_masker/HG00544_pat_hprc_r2_v1.RepeatMasker.bed
HG00544,hap2,s3://human-pangenomics/submissions/DC27718F-5F38-43B0-9A78-270F395F13E8--INT_ASM_PRODUCTION/HG00544/assemblies/freeze_2/annotation/repeat_masker/HG00544_mat_hprc_r2_v1.RepeatMasker.bed
HG01943,hap1,s3://human-pangenomics/submissions/DC27718F-5F38-43B0-9A78-270F395F13E8--INT_ASM_PRODUCTION/HG01943/assemblies/freeze_2/annotation/repeat_masker/HG01943_pat_hprc_r2_v1.RepeatMasker.bed
HG01943,hap2,s3://human-pangenomics/submissions/DC27718F-5F38-43B0-9A78-270F395F13E8--INT_ASM_PRODUCTION/HG01943/assemblies/freeze_2/annotation/repeat_masker/HG01943_mat_hprc_r2_v1.RepeatMasker.bed
HG02735,hap1,s3://human-pangenomics/submissions/DC27718F-5F38-43B0-9A78-270F395F13E8--INT_ASM_PRODUCTION/HG02735/assemblies/freeze_2/annotation/repeat_masker/HG02735_pat_hprc_r2_v1.RepeatMasker.bed
HG02735,hap2,s3://human-pangenomics/submissions/DC27718F-5F38-43B0-9A78-270F395F13E8--INT_ASM_PRODUCTION/HG02735/assemblies/freeze_2/annotation/repeat_masker/HG02735_mat_hprc_r2_v1.RepeatMasker.bed
HG03225,hap1,s3://human-pangenomics/submissions/DC27718F-5F38-43B0-9A78-270F395F13E8--INT_ASM_PRODUCTION/HG03225/assemblies/freeze_2/annotation/repeat_masker/HG03225_hap1_hprc_r2_v1.RepeatMasker.bed
HG03225,hap2,s3://human-pangenomics/submissions/DC27718F-5F38-43B0-9A78-270F395F13E8--INT_ASM_PRODUCTION/HG03225/assemblies/freeze_2/annotation/repeat_masker/HG03225_hap2_hprc_r2_v1.RepeatMasker.bed
HG00126,hap1,s3://human-pangenomics/submissions/DC27718F-5F38-43B0-9A78-270F395F13E8--INT_ASM_PRODUCTION/HG00126/assemblies/freeze_2/annotation/repeat_masker/HG00126_hap1_hprc_r2_v1.RepeatMasker.bed
HG00126,hap2,s3://human-pangenomics/submissions/DC27718F-5F38-43B0-9A78-270F395F13E8--INT_ASM_PRODUCTION/HG00126/assemblies/freeze_2/annotation/repeat_masker/HG00126_hap2_hprc_r2_v1.RepeatMasker.bed
HG00128,hap1,s3://human-pangenomics/submissions/DC27718F-5F38-43B0-9A78-270F395F13E8--INT_ASM_PRODUCTION/HG00128/assemblies/freeze_2/annotation/repeat_masker/HG00128_hap1_hprc_r2_v1.RepeatMasker.bed
HG00128,hap2,s3://human-pangenomics/submissions/DC27718F-5F38-43B0-9A78-270F395F13E8--INT_ASM_PRODUCTION/HG00128/assemblies/freeze_2/annotation/repeat_masker/HG00128_hap2_hprc_r2_v1.RepeatMasker.bed
HG00133,hap1,s3://human-pangenomics/submissions/DC27718F-5F38-43B0-9A78-270F395F13E8--INT_ASM_PRODUCTION/HG00133/assemblies/freeze_2/annotation/repeat_masker/HG00133_hap1_hprc_r2_v1.RepeatMasker.bed
HG00133,hap2,s3://human-pangenomics/submissions/DC27718F-5F38-43B0-9A78-270F395F13E8--INT_ASM_PRODUCTION/HG00133/assemblies/freeze_2/annotation/repeat_masker/HG00133_hap2_hprc_r2_v1.RepeatMasker.bed
HG00146,hap1,s3://human-pangenomics/submissions/DC27718F-5F38-43B0-9A78-270F395F13E8--INT_ASM_PRODUCTION/HG00146/assemblies/freeze_2/annotation/repeat_masker/HG00146_hap1_hprc_r2_v1.RepeatMasker.bed
HG00146,hap2,s3://human-pangenomics/submissions/DC27718F-5F38-43B0-9A78-270F395F13E8--INT_ASM_PRODUCTION/HG00146/assemblies/freeze_2/annotation/repeat_masker/HG00146_hap2_hprc_r2_v1.RepeatMasker.bed
HG00232,hap1,s3://human-pangenomics/submissions/DC27718F-5F38-43B0-9A78-270F395F13E8--INT_ASM_PRODUCTION/HG00232/assemblies/freeze_2/annotation/repeat_masker/HG00232_hap1_hprc_r2_v1.RepeatMasker.bed
HG00232,hap2,s3://human-pangenomics/submissions/DC27718F-5F38-43B0-9A78-270F395F13E8--INT_ASM_PRODUCTION/HG00232/assemblies/freeze_2/annotation/repeat_masker/HG00232_hap2_hprc_r2_v1.RepeatMasker.bed
HG00290,hap1,s3://human-pangenomics/submissions/DC27718F-5F38-43B0-9A78-270F395F13E8--INT_ASM_PRODUCTION/HG00290/assemblies/freeze_2/annotation/repeat_masker/HG00290_hap1_hprc_r2_v1.RepeatMasker.bed
HG00290,hap2,s3://human-pangenomics/submissions/DC27718F-5F38-43B0-9A78-270F395F13E8--INT_ASM_PRODUCTION/HG00290/assemblies/freeze_2/annotation/repeat_masker/HG00290_hap2_hprc_r2_v1.RepeatMasker.bed
HG00320,hap1,s3://human-pangenomics/submissions/DC27718F-5F38-43B0-9A78-270F395F13E8--INT_ASM_PRODUCTION/HG00320/assemblies/freeze_2/annotation/repeat_masker/HG00320_hap1_hprc_r2_v1.RepeatMasker.bed
HG00320,hap2,s3://human-pangenomics/submissions/DC27718F-5F38-43B0-9A78-270F395F13E8--INT_ASM_PRODUCTION/HG00320/assemblies/freeze_2/annotation/repeat_masker/HG00320_hap2_hprc_r2_v1.RepeatMasker.bed
HG00321,hap1,s3://human-pangenomics/submissions/DC27718F-5F38-43B0-9A78-270F395F13E8--INT_ASM_PRODUCTION/HG00321/assemblies/freeze_2/annotation/repeat_masker/HG00321_hap1_hprc_r2_v1.RepeatMasker.bed
HG00321,hap2,s3://human-pangenomics/submissions/DC27718F-5F38-43B0-9A78-270F395F13E8--INT_ASM_PRODUCTION/HG00321/assemblies/freeze_2/annotation/repeat_masker/HG00321_hap2_hprc_r2_v1.RepeatMasker.bed
HG02178,hap1,s3://human-pangenomics/submissions/DC27718F-5F38-43B0-9A78-270F395F13E8--INT_ASM_PRODUCTION/HG02178/assemblies/freeze_2/annotation/repeat_masker/HG02178_hap1_hprc_r2_v1.RepeatMasker.bed
HG02178,hap2,s3://human-pangenomics/submissions/DC27718F-5F38-43B0-9A78-270F395F13E8--INT_ASM_PRODUCTION/HG02178/assemblies/freeze_2/annotation/repeat_masker/HG02178_hap2_hprc_r2_v1.RepeatMasker.bed
HG02583,hap1,s3://human-pangenomics/submissions/DC27718F-5F38-43B0-9A78-270F395F13E8--INT_ASM_PRODUCTION/HG02583/assemblies/freeze_2/annotation/repeat_masker/HG02583_hap1_hprc_r2_v1.RepeatMasker.bed
HG02583,hap2,s3://human-pangenomics/submissions/DC27718F-5F38-43B0-9A78-270F395F13E8--INT_ASM_PRODUCTION/HG02583/assemblies/freeze_2/annotation/repeat_masker/HG02583_hap2_hprc_r2_v1.RepeatMasker.bed
HG03270,hap1,s3://human-pangenomics/submissions/DC27718F-5F38-43B0-9A78-270F395F13E8--INT_ASM_PRODUCTION/HG03270/assemblies/freeze_2/annotation/repeat_masker/HG03270_hap1_hprc_r2_v1.RepeatMasker.bed
HG03270,hap2,s3://human-pangenomics/submissions/DC27718F-5F38-43B0-9A78-270F395F13E8--INT_ASM_PRODUCTION/HG03270/assemblies/freeze_2/annotation/repeat_masker/HG03270_hap2_hprc_r2_v1.RepeatMasker.bed
HG03583,hap1,s3://human-pangenomics/submissions/DC27718F-5F38-43B0-9A78-270F395F13E8--INT_ASM_PRODUCTION/HG03583/assemblies/freeze_2/annotation/repeat_masker/HG03583_hap1_hprc_r2_v1.RepeatMasker.bed
HG03583,hap2,s3://human-pangenomics/submissions/DC27718F-5F38-43B0-9A78-270F395F13E8--INT_ASM_PRODUCTION/HG03583/assemblies/freeze_2/annotation/repeat_masker/HG03583_hap2_hprc_r2_v1.RepeatMasker.bed
HG03874,hap1,s3://human-pangenomics/submissions/DC27718F-5F38-43B0-9A78-270F395F13E8--INT_ASM_PRODUCTION/HG03874/assemblies/freeze_2/annotation/repeat_masker/HG03874_hap1_hprc_r2_v1.RepeatMasker.bed
HG03874,hap2,s3://human-pangenomics/submissions/DC27718F-5F38-43B0-9A78-270F395F13E8--INT_ASM_PRODUCTION/HG03874/assemblies/freeze_2/annotation/repeat_masker/HG03874_hap2_hprc_r2_v1.RepeatMasker.bed
NA18505,hap1,s3://human-pangenomics/submissions/DC27718F-5F38-43B0-9A78-270F395F13E8--INT_ASM_PRODUCTION/NA18505/assemblies/freeze_2/annotation/repeat_masker/NA18505_hap1_hprc_r2_v1.RepeatMasker.bed
NA18505,hap2,s3://human-pangenomics/submissions/DC27718F-5F38-43B0-9A78-270F395F13E8--INT_ASM_PRODUCTION/NA18505/assemblies/freeze_2/annotation/repeat_masker/NA18505_hap2_hprc_r2_v1.RepeatMasker.bed
NA18508,hap1,s3://human-pangenomics/submissions/DC27718F-5F38-43B0-9A78-270F395F13E8--INT_ASM_PRODUCTION/NA18508/assemblies/freeze_2/annotation/repeat_masker/NA18508_hap1_hprc_r2_v1.RepeatMasker.bed
NA18508,hap2,s3://human-pangenomics/submissions/DC27718F-5F38-43B0-9A78-270F395F13E8--INT_ASM_PRODUCTION/NA18508/assemblies/freeze_2/annotation/repeat_masker/NA18508_hap2_hprc_r2_v1.RepeatMasker.bed
NA18608,hap1,s3://human-pangenomics/submissions/DC27718F-5F38-43B0-9A78-270F395F13E8--INT_ASM_PRODUCTION/NA18608/assemblies/freeze_2/annotation/repeat_masker/NA18608_hap1_hprc_r2_v1.RepeatMasker.bed
NA18608,hap2,s3://human-pangenomics/submissions/DC27718F-5F38-43B0-9A78-270F395F13E8--INT_ASM_PRODUCTION/NA18608/assemblies/freeze_2/annotation/repeat_masker/NA18608_hap2_hprc_r2_v1.RepeatMasker.bed
NA18620,hap1,s3://human-pangenomics/submissions/DC27718F-5F38-43B0-9A78-270F395F13E8--INT_ASM_PRODUCTION/NA18620/assemblies/freeze_2/annotation/repeat_masker/NA18620_hap1_hprc_r2_v1.RepeatMasker.bed
NA18620,hap2,s3://human-pangenomics/submissions/DC27718F-5F38-43B0-9A78-270F395F13E8--INT_ASM_PRODUCTION/NA18620/assemblies/freeze_2/annotation/repeat_masker/NA18620_hap2_hprc_r2_v1.RepeatMasker.bed
NA18952,hap1,s3://human-pangenomics/submissions/DC27718F-5F38-43B0-9A78-270F395F13E8--INT_ASM_PRODUCTION/NA18952/assemblies/freeze_2/annotation/repeat_masker/NA18952_hap1_hprc_r2_v1.RepeatMasker.bed
NA18952,hap2,s3://human-pangenomics/submissions/DC27718F-5F38-43B0-9A78-270F395F13E8--INT_ASM_PRODUCTION/NA18952/assemblies/freeze_2/annotation/repeat_masker/NA18952_hap2_hprc_r2_v1.RepeatMasker.bed
NA18974,hap1,s3://human-pangenomics/submissions/DC27718F-5F38-43B0-9A78-270F395F13E8--INT_ASM_PRODUCTION/NA18974/assemblies/freeze_2/annotation/repeat_masker/NA18974_hap1_hprc_r2_v1.RepeatMasker.bed
NA18974,hap2,s3://human-pangenomics/submissions/DC27718F-5F38-43B0-9A78-270F395F13E8--INT_ASM_PRODUCTION/NA18974/assemblies/freeze_2/annotation/repeat_masker/NA18974_hap2_hprc_r2_v1.RepeatMasker.bed
NA18976,hap1,s3://human-pangenomics/submissions/DC27718F-5F38-43B0-9A78-270F395F13E8--INT_ASM_PRODUCTION/NA18976/assemblies/freeze_2/annotation/repeat_masker/NA18976_hap1_hprc_r2_v1.RepeatMasker.bed
NA18976,hap2,s3://human-pangenomics/submissions/DC27718F-5F38-43B0-9A78-270F395F13E8--INT_ASM_PRODUCTION/NA18976/assemblies/freeze_2/annotation/repeat_masker/NA18976_hap2_hprc_r2_v1.RepeatMasker.bed
NA19036,hap1,s3://human-pangenomics/submissions/DC27718F-5F38-43B0-9A78-270F395F13E8--INT_ASM_PRODUCTION/NA19036/assemblies/freeze_2/annotation/repeat_masker/NA19036_hap1_hprc_r2_v1.RepeatMasker.bed
NA19036,hap2,s3://human-pangenomics/submissions/DC27718F-5F38-43B0-9A78-270F395F13E8--INT_ASM_PRODUCTION/NA19036/assemblies/freeze_2/annotation/repeat_masker/NA19036_hap2_hprc_r2_v1.RepeatMasker.bed
NA19443,hap1,s3://human-pangenomics/submissions/DC27718F-5F38-43B0-9A78-270F395F13E8--INT_ASM_PRODUCTION/NA19443/assemblies/freeze_2/annotation/repeat_masker/NA19443_hap1_hprc_r2_v1.RepeatMasker.bed
NA19443,hap2,s3://human-pangenomics/submissions/DC27718F-5F38-43B0-9A78-270F395F13E8--INT_ASM_PRODUCTION/NA19443/assemblies/freeze_2/annotation/repeat_masker/NA19443_hap2_hprc_r2_v1.RepeatMasker.bed
NA19700,hap1,s3://human-pangenomics/submissions/DC27718F-5F38-43B0-9A78-270F395F13E8--INT_ASM_PRODUCTION/NA19700/assemblies/freeze_2/annotation/repeat_masker/NA19700_hap1_hprc_r2_v1.RepeatMasker.bed
NA19700,hap2,s3://human-pangenomics/submissions/DC27718F-5F38-43B0-9A78-270F395F13E8--INT_ASM_PRODUCTION/NA19700/assemblies/freeze_2/annotation/repeat_masker/NA19700_hap2_hprc_r2_v1.RepeatMasker.bed
NA20870,hap1,s3://human-pangenomics/submissions/DC27718F-5F38-43B0-9A78-270F395F13E8--INT_ASM_PRODUCTION/NA20870/assemblies/freeze_2/annotation/repeat_masker/NA20870_hap1_hprc_r2_v1.RepeatMasker.bed
NA20870,hap2,s3://human-pangenomics/submissions/DC27718F-5F38-43B0-9A78-270F395F13E8--INT_ASM_PRODUCTION/NA20870/assemblies/freeze_2/annotation/repeat_masker/NA20870_hap2_hprc_r2_v1.RepeatMasker.bed
NA21093,hap1,s3://human-pangenomics/submissions/DC27718F-5F38-43B0-9A78-270F395F13E8--INT_ASM_PRODUCTION/NA21093/assemblies/freeze_2/annotation/repeat_masker/NA21093_hap1_hprc_r2_v1.RepeatMasker.bed
NA21093,hap2,s3://human-pangenomics/submissions/DC27718F-5F38-43B0-9A78-270F395F13E8--INT_ASM_PRODUCTION/NA21093/assemblies/freeze_2/annotation/repeat_masker/NA21093_hap2_hprc_r2_v1.RepeatMasker.bed
NA21106,hap1,s3://human-pangenomics/submissions/DC27718F-5F38-43B0-9A78-270F395F13E8--INT_ASM_PRODUCTION/NA21106/assemblies/freeze_2/annotation/repeat_masker/NA21106_hap1_hprc_r2_v1.RepeatMasker.bed
NA21106,hap2,s3://human-pangenomics/submissions/DC27718F-5F38-43B0-9A78-270F395F13E8--INT_ASM_PRODUCTION/NA21106/assemblies/freeze_2/annotation/repeat_masker/NA21106_hap2_hprc_r2_v1.RepeatMasker.bed
NA21110,hap1,s3://human-pangenomics/submissions/DC27718F-5F38-43B0-9A78-270F395F13E8--INT_ASM_PRODUCTION/NA21110/assemblies/freeze_2/annotation/repeat_masker/NA21110_hap1_hprc_r2_v1.RepeatMasker.bed
NA21110,hap2,s3://human-pangenomics/submissions/DC27718F-5F38-43B0-9A78-270F395F13E8--INT_ASM_PRODUCTION/NA21110/assemblies/freeze_2/annotation/repeat_masker/NA21110_hap2_hprc_r2_v1.RepeatMasker.bed
HG00735,hap1,s3://human-pangenomics/submissions/DC27718F-5F38-43B0-9A78-270F395F13E8--INT_ASM_PRODUCTION/HG00735/assemblies/freeze_2/annotation/repeat_masker/HG00735_pat_hprc_r2_v1.RepeatMasker.bed
HG00735,hap2,s3://human-pangenomics/submissions/DC27718F-5F38-43B0-9A78-270F395F13E8--INT_ASM_PRODUCTION/HG00735/assemblies/freeze_2/annotation/repeat_masker/HG00735_mat_hprc_r2_v1.RepeatMasker.bed
HG02155,hap1,s3://human-pangenomics/submissions/DC27718F-5F38-43B0-9A78-270F395F13E8--INT_ASM_PRODUCTION/HG02155/assemblies/freeze_2/annotation/repeat_masker/HG02155_hap1_hprc_r2_v1.RepeatMasker.bed
HG02155,hap2,s3://human-pangenomics/submissions/DC27718F-5F38-43B0-9A78-270F395F13E8--INT_ASM_PRODUCTION/HG02155/assemblies/freeze_2/annotation/repeat_masker/HG02155_hap2_hprc_r2_v1.RepeatMasker.bed
HG02630,hap1,s3://human-pangenomics/submissions/DC27718F-5F38-43B0-9A78-270F395F13E8--INT_ASM_PRODUCTION/HG02630/assemblies/freeze_2/annotation/repeat_masker/HG02630_pat_hprc_r2_v1.RepeatMasker.bed
HG02630,hap2,s3://human-pangenomics/submissions/DC27718F-5F38-43B0-9A78-270F395F13E8--INT_ASM_PRODUCTION/HG02630/assemblies/freeze_2/annotation/repeat_masker/HG02630_mat_hprc_r2_v1.RepeatMasker.bed
HG03139,hap1,s3://human-pangenomics/submissions/DC27718F-5F38-43B0-9A78-270F395F13E8--INT_ASM_PRODUCTION/HG03139/assemblies/freeze_2/annotation/repeat_masker/HG03139_hap1_hprc_r2_v1.RepeatMasker.bed
HG03139,hap2,s3://human-pangenomics/submissions/DC27718F-5F38-43B0-9A78-270F395F13E8--INT_ASM_PRODUCTION/HG03139/assemblies/freeze_2/annotation/repeat_masker/HG03139_hap2_hprc_r2_v1.RepeatMasker.bed
HG03470,hap1,s3://human-pangenomics/submissions/DC27718F-5F38-43B0-9A78-270F395F13E8--INT_ASM_PRODUCTION/HG03470/assemblies/freeze_2/annotation/repeat_masker/HG03470_hap1_hprc_r2_v1.RepeatMasker.bed
HG03470,hap2,s3://human-pangenomics/submissions/DC27718F-5F38-43B0-9A78-270F395F13E8--INT_ASM_PRODUCTION/HG03470/assemblies/freeze_2/annotation/repeat_masker/HG03470_hap2_hprc_r2_v1.RepeatMasker.bed
HG03579,hap1,s3://human-pangenomics/submissions/DC27718F-5F38-43B0-9A78-270F395F13E8--INT_ASM_PRODUCTION/HG03579/assemblies/freeze_2/annotation/repeat_masker/HG03579_pat_hprc_r2_v1.RepeatMasker.bed
HG03579,hap2,s3://human-pangenomics/submissions/DC27718F-5F38-43B0-9A78-270F395F13E8--INT_ASM_PRODUCTION/HG03579/assemblies/freeze_2/annotation/repeat_masker/HG03579_mat_hprc_r2_v1.RepeatMasker.bed
NA20805,hap1,s3://human-pangenomics/submissions/DC27718F-5F38-43B0-9A78-270F395F13E8--INT_ASM_PRODUCTION/NA20805/assemblies/freeze_2/annotation/repeat_masker/NA20805_hap1_hprc_r2_v1.RepeatMasker.bed
NA20805,hap2,s3://human-pangenomics/submissions/DC27718F-5F38-43B0-9A78-270F395F13E8--INT_ASM_PRODUCTION/NA20805/assemblies/freeze_2/annotation/repeat_masker/NA20805_hap2_hprc_r2_v1.RepeatMasker.bed
HG01109,hap1,s3://human-pangenomics/submissions/DC27718F-5F38-43B0-9A78-270F395F13E8--INT_ASM_PRODUCTION/HG01109/assemblies/freeze_2/annotation/repeat_masker/HG01109_pat_hprc_r2_v1.RepeatMasker.bed
HG01109,hap2,s3://human-pangenomics/submissions/DC27718F-5F38-43B0-9A78-270F395F13E8--INT_ASM_PRODUCTION/HG01109/assemblies/freeze_2/annotation/repeat_masker/HG01109_mat_hprc_r2_v1.RepeatMasker.bed
HG02055,hap1,s3://human-pangenomics/submissions/DC27718F-5F38-43B0-9A78-270F395F13E8--INT_ASM_PRODUCTION/HG02055/assemblies/freeze_2/annotation/repeat_masker/HG02055_pat_hprc_r2_v1.RepeatMasker.bed
HG02055,hap2,s3://human-pangenomics/submissions/DC27718F-5F38-43B0-9A78-270F395F13E8--INT_ASM_PRODUCTION/HG02055/assemblies/freeze_2/annotation/repeat_masker/HG02055_mat_hprc_r2_v1.RepeatMasker.bed
HG02080,hap1,s3://human-pangenomics/submissions/DC27718F-5F38-43B0-9A78-270F395F13E8--INT_ASM_PRODUCTION/HG02080/assemblies/freeze_2/annotation/repeat_masker/HG02080_pat_hprc_r2_v1.RepeatMasker.bed
HG02080,hap2,s3://human-pangenomics/submissions/DC27718F-5F38-43B0-9A78-270F395F13E8--INT_ASM_PRODUCTION/HG02080/assemblies/freeze_2/annotation/repeat_masker/HG02080_mat_hprc_r2_v1.RepeatMasker.bed
HG02109,hap1,s3://human-pangenomics/submissions/DC27718F-5F38-43B0-9A78-270F395F13E8--INT_ASM_PRODUCTION/HG02109/assemblies/freeze_2/annotation/repeat_masker/HG02109_pat_hprc_r2_v1.RepeatMasker.bed
HG02109,hap2,s3://human-pangenomics/submissions/DC27718F-5F38-43B0-9A78-270F395F13E8--INT_ASM_PRODUCTION/HG02109/assemblies/freeze_2/annotation/repeat_masker/HG02109_mat_hprc_r2_v1.RepeatMasker.bed
HG02723,hap1,s3://human-pangenomics/submissions/DC27718F-5F38-43B0-9A78-270F395F13E8--INT_ASM_PRODUCTION/HG02723/assemblies/freeze_2/annotation/repeat_masker/HG02723_pat_hprc_r2_v1.RepeatMasker.bed
HG02723,hap2,s3://human-pangenomics/submissions/DC27718F-5F38-43B0-9A78-270F395F13E8--INT_ASM_PRODUCTION/HG02723/assemblies/freeze_2/annotation/repeat_masker/HG02723_mat_hprc_r2_v1.RepeatMasker.bed
HG02818,hap1,s3://human-pangenomics/submissions/DC27718F-5F38-43B0-9A78-270F395F13E8--INT_ASM_PRODUCTION/HG02818/assemblies/freeze_2/annotation/repeat_masker/HG02818_pat_hprc_r2_v1.RepeatMasker.bed
HG02818,hap2,s3://human-pangenomics/submissions/DC27718F-5F38-43B0-9A78-270F395F13E8--INT_ASM_PRODUCTION/HG02818/assemblies/freeze_2/annotation/repeat_masker/HG02818_mat_hprc_r2_v1.RepeatMasker.bed
HG03098,hap1,s3://human-pangenomics/submissions/DC27718F-5F38-43B0-9A78-270F395F13E8--INT_ASM_PRODUCTION/HG03098/assemblies/freeze_2/annotation/repeat_masker/HG03098_pat_hprc_r2_v1.RepeatMasker.bed
HG03098,hap2,s3://human-pangenomics/submissions/DC27718F-5F38-43B0-9A78-270F395F13E8--INT_ASM_PRODUCTION/HG03098/assemblies/freeze_2/annotation/repeat_masker/HG03098_mat_hprc_r2_v1.RepeatMasker.bed
HG03486,hap1,s3://human-pangenomics/submissions/DC27718F-5F38-43B0-9A78-270F395F13E8--INT_ASM_PRODUCTION/HG03486/assemblies/freeze_2/annotation/repeat_masker/HG03486_pat_hprc_r2_v1.RepeatMasker.bed
HG03486,hap2,s3://human-pangenomics/submissions/DC27718F-5F38-43B0-9A78-270F395F13E8--INT_ASM_PRODUCTION/HG03486/assemblies/freeze_2/annotation/repeat_masker/HG03486_mat_hprc_r2_v1.RepeatMasker.bed
NA18906,hap1,s3://human-pangenomics/submissions/DC27718F-5F38-43B0-9A78-270F395F13E8--INT_ASM_PRODUCTION/NA18906/assemblies/freeze_2/annotation/repeat_masker/NA18906_pat_hprc_r2_v1.RepeatMasker.bed
NA18906,hap2,s3://human-pangenomics/submissions/DC27718F-5F38-43B0-9A78-270F395F13E8--INT_ASM_PRODUCTION/NA18906/assemblies/freeze_2/annotation/repeat_masker/NA18906_mat_hprc_r2_v1.RepeatMasker.bed
NA20129,hap1,s3://human-pangenomics/submissions/DC27718F-5F38-43B0-9A78-270F395F13E8--INT_ASM_PRODUCTION/NA20129/assemblies/freeze_2/annotation/repeat_masker/NA20129_pat_hprc_r2_v1.RepeatMasker.bed
NA20129,hap2,s3://human-pangenomics/submissions/DC27718F-5F38-43B0-9A78-270F395F13E8--INT_ASM_PRODUCTION/NA20129/assemblies/freeze_2/annotation/repeat_masker/NA20129_mat_hprc_r2_v1.RepeatMasker.bed
NA21309,hap1,s3://human-pangenomics/submissions/DC27718F-5F38-43B0-9A78-270F395F13E8--INT_ASM_PRODUCTION/NA21309/assemblies/freeze_2/annotation/repeat_masker/NA21309_pat_hprc_r2_v1.RepeatMasker.bed
NA21309,hap2,s3://human-pangenomics/submissions/DC27718F-5F38-43B0-9A78-270F395F13E8--INT_ASM_PRODUCTION/NA21309/assemblies/freeze_2/annotation/repeat_masker/NA21309_mat_hprc_r2_v1.RepeatMasker.bed
HG00097,hap1,s3://human-pangenomics/submissions/DC27718F-5F38-43B0-9A78-270F395F13E8--INT_ASM_PRODUCTION/HG00097/assemblies/freeze_2/annotation/repeat_masker/HG00097_hap1_hprc_r2_v1.RepeatMasker.bed
HG00097,hap2,s3://human-pangenomics/submissions/DC27718F-5F38-43B0-9A78-270F395F13E8--INT_ASM_PRODUCTION/HG00097/assemblies/freeze_2/annotation/repeat_masker/HG00097_hap2_hprc_r2_v1.RepeatMasker.bed
HG00235,hap1,s3://human-pangenomics/submissions/DC27718F-5F38-43B0-9A78-270F395F13E8--INT_ASM_PRODUCTION/HG00235/assemblies/freeze_2/annotation/repeat_masker/HG00235_hap1_hprc_r2_v1.RepeatMasker.bed
HG00235,hap2,s3://human-pangenomics/submissions/DC27718F-5F38-43B0-9A78-270F395F13E8--INT_ASM_PRODUCTION/HG00235/assemblies/freeze_2/annotation/repeat_masker/HG00235_hap2_hprc_r2_v1.RepeatMasker.bed
HG00253,hap1,s3://human-pangenomics/submissions/DC27718F-5F38-43B0-9A78-270F395F13E8--INT_ASM_PRODUCTION/HG00253/assemblies/freeze_2/annotation/repeat_masker/HG00253_hap1_hprc_r2_v1.RepeatMasker.bed
HG00253,hap2,s3://human-pangenomics/submissions/DC27718F-5F38-43B0-9A78-270F395F13E8--INT_ASM_PRODUCTION/HG00253/assemblies/freeze_2/annotation/repeat_masker/HG00253_hap2_hprc_r2_v1.RepeatMasker.bed
HG00272,hap1,s3://human-pangenomics/submissions/DC27718F-5F38-43B0-9A78-270F395F13E8--INT_ASM_PRODUCTION/HG00272/assemblies/freeze_2/annotation/repeat_masker/HG00272_hap1_hprc_r2_v1.RepeatMasker.bed
HG00272,hap2,s3://human-pangenomics/submissions/DC27718F-5F38-43B0-9A78-270F395F13E8--INT_ASM_PRODUCTION/HG00272/assemblies/freeze_2/annotation/repeat_masker/HG00272_hap2_hprc_r2_v1.RepeatMasker.bed
HG00329,hap1,s3://human-pangenomics/submissions/DC27718F-5F38-43B0-9A78-270F395F13E8--INT_ASM_PRODUCTION/HG00329/assemblies/freeze_2/annotation/repeat_masker/HG00329_hap1_hprc_r2_v1.RepeatMasker.bed
HG00329,hap2,s3://human-pangenomics/submissions/DC27718F-5F38-43B0-9A78-270F395F13E8--INT_ASM_PRODUCTION/HG00329/assemblies/freeze_2/annotation/repeat_masker/HG00329_hap2_hprc_r2_v1.RepeatMasker.bed
HG00344,hap1,s3://human-pangenomics/submissions/DC27718F-5F38-43B0-9A78-270F395F13E8--INT_ASM_PRODUCTION/HG00344/assemblies/freeze_2/annotation/repeat_masker/HG00344_hap1_hprc_r2_v1.RepeatMasker.bed
HG00344,hap2,s3://human-pangenomics/submissions/DC27718F-5F38-43B0-9A78-270F395F13E8--INT_ASM_PRODUCTION/HG00344/assemblies/freeze_2/annotation/repeat_masker/HG00344_hap2_hprc_r2_v1.RepeatMasker.bed
HG00350,hap1,s3://human-pangenomics/submissions/DC27718F-5F38-43B0-9A78-270F395F13E8--INT_ASM_PRODUCTION/HG00350/assemblies/freeze_2/annotation/repeat_masker/HG00350_hap1_hprc_r2_v1.RepeatMasker.bed
HG00350,hap2,s3://human-pangenomics/submissions/DC27718F-5F38-43B0-9A78-270F395F13E8--INT_ASM_PRODUCTION/HG00350/assemblies/freeze_2/annotation/repeat_masker/HG00350_hap2_hprc_r2_v1.RepeatMasker.bed
HG01167,hap1,s3://human-pangenomics/submissions/DC27718F-5F38-43B0-9A78-270F395F13E8--INT_ASM_PRODUCTION/HG01167/assemblies/freeze_2/annotation/repeat_masker/HG01167_hap1_hprc_r2_v1.RepeatMasker.bed
HG01167,hap2,s3://human-pangenomics/submissions/DC27718F-5F38-43B0-9A78-270F395F13E8--INT_ASM_PRODUCTION/HG01167/assemblies/freeze_2/annotation/repeat_masker/HG01167_hap2_hprc_r2_v1.RepeatMasker.bed
HG03369,hap1,s3://human-pangenomics/submissions/DC27718F-5F38-43B0-9A78-270F395F13E8--INT_ASM_PRODUCTION/HG03369/assemblies/freeze_2/annotation/repeat_masker/HG03369_hap1_hprc_r2_v1.RepeatMasker.bed
HG03369,hap2,s3://human-pangenomics/submissions/DC27718F-5F38-43B0-9A78-270F395F13E8--INT_ASM_PRODUCTION/HG03369/assemblies/freeze_2/annotation/repeat_masker/HG03369_hap2_hprc_r2_v1.RepeatMasker.bed
HG03521,hap1,s3://human-pangenomics/submissions/DC27718F-5F38-43B0-9A78-270F395F13E8--INT_ASM_PRODUCTION/HG03521/assemblies/freeze_2/annotation/repeat_masker/HG03521_hap1_hprc_r2_v1.RepeatMasker.bed
HG03521,hap2,s3://human-pangenomics/submissions/DC27718F-5F38-43B0-9A78-270F395F13E8--INT_ASM_PRODUCTION/HG03521/assemblies/freeze_2/annotation/repeat_masker/HG03521_hap2_hprc_r2_v1.RepeatMasker.bed
HG03784,hap1,s3://human-pangenomics/submissions/DC27718F-5F38-43B0-9A78-270F395F13E8--INT_ASM_PRODUCTION/HG03784/assemblies/freeze_2/annotation/repeat_masker/HG03784_hap1_hprc_r2_v1.RepeatMasker.bed
HG03784,hap2,s3://human-pangenomics/submissions/DC27718F-5F38-43B0-9A78-270F395F13E8--INT_ASM_PRODUCTION/HG03784/assemblies/freeze_2/annotation/repeat_masker/HG03784_hap2_hprc_r2_v1.RepeatMasker.bed
NA18565,hap1,s3://human-pangenomics/submissions/DC27718F-5F38-43B0-9A78-270F395F13E8--INT_ASM_PRODUCTION/NA18565/assemblies/freeze_2/annotation/repeat_masker/NA18565_hap1_hprc_r2_v1.RepeatMasker.bed
NA18565,hap2,s3://human-pangenomics/submissions/DC27718F-5F38-43B0-9A78-270F395F13E8--INT_ASM_PRODUCTION/NA18565/assemblies/freeze_2/annotation/repeat_masker/NA18565_hap2_hprc_r2_v1.RepeatMasker.bed
NA19682,hap1,s3://human-pangenomics/submissions/DC27718F-5F38-43B0-9A78-270F395F13E8--INT_ASM_PRODUCTION/NA19682/assemblies/freeze_2/annotation/repeat_masker/NA19682_hap1_hprc_r2_v1.RepeatMasker.bed
NA19682,hap2,s3://human-pangenomics/submissions/DC27718F-5F38-43B0-9A78-270F395F13E8--INT_ASM_PRODUCTION/NA19682/assemblies/freeze_2/annotation/repeat_masker/NA19682_hap2_hprc_r2_v1.RepeatMasker.bed
NA19776,hap1,s3://human-pangenomics/submissions/DC27718F-5F38-43B0-9A78-270F395F13E8--INT_ASM_PRODUCTION/NA19776/assemblies/freeze_2/annotation/repeat_masker/NA19776_hap1_hprc_r2_v1.RepeatMasker.bed
NA19776,hap2,s3://human-pangenomics/submissions/DC27718F-5F38-43B0-9A78-270F395F13E8--INT_ASM_PRODUCTION/NA19776/assemblies/freeze_2/annotation/repeat_masker/NA19776_hap2_hprc_r2_v1.RepeatMasker.bed
NA19835,hap1,s3://human-pangenomics/submissions/DC27718F-5F38-43B0-9A78-270F395F13E8--INT_ASM_PRODUCTION/NA19835/assemblies/freeze_2/annotation/repeat_masker/NA19835_hap1_hprc_r2_v1.RepeatMasker.bed
NA19835,hap2,s3://human-pangenomics/submissions/DC27718F-5F38-43B0-9A78-270F395F13E8--INT_ASM_PRODUCTION/NA19835/assemblies/freeze_2/annotation/repeat_masker/NA19835_hap2_hprc_r2_v1.RepeatMasker.bed
NA19909,hap1,s3://human-pangenomics/submissions/DC27718F-5F38-43B0-9A78-270F395F13E8--INT_ASM_PRODUCTION/NA19909/assemblies/freeze_2/annotation/repeat_masker/NA19909_hap1_hprc_r2_v1.RepeatMasker.bed
NA19909,hap2,s3://human-pangenomics/submissions/DC27718F-5F38-43B0-9A78-270F395F13E8--INT_ASM_PRODUCTION/NA19909/assemblies/freeze_2/annotation/repeat_masker/NA19909_hap2_hprc_r2_v1.RepeatMasker.bed
NA20282,hap1,s3://human-pangenomics/submissions/DC27718F-5F38-43B0-9A78-270F395F13E8--INT_ASM_PRODUCTION/NA20282/assemblies/freeze_2/annotation/repeat_masker/NA20282_hap1_hprc_r2_v1.RepeatMasker.bed
NA20282,hap2,s3://human-pangenomics/submissions/DC27718F-5F38-43B0-9A78-270F395F13E8--INT_ASM_PRODUCTION/NA20282/assemblies/freeze_2/annotation/repeat_masker/NA20282_hap2_hprc_r2_v1.RepeatMasker.bed
NA20346,hap1,s3://human-pangenomics/submissions/DC27718F-5F38-43B0-9A78-270F395F13E8--INT_ASM_PRODUCTION/NA20346/assemblies/freeze_2/annotation/repeat_masker/NA20346_hap1_hprc_r2_v1.RepeatMasker.bed
NA20346,hap2,s3://human-pangenomics/submissions/DC27718F-5F38-43B0-9A78-270F395F13E8--INT_ASM_PRODUCTION/NA20346/assemblies/freeze_2/annotation/repeat_masker/NA20346_hap2_hprc_r2_v1.RepeatMasker.bed
NA20809,hap1,s3://human-pangenomics/submissions/DC27718F-5F38-43B0-9A78-270F395F13E8--INT_ASM_PRODUCTION/NA20809/assemblies/freeze_2/annotation/repeat_masker/NA20809_hap1_hprc_r2_v1.RepeatMasker.bed
NA20809,hap2,s3://human-pangenomics/submissions/DC27718F-5F38-43B0-9A78-270F395F13E8--INT_ASM_PRODUCTION/NA20809/assemblies/freeze_2/annotation/repeat_masker/NA20809_hap2_hprc_r2_v1.RepeatMasker.bed
NA20850,hap1,s3://human-pangenomics/submissions/DC27718F-5F38-43B0-9A78-270F395F13E8--INT_ASM_PRODUCTION/NA20850/assemblies/freeze_2/annotation/repeat_masker/NA20850_hap1_hprc_r2_v1.RepeatMasker.bed
NA20850,hap2,s3://human-pangenomics/submissions/DC27718F-5F38-43B0-9A78-270F395F13E8--INT_ASM_PRODUCTION/NA20850/assemblies/freeze_2/annotation/repeat_masker/NA20850_hap2_hprc_r2_v1.RepeatMasker.bed
NA21102,hap1,s3://human-pangenomics/submissions/DC27718F-5F38-43B0-9A78-270F395F13E8--INT_ASM_PRODUCTION/NA21102/assemblies/freeze_2/annotation/repeat_masker/NA21102_hap1_hprc_r2_v1.RepeatMasker.bed
NA21102,hap2,s3://human-pangenomics/submissions/DC27718F-5F38-43B0-9A78-270F395F13E8--INT_ASM_PRODUCTION/NA21102/assemblies/freeze_2/annotation/repeat_masker/NA21102_hap2_hprc_r2_v1.RepeatMasker.bed
NA21144,hap1,s3://human-pangenomics/submissions/DC27718F-5F38-43B0-9A78-270F395F13E8--INT_ASM_PRODUCTION/NA21144/assemblies/freeze_2/annotation/repeat_masker/NA21144_hap1_hprc_r2_v1.RepeatMasker.bed
NA21144,hap2,s3://human-pangenomics/submissions/DC27718F-5F38-43B0-9A78-270F395F13E8--INT_ASM_PRODUCTION/NA21144/assemblies/freeze_2/annotation/repeat_masker/NA21144_hap2_hprc_r2_v1.RepeatMasker.bed
