sample_id,assembly_hap1,assembly_hap2,cenSatAnnotations_hap1,cenSatAnnotations_hap2,censat_diploid_bed,additional_annotations_array,filetype,filename,read_files,data_type,production,coverage,deepconsensus_coverage,deepconsensus_filename,deepconsensus_path,ccs_algorithm,DeepConsensus_version,study,title,accession,bioproject_accession,biosample_accession,design_description,notes,generator_contact,generator_facility,library_ID,library_strategy,library_source,library_selection,library_layout,shear_method,size_selection,platform,instrument_model,seq_plate_chemistry_version,polymerase_version,total_reads,total_bp,total_Gbp,mean,min,max,N25,N50,N75,quartile_25,quartile_50,quartile_75,ntsm_score,MM_tag,primrose_filename,MM_review,MM_remove,lima_version,lima_float_version,total_coverage,number_of_read_files,number_of_cores_per_task,mapper_preset,kmer_size,hmm_flagger_preset,read_files_downsampled,total_coverage_downsampled,number_of_read_files_downsampled,number_of_cores_per_task_downsampled
HG02027,s3://human-pangenomics/submissions/DC27718F-5F38-43B0-9A78-270F395F13E8--INT_ASM_PRODUCTION/HG02027/assemblies/freeze_2/HG02027_pat_hprc_r2_v1.0.1.fa.gz,s3://human-pangenomics/submissions/DC27718F-5F38-43B0-9A78-270F395F13E8--INT_ASM_PRODUCTION/HG02027/assemblies/freeze_2/HG02027_mat_hprc_r2_v1.0.1.fa.gz,https://s3-us-west-2.amazonaws.com/human-pangenomics/submissions/DC27718F-5F38-43B0-9A78-270F395F13E8--INT_ASM_PRODUCTION/HG02027/assemblies/freeze_2/annotation/censat/HG02027_pat_hprc_r2_v1.0.1.cenSat.bed,https://s3-us-west-2.amazonaws.com/human-pangenomics/submissions/DC27718F-5F38-43B0-9A78-270F395F13E8--INT_ASM_PRODUCTION/HG02027/assemblies/freeze_2/annotation/censat/HG02027_mat_hprc_r2_v1.0.1.cenSat.bed,/private/groups/hprc/qc_hmm_flagger/hprc_intermediate_assembly/assembly_qc/batch3/hmm_flagger/diploid_censat_beds/HG02027_dip_hprc_r2_v1.cenSat.bed,['/private/groups/hprc/qc_hmm_flagger/hprc_intermediate_assembly/assembly_qc/batch3/hmm_flagger/diploid_censat_beds/HG02027_dip_hprc_r2_v1.cenSat.rDNA.bed'],"['bam', 'bam', 'bam', 'bam', 'bam', 'bam']","['m84081_231117_211338_s4.hifi_reads.bc2081.bam', 'm84081_231119_032407_s4.hifi_reads.bc2081.bam', 'm64136_210205_190622.hifi_reads.bam', 'm64136_210207_012053.hifi_reads.bam', 'm64136_210209_184241.hifi_reads.bam', 'm64136_210211_010151.hifi_reads.bam']","['s3://human-pangenomics/working/HPRC/HG02027/raw_data/PacBio_HiFi/m84081_231117_211338_s4.hifi_reads.bc2081.bam', 's3://human-pangenomics/working/HPRC/HG02027/raw_data/PacBio_HiFi/m84081_231119_032407_s4.hifi_reads.bc2081.bam', 's3://human-pangenomics/working/HPRC/HG02027/raw_data/PacBio_HiFi/m64136_210205_190622.hifi_reads.bam', 's3://human-pangenomics/working/HPRC/HG02027/raw_data/PacBio_HiFi/m64136_210207_012053.hifi_reads.bam', 's3://human-pangenomics/working/HPRC/HG02027/raw_data/PacBio_HiFi/m64136_210209_184241.hifi_reads.bam', 's3://human-pangenomics/working/HPRC/HG02027/raw_data/PacBio_HiFi/m64136_210211_010151.hifi_reads.bam']","['unaligned reads', 'unaligned reads', nan, nan, nan, nan]","['WUSTL_HPRC_HiFi_Year2_TopUp', 'WUSTL_HPRC_HiFi_Year2_TopUp', 'WUSTL_HPRC_HiFi_Year2', 'WUSTL_HPRC_HiFi_Year2', 'WUSTL_HPRC_HiFi_Year2', 'WUSTL_HPRC_HiFi_Year2']","[9.2, 8.9, 11.1, 10.3, 10.8, 10.6]","[nan, nan, 13.01, 12.15, 12.25, 12.13]","[nan, nan, 'HG02027.m64136_210205_190622.dc.q20.fastq.gz', 'HG02027.m64136_210207_012053.dc.q20.fastq.gz', 'HG02027.m64136_210209_184241.dc.q20.fastq.gz', 'HG02027.m64136_210211_010151.dc.q20.fastq.gz']","[nan, nan, 's3://human-pangenomics/working/HPRC/HG02027/raw_data/PacBio_HiFi/deepconsensus/v1pt2/HG02027.m64136_210205_190622.dc.q20.fastq.gz', 's3://human-pangenomics/working/HPRC/HG02027/raw_data/PacBio_HiFi/deepconsensus/v1pt2/HG02027.m64136_210207_012053.dc.q20.fastq.gz', 's3://human-pangenomics/working/HPRC/HG02027/raw_data/PacBio_HiFi/deepconsensus/v1pt2/HG02027.m64136_210209_184241.dc.q20.fastq.gz', 's3://human-pangenomics/working/HPRC/HG02027/raw_data/PacBio_HiFi/deepconsensus/v1pt2/HG02027.m64136_210211_010151.dc.q20.fastq.gz']","['7.0.0', '7.0.0', '6.0.0', '6.0.0', '6.0.0', '6.0.0']","[nan, nan, nan, nan, nan, nan]","['SRP305758', 'SRP305758', 'SRP305758', 'SRP305758', 'SRP305758', 'SRP305758']","[nan, nan, nan, nan, nan, nan]","['SRR30545921', 'SRR30545919', 'SRR18189659', 'SRR18189659', 'SRR18189659', 'SRR18189659']","['PRJNA701308', 'PRJNA701308', 'PRJNA701308', 'PRJNA701308', 'PRJNA701308', 'PRJNA701308']","['SAMN26237503', 'SAMN26237503', 'SAMN26237503', 'SAMN26237503', 'SAMN26237503', 'SAMN26237503']","['HiFi sequencing of 20kb fractionated gDNA', 'HiFi sequencing of 20kb fractionated gDNA', 'HiFi sequencing of 20kb fractionated gDNA', 'HiFi sequencing of 20kb fractionated gDNA', 'HiFi sequencing of 20kb fractionated gDNA', 'HiFi sequencing of 20kb fractionated gDNA']","[nan, nan, nan, nan, nan, nan]","['tgraves@wustl.edu', 'tgraves@wustl.edu', 'tgraves@wustl.edu', 'tgraves@wustl.edu', 'tgraves@wustl.edu', 'tgraves@wustl.edu']","['Washington University', 'Washington University', 'Washington University', 'Washington University', 'Washington University', 'Washington University']","['HG02027_lib1_m84081_231117_211338_s4', 'HG02027_lib1_m84081_231119_032407_s4', 'HG02027_lib1', 'HG02027_lib1', 'HG02027_lib1', 'HG02027_lib1']","['WGS', 'WGS', 'WGS', 'WGS', 'WGS', 'WGS']","['GENOMIC', 'GENOMIC', 'GENOMIC', 'GENOMIC', 'GENOMIC', 'GENOMIC']","['size fractionation', 'size fractionation', 'size fractionation', 'size fractionation', 'size fractionation', 'size fractionation']","['single', 'single', 'single', 'single', 'single', 'single']","['Megaruptor 1', 'Megaruptor 1', 'Megaruptor 1', 'Megaruptor 1', 'Megaruptor 1', 'Megaruptor 1']","['SageELF', 'SageELF', 'SageELF', 'SageELF', 'SageELF', 'SageELF']","['PACBIO_SMRT', 'PACBIO_SMRT', 'PACBIO_SMRT', 'PACBIO_SMRT', 'PACBIO_SMRT', 'PACBIO_SMRT']","['Revio', 'Revio', 'Sequel II', 'Sequel II', 'Sequel II', 'Sequel II']","['Revio C1', 'Revio C1', 'C2', 'C2', 'C2', 'C2']","['Revio P1', 'Revio P1', 'P2.2', 'P2.2', 'P2.2', 'P2.2']","[1417952, 1386086, 1796742, 1654569, 1742953, 1688620]","[28486046392, 27723436595, 34463464135, 31820631982, 33394650011, 32977753701]","[28.49, 27.72, 34.46, 31.82, 33.39, 32.98]","[20089, 20001, 19181, 19231, 19159, 19529]","[146.0, 116.0, 50.0, 61.0, 45.0, 48.0]","[62955.0, 60932.0, 59462.0, 55858.0, 53960.0, 47891.0]","[17721, 17652, 17361, 17386, 17344, 17577]","[20122, 20028, 18842, 18891, 18825, 19163]","[23397, 23278, 21069, 21167, 21046, 21640]","[17198, 17137, 17116, 17137, 17101, 17310]","[19345, 19254, 18474, 18510, 18456, 18748]","[22299, 22198, 20391, 20467, 20372, 20835]","[0.583117, 0.5872649999999999, nan, nan, nan, nan]","[True, True, True, True, True, True]","[nan, nan, 'm64136_210205_190622.5mc.hifi_reads.bam', 'm64136_210207_012053.5mc.hifi_reads.bam', 'm64136_210209_184241.5mc.hifi_reads.bam', 'm64136_210211_010151.5mc.hifi_reads.bam']","[True, True, False, False, False, False]","[False, False, False, False, False, False]","['2.7.1', '2.7.1', nan, nan, nan, nan]","[2.0701, 2.0701, nan, nan, nan, nan]",60.9,6,10,lr:hqae,25,hifi,"['s3://human-pangenomics/working/HPRC/HG02027/raw_data/PacBio_HiFi/m64136_210205_190622.hifi_reads.bam', 's3://human-pangenomics/working/HPRC/HG02027/raw_data/PacBio_HiFi/m64136_210209_184241.hifi_reads.bam', 's3://human-pangenomics/working/HPRC/HG02027/raw_data/PacBio_HiFi/m64136_210211_010151.hifi_reads.bam', 's3://human-pangenomics/working/HPRC/HG02027/raw_data/PacBio_HiFi/m64136_210207_012053.hifi_reads.bam', 's3://human-pangenomics/working/HPRC/HG02027/raw_data/PacBio_HiFi/m84081_231117_211338_s4.hifi_reads.bc2081.bam', 's3://human-pangenomics/working/HPRC/HG02027/raw_data/PacBio_HiFi/m84081_231119_032407_s4.hifi_reads.bc2081.bam']",60.9,6,10
HG01786,s3://human-pangenomics/submissions/DC27718F-5F38-43B0-9A78-270F395F13E8--INT_ASM_PRODUCTION/HG01786/assemblies/freeze_2/HG01786_hap1_hprc_r2_v1.0.1.fa.gz,s3://human-pangenomics/submissions/DC27718F-5F38-43B0-9A78-270F395F13E8--INT_ASM_PRODUCTION/HG01786/assemblies/freeze_2/HG01786_hap2_hprc_r2_v1.0.1.fa.gz,https://s3-us-west-2.amazonaws.com/human-pangenomics/submissions/DC27718F-5F38-43B0-9A78-270F395F13E8--INT_ASM_PRODUCTION/HG01786/assemblies/freeze_2/annotation/censat/HG01786_hap1_hprc_r2_v1.0.1.cenSat.bed,https://s3-us-west-2.amazonaws.com/human-pangenomics/submissions/DC27718F-5F38-43B0-9A78-270F395F13E8--INT_ASM_PRODUCTION/HG01786/assemblies/freeze_2/annotation/censat/HG01786_hap2_hprc_r2_v1.0.1.cenSat.bed,/private/groups/hprc/qc_hmm_flagger/hprc_intermediate_assembly/assembly_qc/batch3/hmm_flagger/diploid_censat_beds/HG01786_dip_hprc_r2_v1.cenSat.bed,['/private/groups/hprc/qc_hmm_flagger/hprc_intermediate_assembly/assembly_qc/batch3/hmm_flagger/diploid_censat_beds/HG01786_dip_hprc_r2_v1.cenSat.rDNA.bed'],"['bam', 'bam']","['m84081_230616_172650_s1.hifi_reads.bc2012.bam', 'm84081_230616_175717_s2.hifi_reads.bc2012.bam']","['s3://human-pangenomics/working/HPRC/HG01786/raw_data/PacBio_HiFi/m84081_230616_172650_s1.hifi_reads.bc2012.bam', 's3://human-pangenomics/working/HPRC/HG01786/raw_data/PacBio_HiFi/m84081_230616_175717_s2.hifi_reads.bc2012.bam']","['unaligned reads', 'unaligned reads']","['WUSTL_HPRC_HiFi_Year4', 'WUSTL_HPRC_HiFi_Year4']","[36.5, 37.1]","[nan, nan]","[nan, nan]","[nan, nan]","['7.0.0', '7.0.0']","[nan, nan]","[nan, nan]","[nan, nan]","['SRR29396901', 'SRR29396900']","['PRJNA701308', 'PRJNA701308']","['SAMN41021633', 'SAMN41021633']","['sequencing of 20 kb fractionated', 'sequencing of 20 kb fractionated']","[nan, nan]","['tgraves@wustl.edu', 'tgraves@wustl.edu']","['Washington University ', 'Washington University ']","['HG01786_lib1_m84081_230616_172650_s1_m84081_230616_172650_s1', 'HG01786_lib1_m84081_230616_175717_s2_m84081_230616_175717_s2']","['WGS', 'WGS']","['GENOMIC', 'GENOMIC']","['size fractionation', 'size fractionation']","['single', 'single']","['Megaruptor 1', 'Megaruptor 1']","['SageELF', 'SageELF']","['PACBIO_SMRT', 'PACBIO_SMRT']","['Revio', 'Revio']","['Revio C1', 'Revio C1']","['Revio P1', 'Revio P1']","[6312457, 6402094]","[112999869409, 114898048594]","[113.0, 114.9]","[17901, 17946]","[196.0, 67.0]","[50578.0, 59847.0]","[16076, 16115]","[18208, 18250]","[20275, 20321]","[15623, 15658]","[17685, 17729]","[19754, 19799]","[0.511185, 0.536563]","[True, True]","[nan, nan]","[True, True]","[False, False]","['2.7.1', '2.7.1']","[2.0701, 2.0701]",73.6,2,32,lr:hqae,25,hifi,"['s3://human-pangenomics/working/HPRC/HG01786/raw_data/PacBio_HiFi/m84081_230616_175717_s2.hifi_reads.bc2012.bam', 's3://human-pangenomics/working/HPRC/HG01786/raw_data/PacBio_HiFi/m84081_230616_172650_s1.hifi_reads.bc2012.bam']",73.6,2,32
HG00733,s3://human-pangenomics/submissions/DC27718F-5F38-43B0-9A78-270F395F13E8--INT_ASM_PRODUCTION/HG00733/assemblies/freeze_2/HG00733_pat_hprc_r2_v1.0.1.fa.gz,s3://human-pangenomics/submissions/DC27718F-5F38-43B0-9A78-270F395F13E8--INT_ASM_PRODUCTION/HG00733/assemblies/freeze_2/HG00733_mat_hprc_r2_v1.0.1.fa.gz,https://s3-us-west-2.amazonaws.com/human-pangenomics/submissions/DC27718F-5F38-43B0-9A78-270F395F13E8--INT_ASM_PRODUCTION/HG00733/assemblies/freeze_2/annotation/censat/HG00733_pat_hprc_r2_v1.0.1.cenSat.bed,https://s3-us-west-2.amazonaws.com/human-pangenomics/submissions/DC27718F-5F38-43B0-9A78-270F395F13E8--INT_ASM_PRODUCTION/HG00733/assemblies/freeze_2/annotation/censat/HG00733_mat_hprc_r2_v1.0.1.cenSat.bed,/private/groups/hprc/qc_hmm_flagger/hprc_intermediate_assembly/assembly_qc/batch3/hmm_flagger/diploid_censat_beds/HG00733_dip_hprc_r2_v1.cenSat.bed,['/private/groups/hprc/qc_hmm_flagger/hprc_intermediate_assembly/assembly_qc/batch3/hmm_flagger/diploid_censat_beds/HG00733_dip_hprc_r2_v1.cenSat.rDNA.bed'],"[nan, nan, nan, nan, nan]","['m64076_211218_173901.hifi_reads.bam', 'm64076_211214_012715.hifi_reads.bam', 'm64076_211217_081943.hifi_reads.bam', 'm64076_211215_225159.hifi_reads.bam', 'm64076_211221_015212.hifi_reads.bam']","['s3://human-pangenomics/working/HPRC_PLUS/HG00733/raw_data/PacBio_HiFi/m64076_211218_173901.hifi_reads.bam', 's3://human-pangenomics/working/HPRC_PLUS/HG00733/raw_data/PacBio_HiFi/m64076_211214_012715.hifi_reads.bam', 's3://human-pangenomics/working/HPRC_PLUS/HG00733/raw_data/PacBio_HiFi/m64076_211217_081943.hifi_reads.bam', 's3://human-pangenomics/working/HPRC_PLUS/HG00733/raw_data/PacBio_HiFi/m64076_211215_225159.hifi_reads.bam', 's3://human-pangenomics/working/HPRC_PLUS/HG00733/raw_data/PacBio_HiFi/m64076_211221_015212.hifi_reads.bam']","[nan, nan, nan, nan, nan]","['HG00733_T2T_UW_HiFi_ONT', 'HG00733_T2T_UW_HiFi_ONT', 'HG00733_T2T_UW_HiFi_ONT', 'HG00733_T2T_UW_HiFi_ONT', 'HG00733_T2T_UW_HiFi_ONT']","[13.4, 12.7, 13.9, 12.9, 13.2]","[nan, nan, nan, nan, nan]","[nan, nan, nan, nan, nan]","[nan, nan, nan, nan, nan]","[nan, nan, nan, nan, nan]","[nan, nan, nan, nan, nan]","[nan, nan, nan, nan, nan]","[nan, nan, nan, nan, nan]","[nan, nan, nan, nan, nan]","[nan, nan, nan, nan, nan]","[nan, nan, nan, nan, nan]","[nan, nan, nan, nan, nan]","[nan, nan, nan, nan, nan]","[nan, nan, nan, nan, nan]","[nan, nan, nan, nan, nan]","[nan, nan, nan, nan, nan]","[nan, nan, nan, nan, nan]","[nan, nan, nan, nan, nan]","[nan, nan, nan, nan, nan]","[nan, nan, nan, nan, nan]","[nan, nan, nan, nan, nan]","[nan, nan, nan, nan, nan]","[nan, nan, nan, nan, nan]","[nan, nan, nan, nan, nan]","[nan, nan, nan, nan, nan]","[nan, nan, nan, nan, nan]","[2055044, 1943753, 2129673, 1998994, 2044212]","[41456239442, 39252655500, 42997158393, 39999489758, 41058895922]","[41.46, 39.25, 43.0, 40.0, 41.06]","[20172, 20194, 20189, 20009, 20085]","[46.0, 86.0, 47.0, 46.0, 50.0]","[66975.0, 62248.0, 64697.0, 61313.0, 60852.0]","[17234, 17256, 17250, 17098, 17161]","[20599, 20627, 20613, 20403, 20489]","[24763, 24800, 24783, 24522, 24640]","[16313, 16325, 16326, 16205, 16252]","[19261, 19289, 19275, 19098, 19171]","[23128, 23157, 23150, 22901, 23005]","[0.563258, 0.555214, 0.589955, 0.5654819999999999, 0.5445270000000001]","[False, False, False, False, False]","[nan, nan, nan, nan, nan]","[False, False, False, False, False]","[False, False, False, False, False]","[nan, nan, nan, nan, nan]","[nan, nan, nan, nan, nan]",66.1,5,12,lr:hqae,25,hifi,"['s3://human-pangenomics/working/HPRC_PLUS/HG00733/raw_data/PacBio_HiFi/m64076_211217_081943.hifi_reads.bam', 's3://human-pangenomics/working/HPRC_PLUS/HG00733/raw_data/PacBio_HiFi/m64076_211218_173901.hifi_reads.bam', 's3://human-pangenomics/working/HPRC_PLUS/HG00733/raw_data/PacBio_HiFi/m64076_211221_015212.hifi_reads.bam', 's3://human-pangenomics/working/HPRC_PLUS/HG00733/raw_data/PacBio_HiFi/m64076_211215_225159.hifi_reads.bam', 's3://human-pangenomics/working/HPRC_PLUS/HG00733/raw_data/PacBio_HiFi/m64076_211214_012715.hifi_reads.bam']",66.1,5,12
NA18940,s3://human-pangenomics/submissions/DC27718F-5F38-43B0-9A78-270F395F13E8--INT_ASM_PRODUCTION/NA18940/assemblies/freeze_2/NA18940_hap1_hprc_r2_v1.0.1.fa.gz,s3://human-pangenomics/submissions/DC27718F-5F38-43B0-9A78-270F395F13E8--INT_ASM_PRODUCTION/NA18940/assemblies/freeze_2/NA18940_hap2_hprc_r2_v1.0.1.fa.gz,https://s3-us-west-2.amazonaws.com/human-pangenomics/submissions/DC27718F-5F38-43B0-9A78-270F395F13E8--INT_ASM_PRODUCTION/NA18940/assemblies/freeze_2/annotation/censat/NA18940_hap1_hprc_r2_v1.0.1.cenSat.bed,https://s3-us-west-2.amazonaws.com/human-pangenomics/submissions/DC27718F-5F38-43B0-9A78-270F395F13E8--INT_ASM_PRODUCTION/NA18940/assemblies/freeze_2/annotation/censat/NA18940_hap2_hprc_r2_v1.0.1.cenSat.bed,/private/groups/hprc/qc_hmm_flagger/hprc_intermediate_assembly/assembly_qc/batch3/hmm_flagger/diploid_censat_beds/NA18940_dip_hprc_r2_v1.cenSat.bed,['/private/groups/hprc/qc_hmm_flagger/hprc_intermediate_assembly/assembly_qc/batch3/hmm_flagger/diploid_censat_beds/NA18940_dip_hprc_r2_v1.cenSat.rDNA.bed'],"[nan, nan, nan, nan]","['NA18940-m64121_230104_025826.hifi_reads.fastq.gz', 'NA18940-m64121_230105_120445.hifi_reads.fastq.gz', 'NA18940-m64121_230106_211525.hifi_reads.fastq.gz', 'NA18940-m64121_230108_062334.hifi_reads.fastq.gz']","['s3://human-pangenomics/submissions/B25289BC-5C70-4C42-B2EC-6E742BC82EE1--AMED_HPRC_collaboration/NA18940/raw_data/PacBio_HiFi/m64121_230104_025826.hifi_reads.fastq.gz', 's3://human-pangenomics/submissions/B25289BC-5C70-4C42-B2EC-6E742BC82EE1--AMED_HPRC_collaboration/NA18940/raw_data/PacBio_HiFi/m64121_230105_120445.hifi_reads.fastq.gz', 's3://human-pangenomics/submissions/B25289BC-5C70-4C42-B2EC-6E742BC82EE1--AMED_HPRC_collaboration/NA18940/raw_data/PacBio_HiFi/m64121_230106_211525.hifi_reads.fastq.gz', 's3://human-pangenomics/submissions/B25289BC-5C70-4C42-B2EC-6E742BC82EE1--AMED_HPRC_collaboration/NA18940/raw_data/PacBio_HiFi/m64121_230108_062334.hifi_reads.fastq.gz']","[nan, nan, nan, nan]","['HPRC_AMED', 'HPRC_AMED', 'HPRC_AMED', 'HPRC_AMED']","[9.2, 11.1, 9.5, 10.2]","[nan, nan, nan, nan]","[nan, nan, nan, nan]","[nan, nan, nan, nan]","[nan, nan, nan, nan]","[nan, nan, nan, nan]","[nan, nan, nan, nan]","[nan, nan, nan, nan]","[nan, nan, nan, nan]","[nan, nan, nan, nan]","[nan, nan, nan, nan]","[nan, nan, nan, nan]","[nan, nan, nan, nan]","[nan, nan, nan, nan]","[nan, nan, nan, nan]","[nan, nan, nan, nan]","[nan, nan, nan, nan]","[nan, nan, nan, nan]","[nan, nan, nan, nan]","[nan, nan, nan, nan]","[nan, nan, nan, nan]","[nan, nan, nan, nan]","[nan, nan, nan, nan]","[nan, nan, nan, nan]","[nan, nan, nan, nan]","[nan, nan, nan, nan]","[2220038, 2592229, 2334921, 2345823]","[28566127342, 34433136727, 29540741864, 31598442719]","[28.57, 34.43, 29.54, 31.6]","[12867, 13283, 12651, 13470]","[139.0, 197.0, 170.0, 98.0]","[64881.0, 65792.0, 62054.0, 68047.0]","[11069, 11842, 10599, 11823]","[20548, 20911, 20078, 20679]","[27316, 27531, 26890, 27290]","[4897, 5056, 4934, 5326]","[8819, 9488, 8718, 9905]","[19832, 20460, 19355, 20440]","[0.572575, 0.5811149999999999, 0.561492, 0.572721]","[False, False, False, False]","[nan, nan, nan, nan]","[False, False, False, False]","[False, False, False, False]","[nan, nan, nan, nan]","[nan, nan, nan, nan]",40.0,4,16,lr:hqae,25,hifi,"['s3://human-pangenomics/submissions/B25289BC-5C70-4C42-B2EC-6E742BC82EE1--AMED_HPRC_collaboration/NA18940/raw_data/PacBio_HiFi/m64121_230105_120445.hifi_reads.fastq.gz', 's3://human-pangenomics/submissions/B25289BC-5C70-4C42-B2EC-6E742BC82EE1--AMED_HPRC_collaboration/NA18940/raw_data/PacBio_HiFi/m64121_230108_062334.hifi_reads.fastq.gz', 's3://human-pangenomics/submissions/B25289BC-5C70-4C42-B2EC-6E742BC82EE1--AMED_HPRC_collaboration/NA18940/raw_data/PacBio_HiFi/m64121_230106_211525.hifi_reads.fastq.gz', 's3://human-pangenomics/submissions/B25289BC-5C70-4C42-B2EC-6E742BC82EE1--AMED_HPRC_collaboration/NA18940/raw_data/PacBio_HiFi/m64121_230104_025826.hifi_reads.fastq.gz']",40.0,4,16
NA18943,s3://human-pangenomics/submissions/DC27718F-5F38-43B0-9A78-270F395F13E8--INT_ASM_PRODUCTION/NA18943/assemblies/freeze_2/NA18943_hap1_hprc_r2_v1.0.1.fa.gz,s3://human-pangenomics/submissions/DC27718F-5F38-43B0-9A78-270F395F13E8--INT_ASM_PRODUCTION/NA18943/assemblies/freeze_2/NA18943_hap2_hprc_r2_v1.0.1.fa.gz,https://s3-us-west-2.amazonaws.com/human-pangenomics/submissions/DC27718F-5F38-43B0-9A78-270F395F13E8--INT_ASM_PRODUCTION/NA18943/assemblies/freeze_2/annotation/censat/NA18943_hap1_hprc_r2_v1.0.1.cenSat.bed,https://s3-us-west-2.amazonaws.com/human-pangenomics/submissions/DC27718F-5F38-43B0-9A78-270F395F13E8--INT_ASM_PRODUCTION/NA18943/assemblies/freeze_2/annotation/censat/NA18943_hap2_hprc_r2_v1.0.1.cenSat.bed,/private/groups/hprc/qc_hmm_flagger/hprc_intermediate_assembly/assembly_qc/batch3/hmm_flagger/diploid_censat_beds/NA18943_dip_hprc_r2_v1.cenSat.bed,['/private/groups/hprc/qc_hmm_flagger/hprc_intermediate_assembly/assembly_qc/batch3/hmm_flagger/diploid_censat_beds/NA18943_dip_hprc_r2_v1.cenSat.rDNA.bed'],"[nan, nan, nan, nan]","['NA18943-m64121_230111_062056.hifi_reads.fastq.gz', 'NA18943-m64121_230112_152106.hifi_reads.fastq.gz', 'NA18943-m64121_230114_002259.hifi_reads.fastq.gz', 'NA18943-m64121_230115_092531.hifi_reads.fastq.gz']","['s3://human-pangenomics/submissions/B25289BC-5C70-4C42-B2EC-6E742BC82EE1--AMED_HPRC_collaboration/NA18943/raw_data/PacBio_HiFi/m64121_230111_062056.hifi_reads.fastq.gz', 's3://human-pangenomics/submissions/B25289BC-5C70-4C42-B2EC-6E742BC82EE1--AMED_HPRC_collaboration/NA18943/raw_data/PacBio_HiFi/m64121_230112_152106.hifi_reads.fastq.gz', 's3://human-pangenomics/submissions/B25289BC-5C70-4C42-B2EC-6E742BC82EE1--AMED_HPRC_collaboration/NA18943/raw_data/PacBio_HiFi/m64121_230114_002259.hifi_reads.fastq.gz', 's3://human-pangenomics/submissions/B25289BC-5C70-4C42-B2EC-6E742BC82EE1--AMED_HPRC_collaboration/NA18943/raw_data/PacBio_HiFi/m64121_230115_092531.hifi_reads.fastq.gz']","[nan, nan, nan, nan]","['HPRC_AMED', 'HPRC_AMED', 'HPRC_AMED', 'HPRC_AMED']","[9.5, 11.0, 10.1, 10.1]","[nan, nan, nan, nan]","[nan, nan, nan, nan]","[nan, nan, nan, nan]","[nan, nan, nan, nan]","[nan, nan, nan, nan]","[nan, nan, nan, nan]","[nan, nan, nan, nan]","[nan, nan, nan, nan]","[nan, nan, nan, nan]","[nan, nan, nan, nan]","[nan, nan, nan, nan]","[nan, nan, nan, nan]","[nan, nan, nan, nan]","[nan, nan, nan, nan]","[nan, nan, nan, nan]","[nan, nan, nan, nan]","[nan, nan, nan, nan]","[nan, nan, nan, nan]","[nan, nan, nan, nan]","[nan, nan, nan, nan]","[nan, nan, nan, nan]","[nan, nan, nan, nan]","[nan, nan, nan, nan]","[nan, nan, nan, nan]","[nan, nan, nan, nan]","[2315442, 2331464, 2183269, 2280148]","[29415097222, 34122817324, 31402964121, 31156563384]","[29.42, 34.12, 31.4, 31.16]","[12703, 14635, 14383, 13664]","[173.0, 126.0, 168.0, 312.0]","[59785.0, 72769.0, 68924.0, 58899.0]","[10179, 11952, 11704, 11195]","[15483, 17906, 17582, 17082]","[22216, 24038, 23786, 23425]","[7330, 8733, 8567, 7830]","[10809, 12930, 12634, 11871]","[16673, 19461, 19112, 18370]","[0.6010310000000001, 0.5636909999999999, 0.553585, 0.562228]","[False, False, False, False]","[nan, nan, nan, nan]","[False, False, False, False]","[False, False, False, False]","[nan, nan, nan, nan]","[nan, nan, nan, nan]",40.7,4,16,lr:hqae,25,hifi,"['s3://human-pangenomics/submissions/B25289BC-5C70-4C42-B2EC-6E742BC82EE1--AMED_HPRC_collaboration/NA18943/raw_data/PacBio_HiFi/m64121_230112_152106.hifi_reads.fastq.gz', 's3://human-pangenomics/submissions/B25289BC-5C70-4C42-B2EC-6E742BC82EE1--AMED_HPRC_collaboration/NA18943/raw_data/PacBio_HiFi/m64121_230114_002259.hifi_reads.fastq.gz', 's3://human-pangenomics/submissions/B25289BC-5C70-4C42-B2EC-6E742BC82EE1--AMED_HPRC_collaboration/NA18943/raw_data/PacBio_HiFi/m64121_230115_092531.hifi_reads.fastq.gz', 's3://human-pangenomics/submissions/B25289BC-5C70-4C42-B2EC-6E742BC82EE1--AMED_HPRC_collaboration/NA18943/raw_data/PacBio_HiFi/m64121_230111_062056.hifi_reads.fastq.gz']",40.7,4,16
NA18944,s3://human-pangenomics/submissions/DC27718F-5F38-43B0-9A78-270F395F13E8--INT_ASM_PRODUCTION/NA18944/assemblies/freeze_2/NA18944_hap1_hprc_r2_v1.0.1.fa.gz,s3://human-pangenomics/submissions/DC27718F-5F38-43B0-9A78-270F395F13E8--INT_ASM_PRODUCTION/NA18944/assemblies/freeze_2/NA18944_hap2_hprc_r2_v1.0.1.fa.gz,https://s3-us-west-2.amazonaws.com/human-pangenomics/submissions/DC27718F-5F38-43B0-9A78-270F395F13E8--INT_ASM_PRODUCTION/NA18944/assemblies/freeze_2/annotation/censat/NA18944_hap1_hprc_r2_v1.0.1.cenSat.bed,https://s3-us-west-2.amazonaws.com/human-pangenomics/submissions/DC27718F-5F38-43B0-9A78-270F395F13E8--INT_ASM_PRODUCTION/NA18944/assemblies/freeze_2/annotation/censat/NA18944_hap2_hprc_r2_v1.0.1.cenSat.bed,/private/groups/hprc/qc_hmm_flagger/hprc_intermediate_assembly/assembly_qc/batch3/hmm_flagger/diploid_censat_beds/NA18944_dip_hprc_r2_v1.cenSat.bed,['/private/groups/hprc/qc_hmm_flagger/hprc_intermediate_assembly/assembly_qc/batch3/hmm_flagger/diploid_censat_beds/NA18944_dip_hprc_r2_v1.cenSat.rDNA.bed'],"[nan, nan, nan, nan]","['NA18944-m64121_221208_030520.hifi_reads.fastq.gz', 'NA18944-m64121_221209_121408.hifi_reads.fastq.gz', 'NA18944-m64121_221210_212117.hifi_reads.fastq.gz', 'NA18944-m64121_221212_062530.hifi_reads.fastq.gz']","['s3://human-pangenomics/submissions/B25289BC-5C70-4C42-B2EC-6E742BC82EE1--AMED_HPRC_collaboration/NA18944/raw_data/PacBio_HiFi/m64121_221208_030520.hifi_reads.fastq.gz', 's3://human-pangenomics/submissions/B25289BC-5C70-4C42-B2EC-6E742BC82EE1--AMED_HPRC_collaboration/NA18944/raw_data/PacBio_HiFi/m64121_221209_121408.hifi_reads.fastq.gz', 's3://human-pangenomics/submissions/B25289BC-5C70-4C42-B2EC-6E742BC82EE1--AMED_HPRC_collaboration/NA18944/raw_data/PacBio_HiFi/m64121_221210_212117.hifi_reads.fastq.gz', 's3://human-pangenomics/submissions/B25289BC-5C70-4C42-B2EC-6E742BC82EE1--AMED_HPRC_collaboration/NA18944/raw_data/PacBio_HiFi/m64121_221212_062530.hifi_reads.fastq.gz']","[nan, nan, nan, nan]","['HPRC_AMED', 'HPRC_AMED', 'HPRC_AMED', 'HPRC_AMED']","[9.7, 9.9, 7.5, 8.2]","[nan, nan, nan, nan]","[nan, nan, nan, nan]","[nan, nan, nan, nan]","[nan, nan, nan, nan]","[nan, nan, nan, nan]","[nan, nan, nan, nan]","[nan, nan, nan, nan]","[nan, nan, nan, nan]","[nan, nan, nan, nan]","[nan, nan, nan, nan]","[nan, nan, nan, nan]","[nan, nan, nan, nan]","[nan, nan, nan, nan]","[nan, nan, nan, nan]","[nan, nan, nan, nan]","[nan, nan, nan, nan]","[nan, nan, nan, nan]","[nan, nan, nan, nan]","[nan, nan, nan, nan]","[nan, nan, nan, nan]","[nan, nan, nan, nan]","[nan, nan, nan, nan]","[nan, nan, nan, nan]","[nan, nan, nan, nan]","[nan, nan, nan, nan]","[2026493, 1933783, 1682099, 1753667]","[30089319450, 30694192567, 23366025101, 25429793941]","[30.09, 30.69, 23.37, 25.43]","[14847, 15872, 13890, 14500]","[108.0, 112.0, 102.0, 172.0]","[59385.0, 58016.0, 60747.0, 60463.0]","[12872, 14036, 11848, 12426]","[18559, 19307, 17691, 18114]","[23659, 24241, 22861, 23216]","[8676, 9821, 7852, 8488]","[13973, 15434, 12669, 13480]","[20037, 20988, 19002, 19575]","[0.560466, 0.543607, 0.619478, 0.586542]","[False, False, False, False]","[nan, nan, nan, nan]","[False, False, False, False]","[False, False, False, False]","[nan, nan, nan, nan]","[nan, nan, nan, nan]",35.3,4,16,lr:hqae,25,hifi,"['s3://human-pangenomics/submissions/B25289BC-5C70-4C42-B2EC-6E742BC82EE1--AMED_HPRC_collaboration/NA18944/raw_data/PacBio_HiFi/m64121_221209_121408.hifi_reads.fastq.gz', 's3://human-pangenomics/submissions/B25289BC-5C70-4C42-B2EC-6E742BC82EE1--AMED_HPRC_collaboration/NA18944/raw_data/PacBio_HiFi/m64121_221208_030520.hifi_reads.fastq.gz', 's3://human-pangenomics/submissions/B25289BC-5C70-4C42-B2EC-6E742BC82EE1--AMED_HPRC_collaboration/NA18944/raw_data/PacBio_HiFi/m64121_221212_062530.hifi_reads.fastq.gz', 's3://human-pangenomics/submissions/B25289BC-5C70-4C42-B2EC-6E742BC82EE1--AMED_HPRC_collaboration/NA18944/raw_data/PacBio_HiFi/m64121_221210_212117.hifi_reads.fastq.gz']",35.3,4,16
NA18945,s3://human-pangenomics/submissions/DC27718F-5F38-43B0-9A78-270F395F13E8--INT_ASM_PRODUCTION/NA18945/assemblies/freeze_2/NA18945_hap1_hprc_r2_v1.0.1.fa.gz,s3://human-pangenomics/submissions/DC27718F-5F38-43B0-9A78-270F395F13E8--INT_ASM_PRODUCTION/NA18945/assemblies/freeze_2/NA18945_hap2_hprc_r2_v1.0.1.fa.gz,https://s3-us-west-2.amazonaws.com/human-pangenomics/submissions/DC27718F-5F38-43B0-9A78-270F395F13E8--INT_ASM_PRODUCTION/NA18945/assemblies/freeze_2/annotation/censat/NA18945_hap1_hprc_r2_v1.0.1.cenSat.bed,https://s3-us-west-2.amazonaws.com/human-pangenomics/submissions/DC27718F-5F38-43B0-9A78-270F395F13E8--INT_ASM_PRODUCTION/NA18945/assemblies/freeze_2/annotation/censat/NA18945_hap2_hprc_r2_v1.0.1.cenSat.bed,/private/groups/hprc/qc_hmm_flagger/hprc_intermediate_assembly/assembly_qc/batch3/hmm_flagger/diploid_censat_beds/NA18945_dip_hprc_r2_v1.cenSat.bed,['/private/groups/hprc/qc_hmm_flagger/hprc_intermediate_assembly/assembly_qc/batch3/hmm_flagger/diploid_censat_beds/NA18945_dip_hprc_r2_v1.cenSat.rDNA.bed'],"[nan, nan, nan, nan]","['NA18945-m64121_221214_034526.hifi_reads.fastq.gz', 'NA18945-m64121_221215_125713.hifi_reads.fastq.gz', 'NA18945-m64121_221216_220703.hifi_reads.fastq.gz', 'NA18945-m64121_221218_071424.hifi_reads.fastq.gz']","['s3://human-pangenomics/submissions/B25289BC-5C70-4C42-B2EC-6E742BC82EE1--AMED_HPRC_collaboration/NA18945/raw_data/PacBio_HiFi/m64121_221214_034526.hifi_reads.fastq.gz', 's3://human-pangenomics/submissions/B25289BC-5C70-4C42-B2EC-6E742BC82EE1--AMED_HPRC_collaboration/NA18945/raw_data/PacBio_HiFi/m64121_221215_125713.hifi_reads.fastq.gz', 's3://human-pangenomics/submissions/B25289BC-5C70-4C42-B2EC-6E742BC82EE1--AMED_HPRC_collaboration/NA18945/raw_data/PacBio_HiFi/m64121_221216_220703.hifi_reads.fastq.gz', 's3://human-pangenomics/submissions/B25289BC-5C70-4C42-B2EC-6E742BC82EE1--AMED_HPRC_collaboration/NA18945/raw_data/PacBio_HiFi/m64121_221218_071424.hifi_reads.fastq.gz']","[nan, nan, nan, nan]","['HPRC_AMED', 'HPRC_AMED', 'HPRC_AMED', 'HPRC_AMED']","[11.0, 11.7, 9.1, 7.9]","[nan, nan, nan, nan]","[nan, nan, nan, nan]","[nan, nan, nan, nan]","[nan, nan, nan, nan]","[nan, nan, nan, nan]","[nan, nan, nan, nan]","[nan, nan, nan, nan]","[nan, nan, nan, nan]","[nan, nan, nan, nan]","[nan, nan, nan, nan]","[nan, nan, nan, nan]","[nan, nan, nan, nan]","[nan, nan, nan, nan]","[nan, nan, nan, nan]","[nan, nan, nan, nan]","[nan, nan, nan, nan]","[nan, nan, nan, nan]","[nan, nan, nan, nan]","[nan, nan, nan, nan]","[nan, nan, nan, nan]","[nan, nan, nan, nan]","[nan, nan, nan, nan]","[nan, nan, nan, nan]","[nan, nan, nan, nan]","[nan, nan, nan, nan]","[2547477, 2455454, 1925393, 1749675]","[34029638076, 36408652907, 28082049753, 24631044032]","[34.03, 36.41, 28.08, 24.63]","[13358, 14827, 14585, 14077]","[204.0, 112.0, 237.0, 225.0]","[61184.0, 69867.0, 58866.0, 56671.0]","[13540, 14500, 14236, 13734]","[17982, 18478, 18257, 17886]","[22234, 22673, 22440, 22019]","[5970, 8179, 7963, 7413]","[13727, 15418, 15126, 14529]","[18949, 19875, 19615, 19140]","[0.559268, 0.5852569999999999, 0.5817060000000001, 0.5808810000000001]","[False, False, False, False]","[nan, nan, nan, nan]","[False, False, False, False]","[False, False, False, False]","[nan, nan, nan, nan]","[nan, nan, nan, nan]",39.699999999999996,4,16,lr:hqae,25,hifi,"['s3://human-pangenomics/submissions/B25289BC-5C70-4C42-B2EC-6E742BC82EE1--AMED_HPRC_collaboration/NA18945/raw_data/PacBio_HiFi/m64121_221215_125713.hifi_reads.fastq.gz', 's3://human-pangenomics/submissions/B25289BC-5C70-4C42-B2EC-6E742BC82EE1--AMED_HPRC_collaboration/NA18945/raw_data/PacBio_HiFi/m64121_221214_034526.hifi_reads.fastq.gz', 's3://human-pangenomics/submissions/B25289BC-5C70-4C42-B2EC-6E742BC82EE1--AMED_HPRC_collaboration/NA18945/raw_data/PacBio_HiFi/m64121_221216_220703.hifi_reads.fastq.gz', 's3://human-pangenomics/submissions/B25289BC-5C70-4C42-B2EC-6E742BC82EE1--AMED_HPRC_collaboration/NA18945/raw_data/PacBio_HiFi/m64121_221218_071424.hifi_reads.fastq.gz']",39.7,4,16
NA18948,s3://human-pangenomics/submissions/DC27718F-5F38-43B0-9A78-270F395F13E8--INT_ASM_PRODUCTION/NA18948/assemblies/freeze_2/NA18948_hap1_hprc_r2_v1.0.1.fa.gz,s3://human-pangenomics/submissions/DC27718F-5F38-43B0-9A78-270F395F13E8--INT_ASM_PRODUCTION/NA18948/assemblies/freeze_2/NA18948_hap2_hprc_r2_v1.0.1.fa.gz,https://s3-us-west-2.amazonaws.com/human-pangenomics/submissions/DC27718F-5F38-43B0-9A78-270F395F13E8--INT_ASM_PRODUCTION/NA18948/assemblies/freeze_2/annotation/censat/NA18948_hap1_hprc_r2_v1.0.1.cenSat.bed,https://s3-us-west-2.amazonaws.com/human-pangenomics/submissions/DC27718F-5F38-43B0-9A78-270F395F13E8--INT_ASM_PRODUCTION/NA18948/assemblies/freeze_2/annotation/censat/NA18948_hap2_hprc_r2_v1.0.1.cenSat.bed,/private/groups/hprc/qc_hmm_flagger/hprc_intermediate_assembly/assembly_qc/batch3/hmm_flagger/diploid_censat_beds/NA18948_dip_hprc_r2_v1.cenSat.bed,['/private/groups/hprc/qc_hmm_flagger/hprc_intermediate_assembly/assembly_qc/batch3/hmm_flagger/diploid_censat_beds/NA18948_dip_hprc_r2_v1.cenSat.rDNA.bed'],"[nan, nan, nan, nan]","['NA18948-m64121_221228_035409.hifi_reads.fastq.gz', 'NA18948-m64121_221229_130252.hifi_reads.fastq.gz', 'NA18948-m64121_221230_222238.hifi_reads.fastq.gz', 'NA18948-m64121_230101_074531.hifi_reads.fastq.gz']","['s3://human-pangenomics/submissions/B25289BC-5C70-4C42-B2EC-6E742BC82EE1--AMED_HPRC_collaboration/NA18948/raw_data/PacBio_HiFi/m64121_221228_035409.hifi_reads.fastq.gz', 's3://human-pangenomics/submissions/B25289BC-5C70-4C42-B2EC-6E742BC82EE1--AMED_HPRC_collaboration/NA18948/raw_data/PacBio_HiFi/m64121_221229_130252.hifi_reads.fastq.gz', 's3://human-pangenomics/submissions/B25289BC-5C70-4C42-B2EC-6E742BC82EE1--AMED_HPRC_collaboration/NA18948/raw_data/PacBio_HiFi/m64121_221230_222238.hifi_reads.fastq.gz', 's3://human-pangenomics/submissions/B25289BC-5C70-4C42-B2EC-6E742BC82EE1--AMED_HPRC_collaboration/NA18948/raw_data/PacBio_HiFi/m64121_230101_074531.hifi_reads.fastq.gz']","[nan, nan, nan, nan]","['HPRC_AMED', 'HPRC_AMED', 'HPRC_AMED', 'HPRC_AMED']","[8.9, 9.7, 9.5, 10.3]","[nan, nan, nan, nan]","[nan, nan, nan, nan]","[nan, nan, nan, nan]","[nan, nan, nan, nan]","[nan, nan, nan, nan]","[nan, nan, nan, nan]","[nan, nan, nan, nan]","[nan, nan, nan, nan]","[nan, nan, nan, nan]","[nan, nan, nan, nan]","[nan, nan, nan, nan]","[nan, nan, nan, nan]","[nan, nan, nan, nan]","[nan, nan, nan, nan]","[nan, nan, nan, nan]","[nan, nan, nan, nan]","[nan, nan, nan, nan]","[nan, nan, nan, nan]","[nan, nan, nan, nan]","[nan, nan, nan, nan]","[nan, nan, nan, nan]","[nan, nan, nan, nan]","[nan, nan, nan, nan]","[nan, nan, nan, nan]","[nan, nan, nan, nan]","[2201995, 2245928, 2131549, 2331370]","[27440528974, 30167924619, 29504612066, 31791163867]","[27.44, 30.17, 29.5, 31.79]","[12461, 13432, 13841, 13636]","[126.0, 178.0, 139.0, 161.0]","[70807.0, 65990.0, 66556.0, 62369.0]","[9965, 11411, 11920, 11442]","[18727, 19558, 19635, 19369]","[24763, 25327, 25280, 25057]","[5452, 5937, 6317, 6302]","[9157, 10639, 11484, 11062]","[18696, 19956, 20269, 19956]","[0.574688, 0.585054, 0.565282, 0.56887]","[False, False, False, False]","[nan, nan, nan, nan]","[False, False, False, False]","[False, False, False, False]","[nan, nan, nan, nan]","[nan, nan, nan, nan]",38.400000000000006,4,16,lr:hqae,25,hifi,"['s3://human-pangenomics/submissions/B25289BC-5C70-4C42-B2EC-6E742BC82EE1--AMED_HPRC_collaboration/NA18948/raw_data/PacBio_HiFi/m64121_230101_074531.hifi_reads.fastq.gz', 's3://human-pangenomics/submissions/B25289BC-5C70-4C42-B2EC-6E742BC82EE1--AMED_HPRC_collaboration/NA18948/raw_data/PacBio_HiFi/m64121_221229_130252.hifi_reads.fastq.gz', 's3://human-pangenomics/submissions/B25289BC-5C70-4C42-B2EC-6E742BC82EE1--AMED_HPRC_collaboration/NA18948/raw_data/PacBio_HiFi/m64121_221230_222238.hifi_reads.fastq.gz', 's3://human-pangenomics/submissions/B25289BC-5C70-4C42-B2EC-6E742BC82EE1--AMED_HPRC_collaboration/NA18948/raw_data/PacBio_HiFi/m64121_221228_035409.hifi_reads.fastq.gz']",38.4,4,16
NA18959,s3://human-pangenomics/submissions/DC27718F-5F38-43B0-9A78-270F395F13E8--INT_ASM_PRODUCTION/NA18959/assemblies/freeze_2/NA18959_hap1_hprc_r2_v1.0.1.fa.gz,s3://human-pangenomics/submissions/DC27718F-5F38-43B0-9A78-270F395F13E8--INT_ASM_PRODUCTION/NA18959/assemblies/freeze_2/NA18959_hap2_hprc_r2_v1.0.1.fa.gz,https://s3-us-west-2.amazonaws.com/human-pangenomics/submissions/DC27718F-5F38-43B0-9A78-270F395F13E8--INT_ASM_PRODUCTION/NA18959/assemblies/freeze_2/annotation/censat/NA18959_hap1_hprc_r2_v1.0.1.cenSat.bed,https://s3-us-west-2.amazonaws.com/human-pangenomics/submissions/DC27718F-5F38-43B0-9A78-270F395F13E8--INT_ASM_PRODUCTION/NA18959/assemblies/freeze_2/annotation/censat/NA18959_hap2_hprc_r2_v1.0.1.cenSat.bed,/private/groups/hprc/qc_hmm_flagger/hprc_intermediate_assembly/assembly_qc/batch3/hmm_flagger/diploid_censat_beds/NA18959_dip_hprc_r2_v1.cenSat.bed,['/private/groups/hprc/qc_hmm_flagger/hprc_intermediate_assembly/assembly_qc/batch3/hmm_flagger/diploid_censat_beds/NA18959_dip_hprc_r2_v1.cenSat.rDNA.bed'],"[nan, nan, nan, nan]","['NA18959-m64121_221221_044327.hifi_reads.fastq.gz', 'NA18959-m64121_221222_135509.hifi_reads.fastq.gz', 'NA18959-m64121_221223_230537.hifi_reads.fastq.gz', 'NA18959-m64121_221225_081308.hifi_reads.fastq.gz']","['s3://human-pangenomics/submissions/B25289BC-5C70-4C42-B2EC-6E742BC82EE1--AMED_HPRC_collaboration/NA18959/raw_data/PacBio_HiFi/m64121_221221_044327.hifi_reads.fastq.gz', 's3://human-pangenomics/submissions/B25289BC-5C70-4C42-B2EC-6E742BC82EE1--AMED_HPRC_collaboration/NA18959/raw_data/PacBio_HiFi/m64121_221222_135509.hifi_reads.fastq.gz', 's3://human-pangenomics/submissions/B25289BC-5C70-4C42-B2EC-6E742BC82EE1--AMED_HPRC_collaboration/NA18959/raw_data/PacBio_HiFi/m64121_221223_230537.hifi_reads.fastq.gz', 's3://human-pangenomics/submissions/B25289BC-5C70-4C42-B2EC-6E742BC82EE1--AMED_HPRC_collaboration/NA18959/raw_data/PacBio_HiFi/m64121_221225_081308.hifi_reads.fastq.gz']","[nan, nan, nan, nan]","['HPRC_AMED', 'HPRC_AMED', 'HPRC_AMED', 'HPRC_AMED']","[6.4, 10.2, 9.5, 9.7]","[nan, nan, nan, nan]","[nan, nan, nan, nan]","[nan, nan, nan, nan]","[nan, nan, nan, nan]","[nan, nan, nan, nan]","[nan, nan, nan, nan]","[nan, nan, nan, nan]","[nan, nan, nan, nan]","[nan, nan, nan, nan]","[nan, nan, nan, nan]","[nan, nan, nan, nan]","[nan, nan, nan, nan]","[nan, nan, nan, nan]","[nan, nan, nan, nan]","[nan, nan, nan, nan]","[nan, nan, nan, nan]","[nan, nan, nan, nan]","[nan, nan, nan, nan]","[nan, nan, nan, nan]","[nan, nan, nan, nan]","[nan, nan, nan, nan]","[nan, nan, nan, nan]","[nan, nan, nan, nan]","[nan, nan, nan, nan]","[nan, nan, nan, nan]","[2092888, 2419625, 2466723, 2560105]","[19805924708, 31489208953, 29420778722, 30214996736]","[19.81, 31.49, 29.42, 30.21]","[9463, 13014, 11927, 11802]","[118.0, 123.0, 107.0, 114.0]","[51934.0, 62542.0, 66560.0, 60893.0]","[7418, 11820, 10639, 10557]","[13512, 16281, 15629, 15630]","[18720, 20803, 20278, 20317]","[4374, 7250, 6036, 5816]","[7157, 12663, 11065, 10865]","[13592, 17551, 16575, 16515]","[0.589763, 0.56663, 0.570364, 0.5520149999999999]","[False, False, False, False]","[nan, nan, nan, nan]","[False, False, False, False]","[False, False, False, False]","[nan, nan, nan, nan]","[nan, nan, nan, nan]",35.8,4,16,lr:hqae,25,hifi,"['s3://human-pangenomics/submissions/B25289BC-5C70-4C42-B2EC-6E742BC82EE1--AMED_HPRC_collaboration/NA18959/raw_data/PacBio_HiFi/m64121_221222_135509.hifi_reads.fastq.gz', 's3://human-pangenomics/submissions/B25289BC-5C70-4C42-B2EC-6E742BC82EE1--AMED_HPRC_collaboration/NA18959/raw_data/PacBio_HiFi/m64121_221225_081308.hifi_reads.fastq.gz', 's3://human-pangenomics/submissions/B25289BC-5C70-4C42-B2EC-6E742BC82EE1--AMED_HPRC_collaboration/NA18959/raw_data/PacBio_HiFi/m64121_221223_230537.hifi_reads.fastq.gz', 's3://human-pangenomics/submissions/B25289BC-5C70-4C42-B2EC-6E742BC82EE1--AMED_HPRC_collaboration/NA18959/raw_data/PacBio_HiFi/m64121_221221_044327.hifi_reads.fastq.gz']",35.8,4,16
NA18960,s3://human-pangenomics/submissions/DC27718F-5F38-43B0-9A78-270F395F13E8--INT_ASM_PRODUCTION/NA18960/assemblies/freeze_2/NA18960_hap1_hprc_r2_v1.0.1.fa.gz,s3://human-pangenomics/submissions/DC27718F-5F38-43B0-9A78-270F395F13E8--INT_ASM_PRODUCTION/NA18960/assemblies/freeze_2/NA18960_hap2_hprc_r2_v1.0.1.fa.gz,https://s3-us-west-2.amazonaws.com/human-pangenomics/submissions/DC27718F-5F38-43B0-9A78-270F395F13E8--INT_ASM_PRODUCTION/NA18960/assemblies/freeze_2/annotation/censat/NA18960_hap1_hprc_r2_v1.0.1.cenSat.bed,https://s3-us-west-2.amazonaws.com/human-pangenomics/submissions/DC27718F-5F38-43B0-9A78-270F395F13E8--INT_ASM_PRODUCTION/NA18960/assemblies/freeze_2/annotation/censat/NA18960_hap2_hprc_r2_v1.0.1.cenSat.bed,/private/groups/hprc/qc_hmm_flagger/hprc_intermediate_assembly/assembly_qc/batch3/hmm_flagger/diploid_censat_beds/NA18960_dip_hprc_r2_v1.cenSat.bed,['/private/groups/hprc/qc_hmm_flagger/hprc_intermediate_assembly/assembly_qc/batch3/hmm_flagger/diploid_censat_beds/NA18960_dip_hprc_r2_v1.cenSat.rDNA.bed'],"[nan, nan, nan, nan]","['NA18960-m64121_230207_023604.hifi_reads.fastq.gz', 'NA18960-m64121_230208_114835.hifi_reads.fastq.gz', 'NA18960-m64121_230209_205634.hifi_reads.fastq.gz', 'NA18960-m64121_230211_060112.hifi_reads.fastq.gz']","['s3://human-pangenomics/submissions/B25289BC-5C70-4C42-B2EC-6E742BC82EE1--AMED_HPRC_collaboration/NA18960/raw_data/PacBio_HiFi/m64121_230207_023604.hifi_reads.fastq.gz', 's3://human-pangenomics/submissions/B25289BC-5C70-4C42-B2EC-6E742BC82EE1--AMED_HPRC_collaboration/NA18960/raw_data/PacBio_HiFi/m64121_230208_114835.hifi_reads.fastq.gz', 's3://human-pangenomics/submissions/B25289BC-5C70-4C42-B2EC-6E742BC82EE1--AMED_HPRC_collaboration/NA18960/raw_data/PacBio_HiFi/m64121_230209_205634.hifi_reads.fastq.gz', 's3://human-pangenomics/submissions/B25289BC-5C70-4C42-B2EC-6E742BC82EE1--AMED_HPRC_collaboration/NA18960/raw_data/PacBio_HiFi/m64121_230211_060112.hifi_reads.fastq.gz']","[nan, nan, nan, nan]","['HPRC_AMED', 'HPRC_AMED', 'HPRC_AMED', 'HPRC_AMED']","[11.8, 12.4, 12.7, 12.8]","[nan, nan, nan, nan]","[nan, nan, nan, nan]","[nan, nan, nan, nan]","[nan, nan, nan, nan]","[nan, nan, nan, nan]","[nan, nan, nan, nan]","[nan, nan, nan, nan]","[nan, nan, nan, nan]","[nan, nan, nan, nan]","[nan, nan, nan, nan]","[nan, nan, nan, nan]","[nan, nan, nan, nan]","[nan, nan, nan, nan]","[nan, nan, nan, nan]","[nan, nan, nan, nan]","[nan, nan, nan, nan]","[nan, nan, nan, nan]","[nan, nan, nan, nan]","[nan, nan, nan, nan]","[nan, nan, nan, nan]","[nan, nan, nan, nan]","[nan, nan, nan, nan]","[nan, nan, nan, nan]","[nan, nan, nan, nan]","[nan, nan, nan, nan]","[1945379, 2029360, 2135691, 2098251]","[36446726094, 38398871525, 39249199745, 39534105838]","[36.45, 38.4, 39.25, 39.53]","[18735, 18921, 18377, 18841]","[202.0, 240.0, 195.0, 106.0]","[67382.0, 62184.0, 64491.0, 65407.0]","[17510, 17452, 17140, 17493]","[21670, 21600, 21375, 21682]","[26445, 26323, 26158, 26464]","[13756, 14076, 13151, 13887]","[19061, 19117, 18667, 19105]","[23723, 23717, 23373, 23774]","[0.55785, 0.591061, 0.5719770000000001, 0.571535]","[False, False, False, False]","[nan, nan, nan, nan]","[False, False, False, False]","[False, False, False, False]","[nan, nan, nan, nan]","[nan, nan, nan, nan]",49.7,4,16,lr:hqae,25,hifi,"['s3://human-pangenomics/submissions/B25289BC-5C70-4C42-B2EC-6E742BC82EE1--AMED_HPRC_collaboration/NA18960/raw_data/PacBio_HiFi/m64121_230211_060112.hifi_reads.fastq.gz', 's3://human-pangenomics/submissions/B25289BC-5C70-4C42-B2EC-6E742BC82EE1--AMED_HPRC_collaboration/NA18960/raw_data/PacBio_HiFi/m64121_230209_205634.hifi_reads.fastq.gz', 's3://human-pangenomics/submissions/B25289BC-5C70-4C42-B2EC-6E742BC82EE1--AMED_HPRC_collaboration/NA18960/raw_data/PacBio_HiFi/m64121_230208_114835.hifi_reads.fastq.gz', 's3://human-pangenomics/submissions/B25289BC-5C70-4C42-B2EC-6E742BC82EE1--AMED_HPRC_collaboration/NA18960/raw_data/PacBio_HiFi/m64121_230207_023604.hifi_reads.fastq.gz']",49.7,4,16
NA18967,s3://human-pangenomics/submissions/DC27718F-5F38-43B0-9A78-270F395F13E8--INT_ASM_PRODUCTION/NA18967/assemblies/freeze_2/NA18967_hap1_hprc_r2_v1.0.1.fa.gz,s3://human-pangenomics/submissions/DC27718F-5F38-43B0-9A78-270F395F13E8--INT_ASM_PRODUCTION/NA18967/assemblies/freeze_2/NA18967_hap2_hprc_r2_v1.0.1.fa.gz,https://s3-us-west-2.amazonaws.com/human-pangenomics/submissions/DC27718F-5F38-43B0-9A78-270F395F13E8--INT_ASM_PRODUCTION/NA18967/assemblies/freeze_2/annotation/censat/NA18967_hap1_hprc_r2_v1.0.1.cenSat.bed,https://s3-us-west-2.amazonaws.com/human-pangenomics/submissions/DC27718F-5F38-43B0-9A78-270F395F13E8--INT_ASM_PRODUCTION/NA18967/assemblies/freeze_2/annotation/censat/NA18967_hap2_hprc_r2_v1.0.1.cenSat.bed,/private/groups/hprc/qc_hmm_flagger/hprc_intermediate_assembly/assembly_qc/batch3/hmm_flagger/diploid_censat_beds/NA18967_dip_hprc_r2_v1.cenSat.bed,['/private/groups/hprc/qc_hmm_flagger/hprc_intermediate_assembly/assembly_qc/batch3/hmm_flagger/diploid_censat_beds/NA18967_dip_hprc_r2_v1.cenSat.rDNA.bed'],"[nan, nan, nan, nan]","['NA18967-m64121_230118_041924.hifi_reads.fastq.gz', 'NA18967-m64121_230119_132252.hifi_reads.fastq.gz', 'NA18967-m64121_230123_083613.hifi_reads.fastq.gz', 'NA18967-m64121_230214_033316.hifi_reads.fastq.gz']","['s3://human-pangenomics/submissions/B25289BC-5C70-4C42-B2EC-6E742BC82EE1--AMED_HPRC_collaboration/NA18967/raw_data/PacBio_HiFi/m64121_230118_041924.hifi_reads.fastq.gz', 's3://human-pangenomics/submissions/B25289BC-5C70-4C42-B2EC-6E742BC82EE1--AMED_HPRC_collaboration/NA18967/raw_data/PacBio_HiFi/m64121_230119_132252.hifi_reads.fastq.gz', 's3://human-pangenomics/submissions/B25289BC-5C70-4C42-B2EC-6E742BC82EE1--AMED_HPRC_collaboration/NA18967/raw_data/PacBio_HiFi/m64121_230123_083613.hifi_reads.fastq.gz', 's3://human-pangenomics/submissions/B25289BC-5C70-4C42-B2EC-6E742BC82EE1--AMED_HPRC_collaboration/NA18967/raw_data/PacBio_HiFi/m64121_230214_033316.hifi_reads.fastq.gz']","[nan, nan, nan, nan]","['HPRC_AMED', 'HPRC_AMED', 'HPRC_AMED', 'HPRC_AMED']","[11.5, 13.1, 13.2, 9.7]","[nan, nan, nan, nan]","[nan, nan, nan, nan]","[nan, nan, nan, nan]","[nan, nan, nan, nan]","[nan, nan, nan, nan]","[nan, nan, nan, nan]","[nan, nan, nan, nan]","[nan, nan, nan, nan]","[nan, nan, nan, nan]","[nan, nan, nan, nan]","[nan, nan, nan, nan]","[nan, nan, nan, nan]","[nan, nan, nan, nan]","[nan, nan, nan, nan]","[nan, nan, nan, nan]","[nan, nan, nan, nan]","[nan, nan, nan, nan]","[nan, nan, nan, nan]","[nan, nan, nan, nan]","[nan, nan, nan, nan]","[nan, nan, nan, nan]","[nan, nan, nan, nan]","[nan, nan, nan, nan]","[nan, nan, nan, nan]","[nan, nan, nan, nan]","[2452650, 2728192, 2741070, 2047820]","[35640656704, 40497953920, 40891413274, 29947038519]","[35.64, 40.5, 40.89, 29.95]","[14531, 14844, 14918, 14623]","[98.0, 173.0, 200.0, 198.0]","[61529.0, 63933.0, 68817.0, 55660.0]","[12845, 13138, 13274, 13864]","[17863, 18154, 18232, 17274]","[22755, 23064, 23118, 20958]","[8701, 8940, 9039, 9864]","[13968, 14344, 14476, 15047]","[19338, 19687, 19770, 18791]","[0.549672, 0.539469, 0.55734, 0.568051]","[False, False, False, False]","[nan, nan, nan, nan]","[False, False, False, False]","[False, False, False, False]","[nan, nan, nan, nan]","[nan, nan, nan, nan]",47.5,4,16,lr:hqae,25,hifi,"['s3://human-pangenomics/submissions/B25289BC-5C70-4C42-B2EC-6E742BC82EE1--AMED_HPRC_collaboration/NA18967/raw_data/PacBio_HiFi/m64121_230123_083613.hifi_reads.fastq.gz', 's3://human-pangenomics/submissions/B25289BC-5C70-4C42-B2EC-6E742BC82EE1--AMED_HPRC_collaboration/NA18967/raw_data/PacBio_HiFi/m64121_230119_132252.hifi_reads.fastq.gz', 's3://human-pangenomics/submissions/B25289BC-5C70-4C42-B2EC-6E742BC82EE1--AMED_HPRC_collaboration/NA18967/raw_data/PacBio_HiFi/m64121_230118_041924.hifi_reads.fastq.gz', 's3://human-pangenomics/submissions/B25289BC-5C70-4C42-B2EC-6E742BC82EE1--AMED_HPRC_collaboration/NA18967/raw_data/PacBio_HiFi/m64121_230214_033316.hifi_reads.fastq.gz']",47.5,4,16
NA18970,s3://human-pangenomics/submissions/DC27718F-5F38-43B0-9A78-270F395F13E8--INT_ASM_PRODUCTION/NA18970/assemblies/freeze_2/NA18970_hap1_hprc_r2_v1.0.1.fa.gz,s3://human-pangenomics/submissions/DC27718F-5F38-43B0-9A78-270F395F13E8--INT_ASM_PRODUCTION/NA18970/assemblies/freeze_2/NA18970_hap2_hprc_r2_v1.0.1.fa.gz,https://s3-us-west-2.amazonaws.com/human-pangenomics/submissions/DC27718F-5F38-43B0-9A78-270F395F13E8--INT_ASM_PRODUCTION/NA18970/assemblies/freeze_2/annotation/censat/NA18970_hap1_hprc_r2_v1.0.1.cenSat.bed,https://s3-us-west-2.amazonaws.com/human-pangenomics/submissions/DC27718F-5F38-43B0-9A78-270F395F13E8--INT_ASM_PRODUCTION/NA18970/assemblies/freeze_2/annotation/censat/NA18970_hap2_hprc_r2_v1.0.1.cenSat.bed,/private/groups/hprc/qc_hmm_flagger/hprc_intermediate_assembly/assembly_qc/batch3/hmm_flagger/diploid_censat_beds/NA18970_dip_hprc_r2_v1.cenSat.bed,['/private/groups/hprc/qc_hmm_flagger/hprc_intermediate_assembly/assembly_qc/batch3/hmm_flagger/diploid_censat_beds/NA18970_dip_hprc_r2_v1.cenSat.rDNA.bed'],"[nan, nan, nan, nan]","['NA18970-m64121_230125_064017.hifi_reads.fastq.gz', 'NA18970-m64121_230126_155731.hifi_reads.fastq.gz', 'NA18970-m64121_230128_010459.hifi_reads.fastq.gz', 'NA18970-m64121_230129_101236.hifi_reads.fastq.gz']","['s3://human-pangenomics/submissions/B25289BC-5C70-4C42-B2EC-6E742BC82EE1--AMED_HPRC_collaboration/NA18970/raw_data/PacBio_HiFi/m64121_230125_064017.hifi_reads.fastq.gz', 's3://human-pangenomics/submissions/B25289BC-5C70-4C42-B2EC-6E742BC82EE1--AMED_HPRC_collaboration/NA18970/raw_data/PacBio_HiFi/m64121_230126_155731.hifi_reads.fastq.gz', 's3://human-pangenomics/submissions/B25289BC-5C70-4C42-B2EC-6E742BC82EE1--AMED_HPRC_collaboration/NA18970/raw_data/PacBio_HiFi/m64121_230128_010459.hifi_reads.fastq.gz', 's3://human-pangenomics/submissions/B25289BC-5C70-4C42-B2EC-6E742BC82EE1--AMED_HPRC_collaboration/NA18970/raw_data/PacBio_HiFi/m64121_230129_101236.hifi_reads.fastq.gz']","[nan, nan, nan, nan]","['HPRC_AMED', 'HPRC_AMED', 'HPRC_AMED', 'HPRC_AMED']","[13.8, 14.1, 13.4, 13.6]","[nan, nan, nan, nan]","[nan, nan, nan, nan]","[nan, nan, nan, nan]","[nan, nan, nan, nan]","[nan, nan, nan, nan]","[nan, nan, nan, nan]","[nan, nan, nan, nan]","[nan, nan, nan, nan]","[nan, nan, nan, nan]","[nan, nan, nan, nan]","[nan, nan, nan, nan]","[nan, nan, nan, nan]","[nan, nan, nan, nan]","[nan, nan, nan, nan]","[nan, nan, nan, nan]","[nan, nan, nan, nan]","[nan, nan, nan, nan]","[nan, nan, nan, nan]","[nan, nan, nan, nan]","[nan, nan, nan, nan]","[nan, nan, nan, nan]","[nan, nan, nan, nan]","[nan, nan, nan, nan]","[nan, nan, nan, nan]","[nan, nan, nan, nan]","[2412961, 2485627, 2461968, 2470005]","[42782911066, 43573403805, 41603388814, 42175705081]","[42.78, 43.57, 41.6, 42.18]","[17730, 17530, 16898, 17075]","[142.0, 117.0, 169.0, 137.0]","[68552.0, 70548.0, 66518.0, 66545.0]","[16032, 15986, 15379, 15577]","[21276, 21382, 20927, 21047]","[26633, 26785, 26338, 26437]","[11218, 10722, 9962, 10194]","[17531, 17363, 16612, 16853]","[23184, 23197, 22615, 22771]","[0.59424, 0.528454, 0.5316390000000001, 0.547089]","[False, False, False, False]","[nan, nan, nan, nan]","[False, False, False, False]","[False, False, False, False]","[nan, nan, nan, nan]","[nan, nan, nan, nan]",54.9,4,16,lr:hqae,25,hifi,"['s3://human-pangenomics/submissions/B25289BC-5C70-4C42-B2EC-6E742BC82EE1--AMED_HPRC_collaboration/NA18970/raw_data/PacBio_HiFi/m64121_230126_155731.hifi_reads.fastq.gz', 's3://human-pangenomics/submissions/B25289BC-5C70-4C42-B2EC-6E742BC82EE1--AMED_HPRC_collaboration/NA18970/raw_data/PacBio_HiFi/m64121_230125_064017.hifi_reads.fastq.gz', 's3://human-pangenomics/submissions/B25289BC-5C70-4C42-B2EC-6E742BC82EE1--AMED_HPRC_collaboration/NA18970/raw_data/PacBio_HiFi/m64121_230129_101236.hifi_reads.fastq.gz', 's3://human-pangenomics/submissions/B25289BC-5C70-4C42-B2EC-6E742BC82EE1--AMED_HPRC_collaboration/NA18970/raw_data/PacBio_HiFi/m64121_230128_010459.hifi_reads.fastq.gz']",54.9,4,16
NA18982,s3://human-pangenomics/submissions/DC27718F-5F38-43B0-9A78-270F395F13E8--INT_ASM_PRODUCTION/NA18982/assemblies/freeze_2/NA18982_hap1_hprc_r2_v1.0.1.fa.gz,s3://human-pangenomics/submissions/DC27718F-5F38-43B0-9A78-270F395F13E8--INT_ASM_PRODUCTION/NA18982/assemblies/freeze_2/NA18982_hap2_hprc_r2_v1.0.1.fa.gz,https://s3-us-west-2.amazonaws.com/human-pangenomics/submissions/DC27718F-5F38-43B0-9A78-270F395F13E8--INT_ASM_PRODUCTION/NA18982/assemblies/freeze_2/annotation/censat/NA18982_hap1_hprc_r2_v1.0.1.cenSat.bed,https://s3-us-west-2.amazonaws.com/human-pangenomics/submissions/DC27718F-5F38-43B0-9A78-270F395F13E8--INT_ASM_PRODUCTION/NA18982/assemblies/freeze_2/annotation/censat/NA18982_hap2_hprc_r2_v1.0.1.cenSat.bed,/private/groups/hprc/qc_hmm_flagger/hprc_intermediate_assembly/assembly_qc/batch3/hmm_flagger/diploid_censat_beds/NA18982_dip_hprc_r2_v1.cenSat.bed,['/private/groups/hprc/qc_hmm_flagger/hprc_intermediate_assembly/assembly_qc/batch3/hmm_flagger/diploid_censat_beds/NA18982_dip_hprc_r2_v1.cenSat.rDNA.bed'],"[nan, nan, nan, nan]","['NA18982-m64121_230201_050335.hifi_reads.fastq.gz', 'NA18982-m64121_230202_140329.hifi_reads.fastq.gz', 'NA18982-m64121_230203_230452.hifi_reads.fastq.gz', 'NA18982-m64121_230205_081217.hifi_reads.fastq.gz']","['s3://human-pangenomics/submissions/B25289BC-5C70-4C42-B2EC-6E742BC82EE1--AMED_HPRC_collaboration/NA18982/raw_data/PacBio_HiFi/m64121_230201_050335.hifi_reads.fastq.gz', 's3://human-pangenomics/submissions/B25289BC-5C70-4C42-B2EC-6E742BC82EE1--AMED_HPRC_collaboration/NA18982/raw_data/PacBio_HiFi/m64121_230202_140329.hifi_reads.fastq.gz', 's3://human-pangenomics/submissions/B25289BC-5C70-4C42-B2EC-6E742BC82EE1--AMED_HPRC_collaboration/NA18982/raw_data/PacBio_HiFi/m64121_230203_230452.hifi_reads.fastq.gz', 's3://human-pangenomics/submissions/B25289BC-5C70-4C42-B2EC-6E742BC82EE1--AMED_HPRC_collaboration/NA18982/raw_data/PacBio_HiFi/m64121_230205_081217.hifi_reads.fastq.gz']","[nan, nan, nan, nan]","['HPRC_AMED', 'HPRC_AMED', 'HPRC_AMED', 'HPRC_AMED']","[11.1, 12.0, 12.0, 12.3]","[nan, nan, nan, nan]","[nan, nan, nan, nan]","[nan, nan, nan, nan]","[nan, nan, nan, nan]","[nan, nan, nan, nan]","[nan, nan, nan, nan]","[nan, nan, nan, nan]","[nan, nan, nan, nan]","[nan, nan, nan, nan]","[nan, nan, nan, nan]","[nan, nan, nan, nan]","[nan, nan, nan, nan]","[nan, nan, nan, nan]","[nan, nan, nan, nan]","[nan, nan, nan, nan]","[nan, nan, nan, nan]","[nan, nan, nan, nan]","[nan, nan, nan, nan]","[nan, nan, nan, nan]","[nan, nan, nan, nan]","[nan, nan, nan, nan]","[nan, nan, nan, nan]","[nan, nan, nan, nan]","[nan, nan, nan, nan]","[nan, nan, nan, nan]","[1926678, 1876720, 1911357, 2016776]","[34475779215, 37280383327, 37145540202, 38172182045]","[34.48, 37.28, 37.15, 38.17]","[17893, 19864, 19434, 18927]","[109.0, 163.0, 196.0, 321.0]","[63242.0, 71267.0, 64744.0, 66062.0]","[17473, 18819, 18592, 18245]","[22269, 23299, 23079, 22797]","[27444, 28480, 28214, 27891]","[10090, 14120, 13279, 12254]","[18519, 20346, 20006, 19561]","[23910, 25389, 25052, 24677]","[0.5302279999999999, 0.556417, 0.575572, 0.539283]","[False, False, False, False]","[nan, nan, nan, nan]","[False, False, False, False]","[False, False, False, False]","[nan, nan, nan, nan]","[nan, nan, nan, nan]",47.400000000000006,4,16,lr:hqae,25,hifi,"['s3://human-pangenomics/submissions/B25289BC-5C70-4C42-B2EC-6E742BC82EE1--AMED_HPRC_collaboration/NA18982/raw_data/PacBio_HiFi/m64121_230205_081217.hifi_reads.fastq.gz', 's3://human-pangenomics/submissions/B25289BC-5C70-4C42-B2EC-6E742BC82EE1--AMED_HPRC_collaboration/NA18982/raw_data/PacBio_HiFi/m64121_230202_140329.hifi_reads.fastq.gz', 's3://human-pangenomics/submissions/B25289BC-5C70-4C42-B2EC-6E742BC82EE1--AMED_HPRC_collaboration/NA18982/raw_data/PacBio_HiFi/m64121_230203_230452.hifi_reads.fastq.gz', 's3://human-pangenomics/submissions/B25289BC-5C70-4C42-B2EC-6E742BC82EE1--AMED_HPRC_collaboration/NA18982/raw_data/PacBio_HiFi/m64121_230201_050335.hifi_reads.fastq.gz']",47.4,4,16
HG06807,s3://human-pangenomics/working/HPRC_PLUS/HG06807/assemblies/genbank/HG06807_pat_v1.0.genbank.fa.gz,s3://human-pangenomics/working/HPRC_PLUS/HG06807/assemblies/genbank/HG06807_mat_v1.0.genbank.fa.gz,https://s3-us-west-2.amazonaws.com/human-pangenomics/submissions/DC27718F-5F38-43B0-9A78-270F395F13E8--INT_ASM_PRODUCTION/HG06807/assemblies/freeze_2/annotation/censat/HG06807_pat_v1.0.genbank.cenSat.bed,https://s3-us-west-2.amazonaws.com/human-pangenomics/submissions/DC27718F-5F38-43B0-9A78-270F395F13E8--INT_ASM_PRODUCTION/HG06807/assemblies/freeze_2/annotation/censat/HG06807_mat_v1.0.genbank.cenSat.bed,/private/groups/hprc/qc_hmm_flagger/hprc_intermediate_assembly/assembly_qc/batch3/hmm_flagger/diploid_censat_beds/HG06807_dip_hprc_r2_v1.cenSat.bed,['/private/groups/hprc/qc_hmm_flagger/hprc_intermediate_assembly/assembly_qc/batch3/hmm_flagger/diploid_censat_beds/HG06807_dip_hprc_r2_v1.cenSat.rDNA.bed'],"['bam', 'bam']","['m84081_230630_190803_s1.hifi_reads.bc1008.bam', 'm84081_230630_193909_s2.hifi_reads.bc1008.bam']","['s3://human-pangenomics/working/HPRC_PLUS/HG06807/raw_data/PacBio_HiFi/m84081_230630_190803_s1.hifi_reads.bc1008.bam', 's3://human-pangenomics/working/HPRC_PLUS/HG06807/raw_data/PacBio_HiFi/m84081_230630_193909_s2.hifi_reads.bc1008.bam']","['unaligned reads', 'unaligned reads']","['WUSTL_HPRC_HiFi_Year3_TopUp', 'WUSTL_HPRC_HiFi_Year3_TopUp']","[10.6, 12.2]","[nan, nan]","[nan, nan]","[nan, nan]","['7.0.0', '7.0.0']","[nan, nan]","[nan, nan]","[nan, nan]","[nan, nan]","['PRJNA701308', 'PRJNA701308']","[nan, nan]","['HiFi sequencing of 20kb fractionated gDNA', 'HiFi sequencing of 20kb fractionated gDNA']","[nan, nan]","['tgraves@wustl.edu', 'tgraves@wustl.edu']","['Washington University', 'Washington University']","['HG06807_lib1', 'HG06807_lib1']","['WGS', 'WGS']","['GENOMIC', 'GENOMIC']","['size fractionation', 'size fractionation']","['single', 'single']","['Megaruptor 1', 'Megaruptor 1']","['SageELF', 'SageELF']","['PACBIO_SMRT', 'PACBIO_SMRT']","['Revio', 'Revio']","['Revio C1', 'Revio C1']","['Revio P1', 'Revio P1']","[1994656, 2296237]","[32803364277, 37917439171]","[32.8, 37.92]","[16445, 16512]","[107.0, 75.0]","[57913.0, 54644.0]","[14957, 14972]","[15772, 15796]","[16865, 16917]","[14848, 14859]","[15599, 15616]","[16544, 16573]","[0.671643, 0.6464409999999999]","[True, True]","[nan, nan]","[True, True]","[False, False]","['2.7.1', '2.7.1']","[2.0701, 2.0701]",22.799999999999997,2,32,lr:hqae,25,hifi,"['s3://human-pangenomics/working/HPRC_PLUS/HG06807/raw_data/PacBio_HiFi/m84081_230630_193909_s2.hifi_reads.bc1008.bam', 's3://human-pangenomics/working/HPRC_PLUS/HG06807/raw_data/PacBio_HiFi/m84081_230630_190803_s1.hifi_reads.bc1008.bam']",22.8,2,32
